time_s,in_anomaly_window,gps_velocity_error_n_mps,gps_velocity_error_e_mps,wind_true_n_mps,pigru_n_mps,ema_alpha0.1_n_mps,pirnn_akf_n_mps,wind_true_e_mps,pigru_e_mps,ema_alpha0.1_e_mps,pirnn_akf_e_mps,wind_true_d_mps,pigru_d_mps,ema_alpha0.1_d_mps,pirnn_akf_d_mps
0.0,False,0.0,0.0,-0.72159994,-0.7212062413758928,-0.7212062413758928,-0.715298779333581,-3.5901003,-3.002137932164114,-3.002137932164114,-3.0007021370499016,-0.49870002,0.0738573430978545,0.0738573430978545,0.07377611014707687
0.02,False,0.0,0.0,-1.3030001,-1.2272943452351481,-0.7718150517618184,-1.1796362814070622,-1.705,-1.5637247479456842,-2.858296613742271,-1.6995908442532823,-0.49870002,0.09469833010585414,0.07594144179865446,0.09689420713912028
0.04,False,0.0,0.0,-1.3089,-1.2340558283499379,-0.8180391294206304,-1.2187627944370032,-1.6857,-1.541812499652658,-2.7266482023333096,-1.57221075765596,-0.49870002,0.09557632548884178,0.07790493016767319,0.10063149251242166
0.06,False,0.0,0.0,-1.3149,-1.2373307896341317,-0.8599682954419805,-1.2289505035158128,-1.6664,-1.5171710749591414,-2.605700489595893,-1.5258835478437438,-0.49870002,0.09642931020205422,0.0797573681711113,0.10235653119923131
0.08,False,0.0,0.0,-1.3561001,-1.2720382936792858,-0.901175295265711,-1.262499165023399,-1.5326,-1.3369692915173497,-2.4788273697880387,-1.3565524504082873,-0.49870002,0.10368835792641477,0.08215046714664165,0.10949343285837401
0.1,False,0.0,0.0,-1.3793,-1.354451895759994,-0.9465029553151394,-1.339503880543706,-1.4574001,-1.2657877672040456,-2.3575234095296396,-1.2781643149703368,-0.49870002,0.10938134924262147,0.08487355535623964,0.11571718279275559
0.12,False,0.0,0.0,-1.3908,-1.397829356317119,-0.9916355954153373,-1.3851077025470113,-1.4202,-1.2444126895487782,-2.2462123375315537,-1.2498396214713494,-0.49870002,0.11199507548620505,0.08758570736923618,0.1191070278929029
0.14,False,0.0,0.0,-1.5095,-1.6082176640493324,-1.0532938022787368,-1.5782155828775153,-1.0353,-0.9479805861199461,-2.116389162390393,-0.9798517502390062,-0.49870002,0.13411865161538394,0.09223900179385097,0.13913035913046082
0.16,False,0.0,0.0,-1.5292001,-1.6361054102145365,-1.1115749630723168,-1.6213264337405846,-0.9713,-0.9245833557229196,-1.9972085817236456,-0.932031805510456,-0.49870002,0.13121011337972097,0.09613611295243797,0.13907760394941615
0.18,False,0.0,0.0,-1.5576,-1.7026910224530585,-1.170686569010391,-1.6878967736371338,-0.8794,-0.9000691116165357,-1.8874946347129344,-0.9004843817045849,-0.49870002,0.12919139932902873,0.09944164159009705,0.13795790082522005
0.2,False,0.0,0.0,-1.6091001,-1.7527633376370009,-1.228894245873052,-1.7412641772733846,-0.71250004,-0.7813167485244229,-1.7768768460940834,-0.788805973815181,-0.49870002,0.1081552671564368,0.10031300414673103,0.11984930282159909
0.22,False,0.0,0.0,-1.6391001,-1.7195079722995008,-1.277955618515697,-1.7183044975029858,-0.61500007,-0.7023894802070555,-1.6694281095053807,-0.7077254349736048,-0.49870002,0.09773272150262674,0.10005497588232061,0.10890236067189207
0.24,False,0.0,0.0,-1.6592001,-1.7315014020763346,-1.3233101968717609,-1.7284325797266078,-0.5497,-0.6736733494072195,-1.5698526334955647,-0.6729596972226595,-0.49870002,0.09507711636884977,0.09955718993097352,0.10477186762785826
0.26,False,0.0,0.0,-1.71,-1.9486815883967028,-1.3858473360242551,-1.9219835142237072,-0.38520002,-0.5689525006826386,-1.469762620214272,-0.574745126757366,-0.49870002,0.0980646676341295,0.09940793770128911,0.10704199762714145
0.28,False,0.0,0.0,-1.7214,-1.8942584933365156,-1.4366884517554812,-1.8925241822966248,-0.3481,-0.49111272865034883,-1.3718976310578797,-0.49564194844223186,-0.49870002,0.09790617852570804,0.09925776178373101,0.10729618277772679
0.3,False,0.0,0.0,-1.7241001,-1.8719983382234158,-1.4802194404022746,-1.8738799649020565,-0.33959997,-0.47075983707368185,-1.28178385165946,-0.46843574773909574,-0.49870002,0.09828225865708579,0.09916021147106649,0.1078167317252158
0.32,False,0.0,0.0,-1.7340001,-1.8114728989725049,-1.5133447862592977,-1.8196050481797894,-0.30740005,-0.37303234018089404,-1.1909087005116035,-0.37815845611049925,-0.49870002,0.09718173506434566,0.09896236383039442,0.10722652555133805
0.34,False,0.0,0.0,-1.7343,-1.818134338708073,-1.5438237415041753,-1.8206174750137831,-0.3062,-0.3750385023809959,-1.1093216806985426,-0.37083144850054484,-0.49870002,0.09697078909791776,0.09876320635714676,0.10701758928057542
0.36,False,0.0,0.0,-1.7346001,-1.8234279821422124,-1.571784165567979,-1.8242520787143084,-0.30529997,-0.3783035943476615,-1.0362198720634546,-0.3713447024906371,-0.49870002,0.0967993767076144,0.09856682339219354,0.10689684268351404
0.38,False,0.0,0.0,-1.735,-1.8341367502566888,-1.5980194240368502,-1.8340593692088394,-0.30409998,-0.39501910253867645,-0.9720997951109768,-0.3855395864720293,-0.49870002,0.09631636228194906,0.0983417772811691,0.10640505936428166
0.4,False,0.0,0.0,-1.7351,-1.863904486643702,-1.6246079302975354,-1.8618896145490762,-0.30380002,-0.44248158680410576,-0.9191379742802896,-0.4281867035563336,-0.49870002,0.09395618854371071,0.09790321840742325,0.10420042295382119
0.42,False,0.0,0.0,-1.7351,-1.7845174484026014,-1.640598882108042,-1.7967963722333578,-0.30380002,-0.41760374381155496,-0.8689845512334162,-0.4116176452952546,-0.49870002,0.08851320169361689,0.09696421673604261,0.09912090128403159
0.44,False,0.0,0.0,-1.7351,-1.7687087828348727,-1.653409872180725,-1.7775525814944069,-0.30380002,-0.42405969258492593,-0.8244920653685672,-0.41681247152701406,-0.49870002,0.08809233207715006,0.09607702827015337,0.09801952990216167
0.46,False,0.0,0.0,-1.7351,-1.7672093399137037,-1.6647898189540231,-1.7745789860794936,-0.30380002,-0.4389517212174444,-0.7859380309534549,-0.430605658020064,-0.49870002,0.08709263293486692,0.09517858873662471,0.09650807401384603
0.48,False,0.0,0.0,-1.7351,-1.775804213567627,-1.6758912584153836,-1.7810221860136406,-0.30380002,-0.4506875237221367,-0.7524129802303231,-0.4422372541745556,-0.49870002,0.08584032542649192,0.09424476240561144,0.09519417961952817
0.5,False,0.0,0.0,-1.7351,-1.7724147156983687,-1.6855436041436822,-1.778517451221878,-0.30380002,-0.4530554719272294,-0.7224772294000138,-0.4458066692680715,-0.49870002,0.08549124647503498,0.0933694108125538,0.09459216418495203
0.52,False,0.0,0.0,-1.7351,-1.7506357551487075,-1.6920528192441848,-1.75962127593672,-0.30380002,-0.44704186616085984,-0.6949336930760984,-0.4414295875190625,-0.49870002,0.08353258449175677,0.0923857281804741,0.09265518850978033
0.54,False,0.0,0.0,-1.7351,-1.755174946700911,-1.6983650319898573,-1.7614974047955623,-0.30380002,-0.43912199259561235,-0.6693525230280498,-0.43424499979869774,-0.49870002,0.08072054690958795,0.09121921005338549,0.08999132867762015
0.56,False,0.0,0.0,-1.7351,-1.7682143028327446,-1.705349959074146,-1.773041163080987,-0.30380002,-0.4372960493780814,-0.6461468756630531,-0.4322675077953083,-0.49870002,0.07812379713168732,0.08990966876121567,0.08730130601121686
0.58,False,0.0,0.0,-1.7351,-1.8026777372656126,-1.7150827368932928,-1.8048208728114101,-0.30380002,-0.3475009767663766,-0.6162822857733854,-0.35504660497396096,-0.49870002,0.07070669327996419,0.08798937121309053,0.08077741747280183
0.6,False,0.0,0.0,-1.7351,-1.8006403347247866,-1.7236384966764424,-1.8065627554664263,-0.30380002,-0.32687085382214365,-0.5873411425782612,-0.32982650848090517,-0.49870002,0.06951343356349167,0.08614177744813065,0.07882393844672282
0.62,False,0.0,0.0,-1.7351,-1.7976099462891926,-1.7310356416377175,-1.8048923353090647,-0.30380002,-0.3132515142594753,-0.5599321797463825,-0.31416448098463234,-0.49870002,0.06846658759479897,0.08437425846279749,0.07736323653461341
0.64,False,0.0,0.0,-1.7351,-1.7327971349376,-1.7312117909677058,-1.7481889569868292,-0.30380002,-0.28780103323589756,-0.5327190650953341,-0.28998275531716633,-0.49870002,0.06749105420786365,0.0826859380373041,0.07589450867273956
0.66,False,0.0,0.0,-1.7351,-1.7269452011367183,-1.730785131984607,-1.7383384294061028,-0.30380002,-0.2954420949730666,-0.5089913680831073,-0.2948442594204014,-0.49870002,0.06689443938369194,0.08110678817194289,0.07473987669233575
0.68,False,0.0,0.0,-1.7351,-1.7025122729143287,-1.7279578460775793,-1.7147489989762599,-0.30380002,-0.3300073706776947,-0.49109296834256605,-0.3255904411541888,-0.49870002,0.06595490356090045,0.07959159971083865,0.07372646327844631
0.7000000000000001,False,0.0,0.0,-1.7351,-1.6993567799310765,-1.725097739462929,-1.7091992706068808,-0.30380002,-0.3561869553230481,-0.47760236704061426,-0.3525337200615305,-0.49870002,0.067182967136792,0.07835073645343399,0.07486959205801025
0.72,False,0.0,0.0,-1.7351,-1.7111125815204435,-1.7236992236686806,-1.7184900397398706,-0.30380002,-0.3608238405305314,-0.46592451438960597,-0.3593558492429555,-0.49870002,0.0677541112488135,0.07729107393297194,0.07561818840553153
0.74,False,0.0,0.0,-1.7351,-1.7343287849828644,-1.724762179800099,-1.7398992429026627,-0.30380002,-0.36521607974748826,-0.45585367092539425,-0.3653687034779102,-0.49870002,0.06923932047147627,0.07648589858682238,0.07678697106663575
0.76,False,0.0,0.0,-1.7351,-1.769408180664058,-1.7292267798864949,-1.7728377938570166,-0.30380002,-0.3231554700617808,-0.4425838508390329,-0.3291841045460817,-0.49870002,0.07493825926361651,0.0763311346545018,0.08189608289095826
0.78,False,0.0,0.0,-1.7351,-1.7788279592838765,-1.7341868978262331,-1.7838542727368765,-0.30380002,-0.29713774316657227,-0.42803924007178684,-0.3040280721963349,-0.49870002,0.07796516970987208,0.07649453816003883,0.08476228000565017
0.8,False,0.0,0.0,-1.7351,-1.75849469601705,-1.7366176776453148,-1.766120492024557,-0.30380002,-0.2803866281298907,-0.4132739788775972,-0.28681293301497723,-0.49870002,0.08247262280515599,0.07709234662455056,0.08891523716772098
0.8200000000000001,False,0.0,0.0,-1.7351,-1.7231883407582462,-1.735274743956608,-1.7326578735534484,-0.30380002,-0.28245340563906457,-0.40019192155374395,-0.28760152323599175,-0.49870002,0.08533088712898428,0.07791620067499393,0.0917984995744403
0.84,False,0.0,0.0,-1.7351,-1.7106410490942334,-1.7328113744703706,-1.7186626732404413,-0.30380002,-0.28294920539869867,-0.38846764993823946,-0.28792164429814826,-0.49870002,0.08607091189483992,0.07873167179697853,0.09284680898962222
0.86,False,0.0,0.0,-1.7351,-1.5779997324558221,-1.7173302102689156,-1.595281678912826,-0.30380002,-0.25151431064410207,-0.3747723160088257,-0.2598013211399973,-0.49870002,0.09249145571695669,0.08010765018897634,0.09880367617842477
0.88,False,0.0,0.0,-1.7351,-1.5970557819577382,-1.705302767437798,-1.6038666239162165,-0.30380002,-0.2585295100182754,-0.3631480354097707,-0.2645087381055726,-0.49870002,0.09207513240160793,0.0813043984102395,0.09899610264849143
0.9,False,0.0,0.0,-1.7351,-1.6392153099877411,-1.6986940216927924,-1.641469891761373,-0.30380002,-0.27295028251323805,-0.35412826012011744,-0.27798457682030153,-0.49870002,0.09108764693336023,0.08228272326255157,0.09843585807977957
0.92,False,0.0,0.0,-1.7351,-1.6420893932242093,-1.693033558845934,-1.6462489134485319,-0.30380002,-0.2756746710480582,-0.34628290121291155,-0.2816126706986901,-0.49870002,0.09096759090753874,0.08315121002705028,0.09828271846000027
0.9400000000000001,False,0.0,0.0,-1.7351,-1.6468834236458179,-1.6884185453259224,-1.6510414271367493,-0.30380002,-0.28057730604232445,-0.33971234169585285,-0.2864402774830963,-0.49870002,0.09050242492329987,0.08388633151667524,0.09782213362505782
0.96,False,0.0,0.0,-1.7351,-1.6487006099756412,-1.6844467517908943,-1.6531617924017379,-0.30380002,-0.2792116951911591,-0.33366227704538354,-0.28524458621760934,-0.49870002,0.09039752323453859,0.08453745068846158,0.09776532613173283
0.98,False,0.0,0.0,-1.7351,-1.6707957035777519,-1.6830816469695802,-1.6730035270188544,-0.30380002,-0.2172297293749278,-0.32201902227833795,-0.22820042093024862,-0.49870002,0.0898788840895301,0.08507159402856844,0.09792809662019301
1.0,False,0.0,0.0,-1.7351,-1.6760938761387172,-1.682382869886494,-1.6788686970627038,-0.30380002,-0.20328390850607247,-0.31014551090111137,-0.21182722219455524,-0.49870002,0.08990403307269908,0.0855548379329815,0.09812755889946276
1.02,False,0.0,0.0,-1.7351,-1.6754114876969446,-1.681685731667539,-1.677925387346375,-0.30380002,-0.19946593426478776,-0.299077553237479,-0.2076859907583641,-0.49870002,0.0899370478784374,0.0859930589275271,0.09802355822389511
1.04,False,0.0,0.0,-1.7351,-1.6323276152054023,-1.6767499200213254,-1.6373802606691104,-0.30380002,-0.2267299472424591,-0.29184279263797697,-0.2326075941247865,-0.49870002,0.09038174348039334,0.08643192738281372,0.09857643252686601
1.06,False,0.0,0.0,-1.7351,-1.6069486027127087,-1.6697697882904636,-1.611507699012373,-0.30380002,-0.24048079041660364,-0.2867065924158396,-0.24665005848953114,-0.49870002,0.09063547038088728,0.08685228168262107,0.09887243726048023
1.08,False,0.0,0.0,-1.7351,-1.564802964004972,-1.6592731058619146,-1.5709723792510275,-0.30380002,-0.2565325981605856,-0.2836891929903142,-0.26212267180546034,-0.49870002,0.09098441101895041,0.08726549461625402,0.0993230479300651
1.1,False,0.0,0.0,-1.7351,-1.5598552452130705,-1.6493313197970303,-1.5638522445072793,-0.30380002,-0.25901257312554304,-0.2812215310038371,-0.265370431917339,-0.49870002,0.09110763622557776,0.08764970877718639,0.09954779244067499
1.12,False,0.0,0.0,-1.7351,-1.5524470027875388,-1.6396428880960812,-1.5550450339151627,-0.30380002,-0.2701900082279549,-0.28011837872624895,-0.27660142781203634,-0.49870002,0.09145578907865881,0.08803031680733364,0.10018445957184856
1.1400000000000001,False,0.0,0.0,-1.7351,-1.56753855660783,-1.6324324549472562,-1.568078601543605,-0.30380002,-0.28599377663972164,-0.2807059185175962,-0.2919420281205718,-0.49870002,0.09142979217424956,0.08837026434402523,0.10043444775087078
1.16,False,0.0,0.0,-1.7351,-1.6205406129645679,-1.6312432707489872,-1.6175755265661635,-0.30380002,-0.31143923737696516,-0.28377925040353313,-0.31634108904040936,-0.49870002,0.09072225902868611,0.08860546381249132,0.1003344874746657
1.18,False,0.0,0.0,-1.7351,-1.6781653981016318,-1.6359354834842517,-1.673765994078491,-0.30380002,-0.3200404288755482,-0.28740536825073465,-0.3255237588112263,-0.49870002,0.08968108992276516,0.0887130264235187,0.10002089742163235
1.2,False,0.0,0.0,-1.7351,-1.675867923033735,-1.6399287274392,-1.6733044768829655,-0.30380002,-0.3100111518514188,-0.2896659466108031,-0.3170472290377616,-0.49870002,0.08839694026568626,0.08868141780773547,0.09881450282978867
1.22,False,0.0,0.0,-1.7351,-1.6146157098981575,-1.6373974256850958,-1.617098663148848,-0.30380002,-0.312357624387193,-0.29193511438844205,-0.31805120556502464,-0.49870002,0.08771340750076063,0.088584616777038,0.09857346141996598
1.24,False,0.0,0.0,-1.7351,-1.6066803777573513,-1.6343257208923214,-1.6059393203962504,-0.30380002,-0.308770583317281,-0.29361866128132597,-0.31460401302057706,-0.49870002,0.08796807854050791,0.08852296295338499,0.09870991449836121
1.26,False,0.0,0.0,-1.7351,-1.6014817453392935,-1.6310413233370187,-1.600106868622659,-0.30380002,-0.30672040064348954,-0.2949288352175423,-0.3124353076418049,-0.49870002,0.0880946052277091,0.08848012718081741,0.09881482047021578
1.28,False,0.0,0.0,-1.7351,-1.5255705603189322,-1.62049424703521,-1.5291999499149878,-0.30380002,-0.2834921400689148,-0.2937851657026796,-0.2902352315326109,-0.49870002,0.08919880915944955,0.08855199537868062,0.0998853286784788
1.3,False,0.0,0.0,-1.7351,-1.5521019839706662,-1.6136550207287557,-1.5492281411735846,-0.30380002,-0.2804388298109397,-0.2924505321135056,-0.28576284791965134,-0.49870002,0.08989893351800579,0.08868668919261313,0.10073119980722225
1.32,False,0.0,0.0,-1.7351,-1.5649413539913197,-1.6087836540550122,-1.5610211499889113,-0.30380002,-0.2874697408219737,-0.29195245298435235,-0.2914335537844359,-0.49870002,0.09201397984066931,0.08901941825741874,0.10305497586495269
1.34,False,0.0,0.0,-1.7351,-1.5758415531996384,-1.605489443969475,-1.5717587925620564,-0.30380002,-0.29172475887912935,-0.2919296835738301,-0.29555367849673736,-0.49870002,0.09250159469008508,0.08936763590068537,0.10392242823878693
1.36,False,0.0,0.0,-1.7351,-1.6154560138952605,-1.6064861009620535,-1.6076917629606373,-0.30380002,-0.30713796760774914,-0.293450511977222,-0.30892522348279405,-0.49870002,0.09701204858465194,0.09013207716908203,0.10778634452239205
1.3800000000000001,False,0.0,0.0,-1.7351,-1.6117889308752045,-1.6070163839533687,-1.6070714186972512,-0.30380002,-0.3078763680560697,-0.2948930975851068,-0.3104352691055265,-0.49870002,0.09728798981891588,0.09084766843406543,0.10812107692640224
1.4000000000000001,False,0.0,0.0,-1.7351,-1.6100162306355381,-1.6073163686215857,-1.6058754188177966,-0.30380002,-0.3083209887855746,-0.2962358867051536,-0.3110620152208602,-0.49870002,0.09741724669223824,0.0915046262598827,0.10820609851218407
1.42,False,0.0,0.0,-1.7351,-1.5621846254632743,-1.6028031943057546,-1.5635147466438708,-0.30380002,-0.32434448769272767,-0.299046746803911,-0.3250205385749461,-0.49870002,0.09960547282747548,0.09231471091664198,0.10956324267367396
1.44,False,0.0,0.0,-1.7351,-1.5650271054592237,-1.5990255854211015,-1.562074817391263,-0.30380002,-0.3257338984198476,-0.3017154619655047,-0.32684104703183237,-0.49870002,0.09982432671185346,0.09306567249616313,0.10954955308185224
1.46,False,0.0,0.0,-1.7351,-1.5579935727930903,-1.5949223841583005,-1.5551678831522646,-0.30380002,-0.32324722973977793,-0.3038686387429321,-0.3248678168285428,-0.49870002,0.1005162965938011,0.09381073490592692,0.11010945014283806
1.48,False,0.0,0.0,-1.7351,-1.5590265156511893,-1.5913327973075895,-1.555866034826453,-0.30380002,-0.323666563101081,-0.305848431178747,-0.3253932650249399,-0.49870002,0.10080345925384057,0.0945100073407183,0.11046431169869592
1.5,False,0.0,0.0,-1.7351,-1.572345268584551,-1.5894340444352857,-1.5677999899792225,-0.30380002,-0.3357862780579408,-0.3088422158666664,-0.33618068055050176,-0.49870002,0.1026529979830336,0.09532430640494982,0.11232022172946379
1.52,False,0.0,0.0,-1.7351,-1.5756176130399122,-1.5880524012957484,-1.5711995512812982,-0.30380002,-0.33908790655292753,-0.31186678493529246,-0.3396138211534643,-0.49870002,0.10295207964944346,0.09608708372939918,0.1127407273431901
1.54,False,0.0,0.0,-1.7351,-1.5697820847428667,-1.5862253696404602,-1.5661224788934325,-0.30380002,-0.34640952933001734,-0.31532105937476496,-0.3461008770511387,-0.49870002,0.10414389609571975,0.09689276496603123,0.11383308091971021
1.56,False,0.0,0.0,-1.7351,-1.533907877627355,-1.5809936204391497,-1.534040930011059,-0.30380002,-0.34692131963130846,-0.31848108540041936,-0.34716962849107774,-0.49870002,0.10601979856049688,0.0978054683254778,0.11547300290730933
1.58,False,0.0,0.0,-1.7351,-1.5335681931154106,-1.576251077706776,-1.531082098840563,-0.30380002,-0.34877970877348075,-0.3215109477377255,-0.34897969565779774,-0.49870002,0.10622833306297196,0.09864775479922722,0.11572456047422724
1.6,False,0.0,0.0,-1.7351,-1.5368357065021574,-1.5723095405863141,-1.5344924454333573,-0.30380002,-0.3523454136264724,-0.3245943943266002,-0.35333935510905123,-0.49870002,0.10642598891634308,0.09942557821093881,0.11601563312069166
1.62,False,0.0,0.0,-1.7351,-1.554432873929812,-1.570521873920664,-1.5499693747650434,-0.30380002,-0.38076623073111293,-0.3302115779670515,-0.37850411330919287,-0.49870002,0.1073449010093933,0.10021751049078426,0.11657176906494089
1.6400000000000001,False,0.0,0.0,-1.7351,-1.542832371066943,-1.5677529236352918,-1.5400956228409775,-0.30380002,-0.38175480878175394,-0.33536590104852176,-0.3803722595248493,-0.49870002,0.10894456155861561,0.1010902155975674,0.11734570339696854
1.6600000000000001,False,0.0,0.0,-1.7351,-1.5067444898125102,-1.5616520802530138,-1.5071170364940536,-0.30380002,-0.34768128871721293,-0.3365974398153909,-0.3501625048220712,-0.49870002,0.11033679411251328,0.10201487344906199,0.11807332788109524
1.68,False,0.0,0.0,-1.7351,-1.51968551356859,-1.5574554235845715,-1.5156856310350824,-0.30380002,-0.33525412770651664,-0.3364631086045035,-0.33662705911533514,-0.49870002,0.11139573949635088,0.10295296005379088,0.1188201296604766
1.7,False,0.0,0.0,-1.7351,-1.4964956796890223,-1.5513594491950167,-1.4956535252248477,-0.30380002,-0.31132423563260603,-0.3339492213073138,-0.314035945529857,-0.49870002,0.11199820858525598,0.1038574849069374,0.11934498970776818
1.72,False,0.0,0.0,-1.7351,-1.5053853491756821,-1.5467620391930834,-1.5016656283014502,-0.30380002,-0.3002538070037248,-0.3305796798769549,-0.30148194381944493,-0.49870002,0.1126951036267482,0.10474124677891848,0.11960631332655826
1.74,False,0.0,0.0,-1.7351,-1.5062499091631194,-1.542710826190087,-1.5029335814722748,-0.30380002,-0.2994785911222868,-0.3274695710014881,-0.2995505287094294,-0.49870002,0.11281407118629672,0.10554852921965631,0.11963954125949047
1.76,False,0.0,0.0,-1.7351,-1.5136186978616342,-1.5398016133572419,-1.5095936499019715,-0.30380002,-0.30606864661856653,-0.32532947856319594,-0.30469155042955665,-0.49870002,0.11308580288248839,0.10630225658593952,0.11927224744002868
1.78,False,0.0,0.0,-1.7351,-1.51180543677506,-1.5370019956990237,-1.5080234055954762,-0.30380002,-0.30728792541991673,-0.323525323248868,-0.30518888343944683,-0.49870002,0.11306646306185915,0.10697867723353148,0.11882661419863993
1.8,False,0.0,0.0,-1.7351,-1.4939465864641297,-1.5326964547755344,-1.4926141964836601,-0.30380002,-0.3049046374510252,-0.32166325466908374,-0.3038683687115925,-0.49870002,0.11286729778840783,0.10756753928901912,0.11829542606820803
1.82,False,0.0,0.0,-1.7351,-1.4565001684564456,-1.5250768261436254,-1.457360308785478,-0.30380002,-0.256880299473361,-0.3151849591495115,-0.2599693134862987,-0.49870002,0.11264264676874174,0.10807505003699139,0.11785909680016948
1.84,False,0.0,0.0,-1.7351,-1.4629486385839328,-1.518864007387656,-1.460355326920285,-0.30380002,-0.2554048001324362,-0.30920694324780396,-0.255747151027129,-0.49870002,0.1128510068760681,0.10855264572089907,0.1181789583503351
1.86,False,0.0,0.0,-1.7351,-1.4860726491536302,-1.5155848715642537,-1.4805422903115129,-0.30380002,-0.26361710537665034,-0.30464795946068857,-0.2617411046153576,-0.49870002,0.11315383503136228,0.10901276465194538,0.11858563330558052
1.8800000000000001,False,0.0,0.0,-1.7351,-1.49212557553832,-1.5132389419616605,-1.4875500841077103,-0.30380002,-0.27298268195374664,-0.3014814317099944,-0.27011765992339304,-0.49870002,0.11324791219365199,0.10943627940611605,0.11876133158045818
1.9000000000000001,False,0.0,0.0,-1.7351,-1.4984578987245378,-1.511760837637948,-1.4945490569930846,-0.30380002,-0.28646912338095715,-0.29998020087709065,-0.2836956891346499,-0.49870002,0.11325331242963614,0.10981798270846807,0.11900895379178048
1.92,False,0.0,0.0,-1.7351,-1.5037468117373256,-1.5109594350478859,-1.499767352763383,-0.30380002,-0.3067916608189554,-0.3006613468712771,-0.3025224989855595,-0.49870002,0.11319333853935776,0.11015551829155704,0.11890934430123319
1.94,False,0.0,0.0,-1.7351,-1.4962025948597535,-1.5094837510290726,-1.4931372247022647,-0.30380002,-0.3071328543531495,-0.3013084976194643,-0.3035009905185633,-0.49870002,0.11290843700262566,0.1104308101626639,0.11845630923733827
1.96,False,0.0,0.0,-1.7351,-1.488081266577296,-1.507343502583895,-1.4854077768415768,-0.30380002,-0.30213948233180604,-0.30139159609069854,-0.29930129140886896,-0.49870002,0.11257365845336284,0.1106450949917338,0.11816165334802198
1.98,False,0.0,0.0,-1.7351,-1.483936109058948,-1.5050027632314003,-1.4810748397920284,-0.30380002,-0.29753285829472614,-0.30100572231110134,-0.2948498527241967,-0.49870002,0.11233002843061657,0.11081358833562208,0.11796556352434727
2.0,False,0.0,0.0,-1.7351,-1.4867001848371777,-1.503172505391978,-1.4830465711021859,-0.30380002,-0.2930033514338354,-0.30020548522337476,-0.29031022515909444,-0.49870002,0.11214253560487711,0.11094648306254759,0.11771903536908739
2.02,False,0.0,0.0,-1.7351,-1.5137091797508897,-1.5042261728278692,-1.5077497522672394,-0.30380002,-0.29335370234217606,-0.2995203069352549,-0.2912989609163609,-0.49870002,0.11136952610141221,0.11098878736643406,0.11678548195461005
2.04,False,0.0,0.0,-1.7351,-1.5512875463201024,-1.5089323101770926,-1.543104006666555,-0.30380002,-0.29656989300121606,-0.299225265541851,-0.2931418038577609,-0.49870002,0.10969393751261755,0.1108593023810524,0.1150476624360589
2.06,False,0.0,0.0,-1.7351,-1.5709342946073817,-1.5151325086201217,-1.5638602090605214,-0.30380002,-0.2921998267155685,-0.2985227216592228,-0.28901080492056275,-0.49870002,0.10847068784419293,0.11062044092736646,0.11386529474068868
2.08,False,0.0,0.0,-1.7351,-1.581489877587879,-1.5217682455168975,-1.5754662542628668,-0.30380002,-0.29289192896769595,-0.2979596423900701,-0.2891721901505497,-0.49870002,0.10817811893454347,0.11037620872808417,0.11356164816661476
2.1,False,0.0,0.0,-1.7351,-1.5907166147576501,-1.5286630824409728,-1.5849547903102577,-0.30380002,-0.294621696514621,-0.2976258478025252,-0.28987441377716705,-0.49870002,0.10774193862674518,0.11011278171795026,0.11317069917593636
2.12,False,0.0,0.0,-1.7351,-1.6030944164311107,-1.5361062158399865,-1.5971424801417973,-0.30380002,-0.2944031746066855,-0.29730358048294125,-0.29042537933574164,-0.49870002,0.10614242240454248,0.10971574578660949,0.11206498609480435
2.14,False,0.0,0.0,-1.7351,-1.6024199791230993,-1.542737592168298,-1.5977984280449822,-0.30380002,-0.28941798379270145,-0.2965150208139173,-0.28492724487479026,-0.49870002,0.10510534857780329,0.10925470606572887,0.1111434447509018
2.16,False,0.0,0.0,-1.7351,-1.6036703200688425,-1.5488308649583524,-1.599278284050997,-0.30380002,-0.27781512590759966,-0.2946450313232855,-0.2754101561778522,-0.49870002,0.10365896933704442,0.10869513239286044,0.11047606906465923
2.18,False,0.0,0.0,-1.7351,-1.6081384546535102,-1.554761623927868,-1.6033773983120505,-0.30380002,-0.28396172277769255,-0.2935767004687262,-0.28018494342357575,-0.49870002,0.1032808325456371,0.1081537024081381,0.11027490009838248
2.2,False,0.0,0.0,-1.7351,-1.5961552908974819,-1.5589009906248297,-1.5931914881697635,-0.30380002,-0.2897991536810382,-0.2931989457899574,-0.28499866957862174,-0.49870002,0.10190265383527503,0.1075285975508518,0.10903360455652733
2.22,False,0.0,0.0,-1.7351,-1.5956553759431626,-1.562576429156663,-1.5920711288014298,-0.30380002,-0.29713304826916714,-0.29359235603787837,-0.29147149683761553,-0.49870002,0.10091242615365452,0.10686698041113207,0.10791464093692879
2.24,False,0.0,0.0,-1.7351,-1.5808323490200176,-1.5644020211429985,-1.5789034045566852,-0.30380002,-0.3051649950784122,-0.2947496199419318,-0.29884145403702855,-0.49870002,0.09971105405595414,0.10615138777561428,0.10652962800821655
2.2600000000000002,False,0.0,0.0,-1.7351,-1.5731977509004527,-1.565281594118744,-1.5712368752493073,-0.30380002,-0.2990923079793505,-0.29518388874567364,-0.2935636621021348,-0.49870002,0.09777165972979535,0.10531341497103239,0.10455383549992284
2.2800000000000002,False,0.0,0.0,-1.7351,-1.571697603448444,-1.565923195051714,-1.5693539907247351,-0.30380002,-0.298789928695981,-0.2955444927407044,-0.2928518777773895,-0.49870002,0.09578653779291993,0.10436072725322115,0.10331108659909469
2.3000000000000003,False,0.0,0.0,-1.7340001,-1.516606210563276,-1.5609914966028704,-1.5206429858850128,-0.3073,-0.32420043336541604,-0.29841008680317554,-0.3150777645990208,-0.49870002,0.09423108942070822,0.10334776346996986,0.1012204807966934
2.32,False,0.0,0.0,-1.7304001,-1.5508520456139743,-1.5599775515039809,-1.5471862854265077,-0.31919998,-0.30427026849174094,-0.2989961049720321,-0.2991921611518719,-0.49870002,0.0946268942447675,0.10247567654744963,0.10100719697735382
2.34,False,0.0,0.0,-1.7186,-1.5959688921667794,-1.5635766855702606,-1.589074463429046,-0.35730004,-0.35148420209949505,-0.30424491468477843,-0.34007919720633273,-0.49870002,0.09468545493297878,0.10169665438600255,0.10066033547024997
2.36,False,0.0,0.0,-1.6930001,-1.6347516038826364,-1.5706941774014982,-1.6270579370611105,-0.4404,-0.4271647861667556,-0.31653690183297617,-0.41171371387793276,-0.49870002,0.09498676765456696,0.101025665712859,0.10135433513672958
2.38,False,0.0,0.0,-1.6905,-1.6321612452799967,-1.5768408841893482,-1.6285892438679415,-0.4483,-0.43483615555846067,-0.3283668272055246,-0.42544264934115406,-0.49870002,0.09503066110940922,0.10042616525251402,0.10164050323181015
2.4,False,0.0,0.0,-1.6773001,-1.6363060002092935,-1.5827873957913428,-1.633671854816664,-0.49100006,-0.4709321537536897,-0.34262335986034115,-0.45898619323454365,-0.49870002,0.09517594429553533,0.09990114315681616,0.10188405591036478
2.42,False,0.0,0.0,-1.6562,-1.655037462288685,-1.5900124024410769,-1.651024391589217,-0.55950004,-0.5159913618731561,-0.3599601600616226,-0.5021549823176387,-0.49870002,0.0953459915927781,0.09944562800041234,0.1021100505445531
2.44,False,0.0,0.0,-1.653,-1.6588691035834162,-1.5968980725553108,-1.656079801277544,-0.5701,-0.5209636765823756,-0.3760605117136979,-0.5110291168683171,-0.49870002,0.09536170519703935,0.09903723572007506,0.1021821972141426
2.46,False,0.0,0.0,-1.6497,-1.6613600226904113,-1.6033442675688208,-1.6591294890047554,-0.5808,-0.5261775228452289,-0.391072212826851,-0.5172241178140696,-0.49870002,0.09539062472359593,0.09867257462042715,0.10218851219683693
2.48,False,0.0,0.0,-1.6322,-1.645810523824388,-1.6075908931943776,-1.6446069413521034,-0.6376,-0.5674715162140523,-0.4087121431655712,-0.5562405393397758,-0.49870002,0.09562083233351744,0.09836740039173618,0.10235161041865125
2.5,False,0.0,0.0,-1.6285001,-1.634144097004386,-1.6102462135753786,-1.6330010177134922,-0.6495,-0.5797815372102842,-0.42581908257004253,-0.57093449855951,-0.49870002,0.09565461688336041,0.0980961220408986,0.10227724821340997
2.52,False,0.0,0.0,-1.621,-1.6116707709886793,-1.6103886693167087,-1.6121769191841335,-0.67380005,-0.6064881124683295,-0.44388598555987124,-0.5963026697966163,-0.49870002,0.09568235773925675,0.09785474561073443,0.10212033478919091
2.54,False,0.0,0.0,-1.6053001,-1.5697008624017885,-1.6063198886252166,-1.573270227382764,-0.7247,-0.6632570919781628,-0.4658230962017004,-0.6491544020812237,-0.49870002,0.09568894867315278,0.09763816591697627,0.10187039043962068
2.56,False,0.0,0.0,-1.593,-1.5577213219472208,-1.601460031957417,-1.5595746317336199,-0.76469994,-0.7037146498627509,-0.4896122515678055,-0.6897483184544259,-0.49870002,0.09562813888888576,0.09743716321416722,0.10154356819064009
2.58,False,0.0,0.0,-1.5578,-1.5496502166488997,-1.5962790504265654,-1.5503231188265403,-0.8785001,-0.824338557106597,-0.5230848821216847,-0.8018557717955906,-0.49870002,0.09541055989318109,0.0972345028820686,0.10090200141925992
2.6,False,0.0,0.0,-1.5247,-1.4754664405999456,-1.5841977894439034,-1.4829550439986985,-0.9861001,-0.9440900501474793,-0.5651853989242642,-0.9197451193876125,-0.49870002,0.09522370451177829,0.09703342304503958,0.09974979953983343
2.62,False,0.0,0.0,-1.4842,-1.4325020364093448,-1.5690282141404475,-1.43911575359032,-1.1172,-1.0780153919702942,-0.6164683982288672,-1.051176185991932,-0.49870002,0.09487822772218606,0.09681790351275422,0.09835219762000796
2.64,False,0.0,0.0,-1.4685,-1.4309776329670016,-1.555223156023103,-1.4340288839335007,-1.1684,-1.124243304154707,-0.6672458888214513,-1.105538492895311,-0.49870002,0.09475128008117764,0.09661124116959657,0.09734915514946496
2.66,False,0.0,0.0,-1.4025,-1.4169192232993353,-1.5413927627507262,-1.4198467683931577,-1.3822,-1.3061790387153693,-0.7311392038108431,-1.275580613244331,-0.49870002,0.09442655631428176,0.0963927726840651,0.09606317047771543
2.68,False,0.0,0.0,-1.3911,-1.3969328911473746,-1.5269467755903912,-1.4000304612859316,-1.4191002,-1.3467499249155384,-0.7927002759213126,-1.3285790037380487,-0.49870002,0.09433154703999033,0.09618665011965763,0.09554702170780345
2.7,False,0.0,0.0,-1.3330001,-1.2996854928864017,-1.5042206473199924,-1.312538113523841,-1.6076002,-1.5550283104591496,-0.8689330793750965,-1.521316627186116,-0.49870002,0.09375078714028659,0.09594306382172053,0.0949401491033714
2.72,False,0.0,0.0,-1.2734001,-1.2251157345846162,-1.4763101560464549,-1.2384513698461284,-1.8009001,-1.7706113055872734,-0.9591009019963141,-1.7316746082494185,-0.49870002,0.09315368821923656,0.09566412626147214,0.09409589133038776
2.74,False,0.0,0.0,-1.2493,-1.198928121982601,-1.4485719526400695,-1.2087521102509928,-1.8790001,-1.859696100650956,-1.0491604218617785,-1.832692932782452,-0.49870002,0.09292049183728374,0.0953897628190533,0.0937667292629949
2.7600000000000002,False,0.0,0.0,-1.2131001,-1.1795938834463104,-1.4216741457206936,-1.1872687543523992,-1.9963001,-1.987106877209035,-1.142955067396504,-1.9593019814663375,-0.49870002,0.09271055615999318,0.0951218421531473,0.09390431161269079
2.7800000000000002,False,0.0,0.0,-1.2071,-1.1738967451356128,-1.3968964056621855,-1.1795931279776268,-2.0158,-2.0070859433903356,-1.2293681549958875,-1.9911262476520575,-0.49870002,0.09268353092556914,0.09487801103038948,0.09400037383228221
2.8000000000000003,False,0.0,0.0,-1.1891,-1.1524308982205171,-1.3724498549180189,-1.159128206334916,-2.0744,-2.069794339990711,-1.31341077349537,-2.052381213166486,-0.49870002,0.09259024756188734,0.09464923468353928,0.094076707415784
2.82,False,0.0,0.0,-1.1591,-1.1188286017681512,-1.3470877296030321,-1.1280036219228982,-2.1715999,-2.1618200931635747,-1.3982517054621906,-2.1409064565501037,-0.49870002,0.09248283217753434,0.09443259443293879,0.09416418252419981
2.84,False,0.0,0.0,-1.1353,-1.1091410007820266,-1.3232930567209316,-1.1166178807217952,-2.2487998,-2.2402503531338573,-1.4824515702293573,-2.2199627830602457,-0.49870002,0.09244774868451476,0.09423410985809638,0.09453154610168309
2.86,False,0.0,0.0,-1.1293,-1.1056178433477721,-1.3015255353836157,-1.1114734048211283,-2.2680001,-2.2590924174287292,-1.5601156549492945,-2.2456631341068327,-0.49870002,0.0924477967935213,0.09405547855163887,0.09481709481374084
2.88,False,0.0,0.0,-1.071,-1.016542851855127,-1.2730272670307667,-1.0318127232874534,-2.4571,-2.4261757278379537,-1.6467216622381604,-2.398632245056156,-0.49870002,0.09222940595833128,0.09387287129230812,0.09629893835291121
2.9,False,0.0,0.0,-1.0371001,-0.9470093819365054,-1.2404254785213407,-0.9638098931255179,-2.5672002,-2.4896499970090895,-1.7310144957152533,-2.470524651606753,-0.49870002,0.09250596058242862,0.09373618022132016,0.09715732742642225
2.92,False,0.0,0.0,-1.026,-0.92892483013875,-1.2092754136830817,-0.9401294910575786,-2.6032,-2.5076791467908843,-1.8086809608228165,-2.4960476743207343,-0.49870002,0.09258719263997203,0.09362128146318534,0.09753521853549509
2.94,False,0.0,0.0,-0.98800004,-0.8903843763844485,-1.1773863099532182,-0.9040019793809417,-2.7262998,-2.5802470138785485,-1.8858375661283897,-2.565830191323884,-0.49870002,0.09184674692030916,0.09344382800889772,0.09690409618309895
2.96,False,0.0,0.0,-0.9467,-0.9059020707154274,-1.150237886029439,-0.9131690213778298,-2.8603,-2.700467810723412,-1.967300590587892,-2.6801626218056454,-0.49870002,0.09041373596974268,0.09314081880498222,0.09612488064191521
2.98,False,0.0,0.0,-0.9318,-0.8886069457234305,-1.1240747919988383,-0.8990756741064756,-2.9085002,-2.7373578043896996,-2.0443063119680724,-2.72553778204594,-0.49870002,0.08997986489425834,0.09282472341390983,0.09552080474917687
3.0,False,0.0,0.0,-0.91260004,-0.879838606512074,-1.099651173450162,-0.8894216234102029,-2.9708,-2.782679275985995,-2.1181436083698646,-2.772223500605864,-0.49870002,0.08938695747040314,0.09248094681955916,0.09524833386060721
3.02,False,0.0,0.0,-0.9079,-0.8770456449694212,-1.077390620602088,-0.8857267789006881,-2.986,-2.788826709570477,-2.1852119184899257,-2.7833575372435417,-0.49870002,0.0892782311156219,0.09216067524916544,0.09512289003436009
3.04,False,0.0,0.0,-0.89409995,-0.8677518767226262,-1.056426746214142,-0.8773355089230277,-3.0307999,-2.816201401268164,-2.2483108667677496,-2.810235738771274,-0.49870002,0.0888522258627069,0.09182983031051958,0.09459252545666855
3.06,False,0.0,0.0,-0.8807,-0.8600978033577098,-1.0367938519284987,-0.8698927094767056,-3.0742002,-2.851093878783036,-2.308589167969278,-2.844503246055686,-0.49870002,0.0882582901088369,0.09147267629035132,0.09396795488701538
3.08,False,0.0,0.0,-0.8678,-0.8603405142319479,-1.0191485181588438,-0.8694887351313797,-3.1162,-2.9033929905742637,-2.3680695502297766,-2.894832265770994,-0.49870002,0.08745956032775035,0.09107136469409122,0.0932077738486144
3.1,False,0.0,0.0,-0.8636,-0.8580962815660714,-1.0030432944995666,-0.8673628944724809,-3.1297998,-2.92038275514835,-2.423300870721634,-2.915371406587709,-0.49870002,0.08719824423147468,0.09068405264782955,0.0929122127609533
3.12,False,0.0,0.0,-0.84720004,-0.838081617209633,-0.9865471267705733,-0.8494271937013833,-3.1827998,-2.9892421181272946,-2.4798949954622005,-2.979186546110705,-0.49870002,0.08618585633871652,0.09023423301691826,0.09215982102798792
3.14,False,0.0,0.0,-0.8433,-0.8335010093087882,-0.9712425150243948,-0.8437232491247579,-3.1956,-3.004482963691774,-2.532353792285158,-2.9992733832093337,-0.49870002,0.08592555053157819,0.08980336476838424,0.09191441130409281
3.16,False,0.0,0.0,-0.83940005,-0.8302325397730448,-0.9571415174992599,-0.8400071590670517,-3.2082,-3.0184527471310485,-2.580963687769747,-3.0148895651596526,-0.49870002,0.08566596635953798,0.08938962492749962,0.09173441836615157
3.18,False,0.0,0.0,-0.8356,-0.8235745723680431,-0.9437848229861383,-0.833366370281635,-3.2206001,-3.0312667490942737,-2.6259939939021995,-3.0280682613350214,-0.49870002,0.08541972642318689,0.08899263507706835,0.09166721725892528
3.2,False,0.0,0.0,-0.8069,-0.7700560445822556,-0.9264119451457501,-0.7854062604982445,-3.3136,-3.141945097237026,-2.6775891042356825,-3.127247138527885,-0.49870002,0.08256938204456031,0.08835030977381754,0.08932885502842167
3.22,False,0.0,0.0,-0.8003,-0.7571745033584897,-0.9094882009670241,-0.7696648592987925,-3.3349,-3.163023234252453,-2.7261325172373594,-3.1559986926364756,-0.49870002,0.08178488050215808,0.08769376684665159,0.08838330268478001
3.24,False,0.0,0.0,-0.79709995,-0.7534404395850414,-0.8938834248288259,-0.7640617419967589,-3.3453007,-3.174348628349325,-2.770954128348556,-3.1709120462801934,-0.49870002,0.08133160946978632,0.08705755110896507,0.08782386527394953
3.2600000000000002,False,0.0,0.0,-0.77919996,-0.7459405075031005,-0.8790891330962534,-0.7563893903265588,-3.4032998,-3.2412947044253504,-2.817988185956235,-3.2324704012028906,-0.49870002,0.07828657996894249,0.08618045399496281,0.08518175495333395
3.2800000000000002,False,0.0,0.0,-0.75670004,-0.7464854117838905,-0.865828760965017,-0.7557461456159751,-3.4762998,-3.3212611720138954,-2.868315484562001,-3.309645121454925,-0.49870002,0.07342440714118477,0.08490484930958501,0.08097164892863615
3.3000000000000003,False,0.0,0.0,-0.75450003,-0.7488584729461488,-0.8541317321631302,-0.7575030272044485,-3.4833002,-3.3261568808723854,-2.9140996241930397,-3.32336670874477,-0.49870002,0.07286402140575086,0.08370076651920161,0.07997410958201684
3.3200000000000003,False,0.0,0.0,-0.73510003,-0.7392600957584948,-0.8426445685226667,-0.7491490470012598,-3.5462003,-3.43463783109301,-2.9661534448830364,-3.42141776242575,-0.49870002,0.0661088012660102,0.08194156999388247,0.07402113510142379
3.34,False,0.0,0.0,-0.7255,-0.6995859009124018,-0.8283387017616402,-0.7139752029707117,-3.5774002,-3.5178496348918125,-3.021323063883914,-3.5052326964633753,-0.49870002,0.060158643255341926,0.07976327732002841,0.06807260963750397
3.36,False,0.0,0.0,-0.7227,-0.6680445584603567,-0.8123092874315119,-0.6830842286571517,-3.5865998,-3.565690732418279,-3.0757598307373506,-3.5575526333576493,-0.49870002,0.05618937358897354,0.07740588694692294,0.06386953008413249
3.38,False,0.0,0.0,-0.72179997,-0.649610609689797,-0.7960394196573404,-0.6630442711156337,-3.5893998,-3.579181543353965,-3.1261020019990124,-3.577826843939369,-0.49870002,0.05360836748346324,0.07502613500057696,0.06076268418321441
3.4,False,0.0,0.0,-0.72169995,-0.6450278881964334,-0.7809382665112496,-0.6559541192988594,-3.5899,-3.5826340128596414,-3.171755203085075,-3.585266490757551,-0.49870002,0.05270759849950456,0.07279428135046973,0.05927649021505825
3.42,False,0.0,0.0,-0.72159994,-0.6406181290241888,-0.7669062527625435,-0.6506651706312521,-3.5901003,-3.5827716058925043,-3.212856843365818,-3.58718147652922,-0.49870002,0.050882577322769684,0.07060311094769973,0.05732045636587922
3.44,False,0.0,0.0,-0.72159994,-0.6411440612959413,-0.7543300336158834,-0.6500830183483306,-3.5901003,-3.579643781569773,-3.2495355371862136,-3.5853783633047835,-0.49870002,0.049961109438747014,0.06853891079680446,0.0560804009998101
3.46,False,0.0,0.0,-0.72159994,-0.6441470233524228,-0.7433117325895373,-0.6524158485806588,-3.5901003,-3.5744892490602753,-3.2820309083736197,-3.580605159200011,-0.49870002,0.04899988547444454,0.06658500826456848,0.054999638412851756
3.48,False,0.0,0.0,-0.72159994,-0.6543168253746141,-0.7344122418680451,-0.6609182641838067,-3.5901003,-3.563224098399413,-3.310150227376199,-3.571278541901891,-0.49870002,0.046915183907656366,0.06461802582887727,0.05289366983149102
3.5,False,0.0,0.0,-0.72159994,-0.8023400631864893,-0.7412050239998895,-0.7874709827915384,-3.5901003,-3.48834039181944,-3.3279692438205233,-3.5073239508257665,-0.49870002,0.03415325963368503,0.06157154920935805,0.04190484538281299
3.52,False,0.0,0.0,-0.72159994,-0.8015082135594613,-0.7472353429558467,-0.7999053901297999,-3.5901003,-3.4809285898248654,-3.3432651784209577,-3.494072872855044,-0.49870002,0.03200229993763913,0.058614624282186154,0.03862293826495473
3.54,False,0.0,0.0,-0.72159994,-0.792797494906057,-0.7517915581508677,-0.7968610558047722,-3.5901003,-3.4755338273174505,-3.356492043310607,-3.486260360770755,-0.49870002,0.03154884248286703,0.05590804610225424,0.037318638749852855
3.56,False,0.0,0.0,-0.72159994,-0.7312656836744259,-0.7497389707032236,-0.7433034892461952,-3.5901003,-3.471111884739683,-3.3679540274535147,-3.481675931940041,-0.49870002,0.030402218434609593,0.053357463335489776,0.03577056102776452
3.58,False,0.0,0.0,-0.72159994,-0.7080002133768653,-0.7455650949705878,-0.7178216234622237,-3.5901003,-3.4798159456239843,-3.3791402192705617,-3.4886272683800037,-0.49870002,0.030507264450390495,0.05107244344697985,0.03560582466133943
3.6,False,0.0,0.0,-0.72159994,-0.6963479778209177,-0.7406433832556208,-0.7040384681473821,-3.5901003,-3.4825718968849237,-3.389483387031998,-3.49149264360839,-0.49870002,0.030657472796061177,0.049030946381887985,0.03566225203002446
3.62,False,0.0,0.0,-0.72159994,-0.6850413146417882,-0.7350831763942376,-0.6919480468915492,-3.5901003,-3.4843542844700925,-3.3989704767758075,-3.4934759137553644,-0.49870002,0.030867865508913864,0.04721463829459058,0.035798842145319254
3.64,False,0.0,0.0,-0.72159994,-0.674600972777195,-0.7290349560325333,-0.6810924856755725,-3.5901003,-3.4851114180239007,-3.407584570900617,-3.494475511705786,-0.49870002,0.03114380674317781,0.0456075551394493,0.036045531208428065
3.66,False,0.0,0.0,-0.72159994,-0.6524037222033441,-0.7213718326496145,-0.659870882440889,-3.5901003,-3.495975689524151,-3.4164236827629706,-3.5043906854082696,-0.49870002,0.03161914176867415,0.04420871380237179,0.036553637879328034
3.68,False,0.0,0.0,-0.72159994,-0.6466645133367966,-0.7139011007183327,-0.6523477440712613,-3.5901003,-3.499923493948134,-3.424773663881487,-3.5083548226501904,-0.49870002,0.03738422443118159,0.043526264865252774,0.042019224378501696
3.7,False,0.0,0.0,-0.72159994,-0.7433642395172524,-0.7168474145982247,-0.7348385941702508,-3.5901003,-3.5088677848303527,-3.4331830759763737,-3.5172383741621465,-0.49870002,0.04635041423900148,0.04380867980262765,0.0505637093812398
3.72,False,0.0,0.0,-0.72159994,-0.7549958423843263,-0.7206622573768349,-0.7514407299353072,-3.5901003,-3.51459091125133,-3.4413238595038695,-3.523224330142275,-0.49870002,0.04772320474063102,0.04420013229642799,0.0528974532560812
3.74,False,0.0,0.0,-0.72159994,-0.7855583902056579,-0.7271518706597171,-0.7805702529565283,-3.5901003,-3.5236594077361874,-3.4495574143271015,-3.531762258379942,-0.49870002,0.05306344278000625,0.04508646334478582,0.05809471300848664
3.7600000000000002,False,0.0,0.0,-0.72159994,-0.7717750495072192,-0.7316141885444674,-0.7705229753165126,-3.5901003,-3.4930966482797583,-3.453911337722367,-3.5046000094230525,-0.49870002,0.06043491824583874,0.046621308834891115,0.0652730199123729
3.7800000000000002,False,0.0,0.0,-0.72159994,-0.7742223883494226,-0.7358750085249629,-0.7719572560625276,-3.5901003,-3.48533119500342,-3.457053323450473,-3.4954589917848535,-0.49870002,0.06129192908153605,0.04808837085955561,0.06693568469415383
3.8000000000000003,False,0.0,0.0,-0.72159994,-0.7741689949765082,-0.7397044071701174,-0.771660053712137,-3.5901003,-3.474282102591459,-3.4587762013645715,-3.4843296359334497,-0.49870002,0.06268371963393614,0.04954790573699367,0.0685791030192604
3.8200000000000003,False,0.0,0.0,-0.72159994,-0.734283742820327,-0.7391623407351384,-0.7346513174930001,-3.5901003,-3.4467344899200385,-3.4575720302201183,-3.4583111218584026,-0.49870002,0.0654592124120117,0.05113903640449548,0.07117449572143623
3.84,False,0.0,0.0,-0.72159994,-0.7046740729595384,-0.7357135139575784,-0.7047395620156126,-3.5901003,-3.4135292004865163,-3.453167747246758,-3.4258247099924923,-0.49870002,0.06869603147424165,0.0528947359114701,0.07451939646821407
3.86,False,0.0,0.0,-0.72159994,-0.6964273381876341,-0.731784896380584,-0.6945610912866769,-3.5901003,-3.3971277390961845,-3.4475637464317006,-3.407972216914113,-0.49870002,0.06989540404135769,0.05459480272445886,0.07611965852258303
3.88,False,0.0,0.0,-0.72159994,-0.6613728023803517,-0.7247436869805608,-0.6612764261318462,-3.5901003,-3.3567352589974098,-3.4384808976882715,-3.3690806735228236,-0.49870002,0.07314966261845851,0.05645028871385882,0.07956219009832592
3.9,False,0.0,0.0,-0.72159994,-0.6778305421458668,-0.7200523724970914,-0.6734438842011806,-3.5901003,-3.356392392034438,-3.4302720471228882,-3.3651788643750375,-0.49870002,0.07329201115518566,0.058134460957991504,0.08034576253659806
3.92,False,0.0,0.0,-0.72159994,-0.7338141730157416,-0.7214285525489565,-0.7251379786592431,-3.5901003,-3.340035555411521,-3.421248397951752,-3.349020414434512,-0.49870002,0.07300231375186408,0.059621246237378765,0.08043487327737414
3.94,False,0.0,0.0,-0.72159994,-0.7427601043223057,-0.7235617077262915,-0.7366440899070923,-3.5901003,-3.3346887645290773,-3.4125924346094845,-3.3427749762132404,-0.49870002,0.07301591055983755,0.06096071266962465,0.0804609950068151
3.96,False,0.0,0.0,-0.72159994,-0.7531244071798547,-0.7265179776716478,-0.7465588456846424,-3.5901003,-3.3224775687990165,-3.403580948028438,-3.3307396770000404,-0.49870002,0.07312079420772138,0.062176720823434325,0.08029179914857854
3.98,False,0.0,0.0,-0.72159994,-0.7504808061751946,-0.7289142605220025,-0.7447366405602232,-3.5901003,-3.3000075109133027,-3.3932236043169244,-3.308976378225341,-0.49870002,0.07339396316048344,0.06329844505713923,0.08042506966200473
4.0,False,0.0,0.0,-0.72159994,-0.7450408216209465,-0.730526916631897,-0.739948206151406,-3.5901003,-3.298141823762293,-3.3837154262614613,-3.3056060839626467,-0.49870002,0.07319186925125896,0.0642877874765512,0.08038649173607348
4.0200000000000005,False,0.0,0.0,-0.72159994,-0.7387687358215135,-0.7313510985508586,-0.7342188351008946,-3.5901003,-3.2984010192863615,-3.375183985563951,-3.305388759904545,-0.49870002,0.07300820409835236,0.06515982913873132,0.08046598684670875
4.04,False,0.0,0.0,-0.72159994,-0.6998479360610972,-0.7282007823018825,-0.6969497937334783,-3.5901003,-3.3475756536124135,-3.372423152368797,-3.349765347353828,-0.49870002,0.07259158611533856,0.06590300483639204,0.080294796442796
4.0600000000000005,False,0.0,0.0,-0.72159994,-0.6772061768510975,-0.723101321756804,-0.6733149573222901,-3.5901003,-3.3964431207894257,-3.37482514921086,-3.3970618171635096,-0.49870002,0.07199439698990126,0.06651214405174297,0.07987610375471932
4.08,False,0.0,0.0,-0.72159994,-0.6540312890900554,-0.7161943184901292,-0.6503309638089008,-3.5901003,-3.4302694382361403,-3.3803695781133882,-3.431377835806824,-0.49870002,0.07130700648401368,0.06699163029497004,0.07918247145556322
4.1,False,0.0,0.0,-0.72159994,-0.6619753775427251,-0.7107724243953888,-0.655616146834977,-3.5901003,-3.474996098870099,-3.389832230189059,-3.474156440679484,-0.49870002,0.06947516284878881,0.06723998355035192,0.07689638079834768
4.12,False,0.0,0.0,-0.72159994,-0.6565699653232483,-0.7053521784881748,-0.6506546661811516,-3.5901003,-3.4884214601469106,-3.399691153184844,-3.489071771550609,-0.49870002,0.0689419166066695,0.06741017685598368,0.07611512717278263
4.14,False,0.0,0.0,-0.72159994,-0.6631070553656292,-0.7011276661759203,-0.6567290599434675,-3.5901003,-3.5148657254439946,-3.411208610410759,-3.514676621272173,-0.49870002,0.06786917596520643,0.06745607676690596,0.07502814237274676
4.16,False,0.0,0.0,-0.72159994,-0.6676159017680988,-0.6977764897351382,-0.6613997287749591,-3.5901003,-3.519500379413107,-3.4220377873109937,-3.5207238694671585,-0.49870002,0.06758597027095489,0.06746906611731085,0.0746479043667472
4.18,False,0.0,0.0,-0.72159994,-0.6784996954725813,-0.6958488103088825,-0.6716186408871697,-3.5901003,-3.5239866560305644,-3.432232674182951,-3.5251010318671168,-0.49870002,0.06706847371485174,0.06742900687706493,0.07406825526851832
4.2,False,0.0,0.0,-0.72159994,-0.6845168920789776,-0.694715618485892,-0.6779310749926621,-3.5901003,-3.5245954122327174,-3.4414689479879277,-3.5260277420656303,-0.49870002,0.06682720103342595,0.06736882629270104,0.07375712694047963
4.22,False,0.0,0.0,-0.72159994,-0.7047384872077294,-0.6957179053580758,-0.6966834085674076,-3.5901003,-3.493536202238796,-3.4466756734130146,-3.4966571817791463,-0.49870002,0.06603215159133974,0.06723515882256491,0.07290288029639568
4.24,False,0.0,0.0,-0.72159994,-0.6978841066693767,-0.6959345254892059,-0.6917721626763809,-3.5901003,-3.4204174052100873,-3.444049846592722,-3.4271836991245213,-0.49870002,0.06731233826900489,0.06724287676720891,0.07507442491801329
4.26,False,0.0,0.0,-0.72159994,-0.6866126197085952,-0.6950023349111448,-0.6813377816545945,-3.5901003,-3.412048030081399,-3.4408496649415894,-3.4148614532749075,-0.49870002,0.06773074229888651,0.06729166332037667,0.07594654370057624
4.28,False,0.0,0.0,-0.72159994,-0.6781768693771557,-0.693319788357746,-0.6724846778778413,-3.5901003,-3.4044759507971922,-3.43721229352715,-3.4055693133146647,-0.49870002,0.06796196320475827,0.06735869330881483,0.07625843085693314
4.3,False,0.0,0.0,-0.72159994,-0.6534255938625352,-0.689330368908225,-0.6492356885728352,-3.5901003,-3.3817965283776896,-3.431670717012204,-3.3839689585688033,-0.49870002,0.06871958985338189,0.06749478296327154,0.07729759041750343
4.32,False,0.0,0.0,-0.72159994,-0.6450771047079419,-0.6849050424881966,-0.6400821303893225,-3.5901003,-3.3757019007679823,-3.4260738353877818,-3.37689234966728,-0.49870002,0.06897378581668959,0.06764268324861333,0.07774555958934873
4.34,False,0.0,0.0,-0.72159994,-0.6357365858075771,-0.6799881968201347,-0.6312319446388269,-3.5901003,-3.3703160632140503,-3.4204980581704088,-3.3724479541161676,-0.49870002,0.06940408780525123,0.06781882370427712,0.07835686884710064
4.36,False,0.0,0.0,-0.72169995,-0.6271268666823907,-0.6747020638063602,-0.6224736831532183,-3.5898,-3.3640433084077443,-3.4148525831941425,-3.3658463421813867,-0.49870002,0.07006024353864246,0.06804296568771366,0.07892811108198916
4.38,False,0.0,0.0,-0.72239995,-0.6146210416906509,-0.6686939615947892,-0.6105158592781382,-3.5877,-3.3553835004177963,-3.408905674916508,-3.3577509910551235,-0.49870002,0.07064484013161781,0.06830315313210408,0.07945233428353388
4.4,False,0.0,0.0,-0.7227,-0.6101134533789663,-0.6628359107732069,-0.605575455733629,-3.5865002,-3.354990802464544,-3.4035141876713113,-3.356833393675193,-0.49870002,0.07083650641367466,0.06855648846026115,0.07976350204201532
4.42,False,0.0,0.0,-0.72819996,-0.5814732934388979,-0.6546996490397761,-0.5790651178437779,-3.5686002,-3.3251725328778226,-3.3956800221919625,-3.328963189835324,-0.49870002,0.0736660677014758,0.06906744638438261,0.08303257877838091
4.44,False,0.0,0.0,-0.7292,-0.5789798581503328,-0.6471276699508317,-0.5747970683916916,-3.5654001,-3.321830137798437,-3.38829503375261,-3.3231378601529684,-0.49870002,0.07410871566384086,0.06957157331232844,0.08388847654801229
4.46,False,0.0,0.0,-0.73029995,-0.5775638769718392,-0.6401712906529325,-0.5729960303911086,-3.5619001,-3.318100250988664,-3.3812755554762153,-3.3189577210029784,-0.49870002,0.07459477298416989,0.07007389327951259,0.08454739261418358
4.48,False,0.0,0.0,-0.73399997,-0.5693116820859282,-0.6330853297962321,-0.5651264863780411,-3.5500002,-3.2898743418525354,-3.3721354341138476,-3.2918721363739643,-0.49870002,0.07610549200755068,0.07067705315231641,0.08606902265772702
4.5,False,0.0,0.0,-0.7398,-0.5722054921859049,-0.6269973460351994,-0.5670626130646238,-3.5310001,-3.265341504093062,-3.3614560411117695,-3.266365422692621,-0.49870002,0.07833371476810042,0.07144271931389481,0.08833057789148599
4.5200000000000005,False,0.0,0.0,-0.74319994,-0.5755697527540166,-0.621854586707081,-0.5703858046575634,-3.5201998,-3.2407603228355555,-3.3493864692841484,-3.243260101609377,-0.49870002,0.07966371832203813,0.07226481921470915,0.09006905351594818
4.54,False,0.0,0.0,-0.74679995,-0.5791761957982365,-0.6175867476161966,-0.573946986542867,-3.5085,-3.2227222481002773,-3.3367200471657616,-3.2250391293457006,-0.49870002,0.08108399241312302,0.07314673653455055,0.09170856019164886
4.5600000000000005,False,0.0,0.0,-0.7796,-0.6386960682465297,-0.6196976796792298,-0.6273821413597492,-3.402,-3.172969351163139,-3.3203449775654996,-3.1780800642122884,-0.49870002,0.09264568717829931,0.07509663159892543,0.10197676580417693
4.58,False,0.0,0.0,-0.79129994,-0.6646983892377331,-0.6241977506350802,-0.655055706594243,-3.3640003,-3.1645929104462764,-3.3047697708535773,-3.1663534599229193,-0.49870002,0.09575996959405801,0.0771629653984387,0.10578612308509269
4.6000000000000005,False,0.0,0.0,-0.7944,-0.6722421028789912,-0.6290021858594713,-0.6649023063006887,-3.354,-3.160610521827547,-3.2903538459509747,-3.160974871177449,-0.49870002,0.09654893324681686,0.07910156218327652,0.1071144904892875
4.62,False,0.0,0.0,-0.79760003,-0.6792814227627357,-0.6340301095497978,-0.6725354593442494,-3.3438005,-3.1569951719208063,-3.277017978547958,-3.15689185237859,-0.49870002,0.09732144963296471,0.08092355092824534,0.10805504086164357
4.64,False,0.0,0.0,-0.804,-0.6942918548892113,-0.6400562840837392,-0.6869396091027691,-3.3228002,-3.137604222986729,-3.263076602991835,-3.137546661743622,-0.49870002,0.09886536988448419,0.08271773282386922,0.10935861838129247
4.66,False,0.0,0.0,-0.8177,-0.7191265166610602,-0.6479633073414713,-0.7103091273252126,-3.2785,-3.094538719319795,-3.2462228146246312,-3.0980001635367778,-0.49870002,0.10206718062401729,0.08465267760388404,0.11238149898628369
4.68,False,0.0,0.0,-0.82490003,-0.729884652257939,-0.6561554418331181,-0.7223632041691425,-3.2552,-3.0720106492364416,-3.2288015980858127,-3.0732730781405833,-0.49870002,0.10373756141285395,0.08656116598478103,0.11419993252840868
4.7,False,0.0,0.0,-0.84379995,-0.7524048295744783,-0.6657803806072542,-0.7438036979077169,-3.1938,-3.0225749600210117,-3.2081789342793328,-3.0264719627420114,-0.49870002,0.1079268455933831,0.08869773394564123,0.11806477499253026
4.72,False,0.0,0.0,-0.8684,-0.7692975164861763,-0.6761320941951464,-0.760844062856697,-3.1142,-2.931195894102604,-3.18048063026166,-2.941241367262929,-0.49870002,0.11244515328326768,0.09107247587940388,0.12231680174973389
4.74,False,0.0,0.0,-0.87259996,-0.7711004612283135,-0.6856289308984631,-0.7644752679838904,-3.1004,-2.9180856952456615,-3.1542411367600605,-2.920689799743055,-0.49870002,0.11314755079238295,0.09327998337070179,0.12351322446277971
4.76,False,0.0,0.0,-0.8813,-0.7736434149701754,-0.6944303793056343,-0.7676702072914632,-3.0721998,-2.900749902787578,-3.128892013362812,-2.901193782097822,-0.49870002,0.11449726099812475,0.09540171113344408,0.12491716975107679
4.78,False,0.0,0.0,-0.89470005,-0.7847109402528962,-0.7034584354003606,-0.7782501176066996,-3.0288,-2.841672660699069,-3.100170078096438,-2.845877890107004,-0.49870002,0.1165857872309329,0.09752011874319297,0.1268454926265874
4.8,False,0.0,0.0,-0.918,-0.8308316929284831,-0.7161957611531728,-0.8194605744076164,-2.9533,-2.7519580986052423,-3.0653488801473183,-2.76198142205685,-0.49870002,0.12030590035242869,0.09979869690411655,0.13034075055185865
4.82,False,0.0,0.0,-0.9325,-0.8606087391873054,-0.7306370589565861,-0.8497673257665004,-2.9063,-2.6935225234848557,-3.0281662444810724,-2.701251698793966,-0.49870002,0.12242799464455037,0.10206162667815995,0.132600018873956
4.84,False,0.0,0.0,-0.95239997,-0.8867122106776211,-0.7462445741286897,-0.876508233595594,-2.8417,-2.6210000249107304,-2.9874496225240383,-2.6296799111003,-0.49870002,0.12451948559488656,0.10430741256983261,0.13483063884451274
4.86,False,0.0,0.0,-0.9575,-0.8911735012484185,-0.7607374668406627,-0.8837707483493757,-2.8252,-2.601161712683318,-2.9488208315399667,-2.6036754485480844,-0.49870002,0.12494147374575544,0.1063708186874249,0.13565411311030123
4.88,False,0.0,0.0,-0.97819996,-0.9008557176059835,-0.7747492919171948,-0.8940774391598579,-2.7582002,-2.5297719394554106,-2.906915942331511,-2.5361406004492046,-0.49870002,0.12618920488488328,0.10835265730717074,0.1369717653310929
4.9,False,0.0,0.0,-0.9834,-0.9008620080599083,-0.7873605635314661,-0.8957106169308902,-2.7410998,-2.508666655706473,-2.8670910136690075,-2.5097375516275937,-0.49870002,0.12634078433724036,0.11015147001017771,0.1372784283845942
4.92,False,0.0,0.0,-1.0103,-0.8874408465366493,-0.7973685918319844,-0.8846449011693063,-2.6541,-2.3992868882954976,-2.8203106011316565,-2.409021563803595,-0.49870002,0.12564848370587275,0.11170117137974721,0.13652653711570448
4.94,False,0.0,0.0,-1.0157,-0.8877388630817952,-0.8064056189569655,-0.8841656572261873,-2.6363997,-2.3797021934962275,-2.7762497603681138,-2.3813782731836417,-0.49870002,0.12526438139765442,0.11305749238153792,0.13597226232177517
4.96,False,0.0,0.0,-1.0267,-0.8932360656049441,-0.8150886636217634,-0.8891171470493737,-2.6007,-2.3420426085285615,-2.732829045184159,-2.3433632234994635,-0.49870002,0.12411325314365965,0.1141630684577501,0.13473707063011808
4.98,False,0.0,0.0,-1.0604,-0.9182470110575842,-0.8254044983653455,-0.9121252907840632,-2.4915,-2.21718808739724,-2.6812649494054672,-2.2280252467111215,-0.49870002,0.11934212661077957,0.11468097427305304,0.1301664827408836
5.0,False,0.0,0.0,-1.1008,-0.9596409153594804,-0.838828140064759,-0.9521493595839204,-2.3606,-2.123020345388455,-2.6254404890037657,-2.1319540741921124,-0.49870002,0.11360310700256537,0.11457318754600429,0.1242948888104996
5.0200000000000005,False,0.0,0.0,-1.1839001,-1.0892627637903112,-0.8638716024373143,-1.0719226576589749,-2.0910997,-1.9568843816041457,-2.558584878263804,-1.9731906378799797,-0.49870002,0.0998434019329467,0.11310020898469852,0.11250004271906035
5.04,False,0.0,0.0,-1.22,-1.079569929146521,-0.885441435108235,-1.076232649350014,-1.9740001,-1.8664496873261585,-2.4893713591700393,-1.8758942456556225,-0.49870002,0.09605703068219318,0.111395891154448,0.107846965789964
5.0600000000000005,False,0.0,0.0,-1.2922001,-1.2108596536928138,-0.9179832569666929,-1.1962143388047066,-1.7399001,-1.7200023568618903,-2.412434458939224,-1.733605280891592,-0.49870002,0.09266152706870273,0.10952245474587348,0.10342492131969204
5.08,False,0.0,0.0,-1.3279,-1.298841062351524,-0.9560690375051761,-1.2860279737107843,-1.6241002,-1.684087414363621,-2.3395997544816636,-1.6861006398368308,-0.49870002,0.09403298254540078,0.10797350752582621,0.10346874715716206
5.1000000000000005,False,0.0,0.0,-1.3805001,-1.3847783251028007,-0.9989399662649386,-1.3730591910580583,-1.4537002,-1.5413353865143788,-2.2597733176849353,-1.5529075723266703,-0.49870002,0.09647134544651888,0.10682329131789547,0.10514816418980705
5.12,False,0.0,0.0,-1.4089,-1.367183170620402,-1.035764286700485,-1.3682399308730688,-1.3614,-1.4202888455358065,-2.1758248704700227,-1.4325121387426867,-0.49870002,0.09731677704570449,0.10587263989067638,0.10583245254061191
5.14,False,0.0,0.0,-1.4202,-1.3701917185999688,-1.0692070298904335,-1.372505032905659,-1.325,-1.3675426493560399,-2.0949966483586246,-1.3719143225796842,-0.49870002,0.09713643442106208,0.10499901934371496,0.10565452834806471
5.16,False,0.0,0.0,-1.4313,-1.3803263947274436,-1.1003189663741346,-1.3826383293942235,-1.289,-1.3117551823086733,-2.0166725017536296,-1.3143689962464065,-0.49870002,0.09685195383813722,0.1041843127931572,0.1053276452795319
5.18,False,0.0,0.0,-1.4477,-1.3963214590258748,-1.1299192156393087,-1.3980331786197673,-1.2356,-1.2590570507221432,-1.940910956650481,-1.2608477195404768,-0.49870002,0.0964437970266487,0.10341026121650634,0.10488216050548266
5.2,False,0.0,0.0,-1.4531001,-1.408401546095978,-1.1577674486849758,-1.4105426472438851,-1.218,-1.251468330118421,-1.871966693997275,-1.2476408424892642,-0.49870002,0.09616455431181091,0.1026856905260368,0.1045096558729897
5.22,False,0.0,0.0,-1.4585,-1.4267218641068384,-1.184662890227162,-1.42835112746118,-1.2006,-1.251766665282244,-1.8099466911257718,-1.245260733890719,-0.49870002,0.09571382102953416,0.10198850357638653,0.10404870844790154
5.24,False,0.0,0.0,-1.4745001,-1.4640752840436968,-1.2126041296088157,-1.4631644431761108,-1.1488,-1.2389583343832107,-1.7528478554515157,-1.2329823478089796,-0.49870002,0.09458699383746809,0.10124835260249469,0.10290453267746925
5.26,False,0.0,0.0,-1.5004001,-1.4910047676197982,-1.240444193409914,-1.4908173726455254,-1.0648,-1.1793071062238267,-1.6954937805287467,-1.1791775854759605,-0.49870002,0.09282100241175825,0.10040561758342105,0.10105227444586196
5.28,False,0.0,0.0,-1.5492,-1.5286570092799048,-1.2692654749969132,-1.5288115163437532,-0.9064001,-0.9952780981983379,-1.6254722122957057,-1.013987593492683,-0.49870002,0.08953319682303423,0.09931837550738237,0.09789777349740862
5.3,False,0.0,0.0,-1.5808,-1.5709733457453474,-1.2994362620717568,-1.570724191412846,-0.80420005,-0.884803908366509,-1.5514053819027862,-0.9008817710287225,-0.49870002,0.0864167074066005,0.09802820869730419,0.09471082745023902
5.32,False,0.0,0.0,-1.6253,-1.6720476548796999,-1.3366974013525512,-1.6635058422049847,-0.6599,-0.7598950937681659,-1.4722543530893242,-0.7776564032003299,-0.49870002,0.07810585247224776,0.09603597307479855,0.08694547938259993
5.34,False,0.0,0.0,-1.7172,-1.7875730993011578,-1.381784971147412,-1.7803054478447211,-0.3617,-0.3468078053791964,-1.3597096983183115,-0.3935306125864841,-0.49870002,0.06858732917396368,0.09329110868471507,0.07716935809260836
5.36,False,0.0,0.0,-1.7296001,-1.8092871423663142,-1.4245351882693023,-1.8115861066653909,-0.32150003,-0.22586599315165107,-1.2463253278016453,-0.24951440251655577,-0.49870002,0.07704152489330345,0.09166615030557392,0.08295378927032485
5.38,False,0.0,0.0,-1.7341001,-1.7933358596272,-1.461415255405092,-1.8007265739001541,-0.30709997,-0.19653127475559062,-1.14134592249704,-0.20807208039196942,-0.49870002,0.08246305512648028,0.09074584078766455,0.08810304496225588
5.4,False,0.0,0.0,-1.7349,-1.788159872843272,-1.49408971714891,-1.7954867185065648,-0.3044,-0.21588157331560037,-1.048799487578896,-0.22071947033103595,-0.49870002,0.0839540434435537,0.09006666105325348,0.08999286380651302
5.42,False,0.0,0.0,-1.735,-1.7829436271542245,-1.5229751081494416,-1.790247931230872,-0.304,-0.22258872234221178,-0.9661784110552276,-0.22602914809858884,-0.49870002,0.08446470852072813,0.08950646580000095,0.09097799310603212
5.44,False,0.0,0.0,-1.7351,-1.6940135173963775,-1.5400789490741353,-1.7083885503332321,-0.30380002,-0.24230794222158542,-0.8937913641718634,-0.2450075615097624,-0.49870002,0.0888276541876164,0.08943858463876249,0.09491589088707203
5.46,False,0.0,0.0,-1.7351,-1.637261746616826,-1.5497972288284045,-1.6504746355923798,-0.30380002,-0.24215798440941788,-0.8286280261956189,-0.24636539812520197,-0.49870002,0.09055480961779652,0.0895502071366659,0.09691316657647026
5.48,False,0.0,0.0,-1.7351,-1.6268088238443832,-1.5574983883300024,-1.6352535054961301,-0.30380002,-0.22487299910840125,-0.7682525234868971,-0.2323018819902361,-0.49870002,0.09117770699360382,0.08971295712235969,0.09746406114190244
5.5,False,0.0,0.0,-1.7351,-1.6500118425153774,-1.5667497337485399,-1.6540393315153232,-0.30380002,-0.2660935475475208,-0.7180366258929596,-0.2695280630875809,-0.49870002,0.09019262096205732,0.08976092350632946,0.09636288028679232
5.5200000000000005,False,0.0,0.0,-1.7351,-1.6572922629171551,-1.5758039866654014,-1.6615513750386006,-0.30380002,-0.3005488417941239,-0.676287847483076,-0.3027002612480744,-0.49870002,0.0896321931312427,0.08974805046882078,0.09583898038202464
5.54,False,0.0,0.0,-1.7351,-1.6673890956738178,-1.5849624975662433,-1.6707668081415825,-0.30380002,-0.30552589788488127,-0.6392116525232565,-0.31025569055310603,-0.49870002,0.0891087190310769,0.0896841173250464,0.09527953743893394
5.5600000000000005,False,0.0,0.0,-1.7351,-1.6700794976556792,-1.593474197575187,-1.6737537601124624,-0.30380002,-0.3047315770248938,-0.6057636449734203,-0.3101819585828289,-0.49870002,0.08889785725541044,0.0896054913180828,0.09510529344678953
5.58,False,0.0,0.0,-1.7351,-1.6733148039183305,-1.6014582582095014,-1.6769208504968547,-0.30380002,-0.2990405711396287,-0.575091337590041,-0.30474033662110345,-0.49870002,0.08870515662971297,0.08951545784924582,0.09492983035644005
5.6000000000000005,False,0.0,0.0,-1.7351,-1.6735008000599818,-1.6086625123945495,-1.6766777142485958,-0.30380002,-0.2855954076222771,-0.5461417445932646,-0.2928340689846948,-0.49870002,0.08843291978895264,0.0894072040432165,0.09444335056112345
5.62,False,0.0,0.0,-1.7351,-1.6679320876566146,-1.614589469920756,-1.6711359232574672,-0.30380002,-0.23035952129381349,-0.5145635222633195,-0.2406490700562719,-0.49870002,0.08795490869996749,0.0892619745088916,0.09466720736202767
5.64,False,0.0,0.0,-1.7351,-1.6637840113676456,-1.619508924065445,-1.6667388574646622,-0.30380002,-0.22538288356025066,-0.4856454583930126,-0.23289141011523462,-0.49870002,0.08798762282441494,0.08913453934044394,0.09479529088007002
5.66,False,0.0,0.0,-1.7351,-1.6603963251491176,-1.6235976641738123,-1.6633261417551095,-0.30380002,-0.22108933015706683,-0.459189845569418,-0.22792426999416723,-0.49870002,0.08802120291098012,0.08902320569749757,0.09499916761238661
5.68,False,0.0,0.0,-1.7351,-1.641234193432212,-1.6253613170996524,-1.6453073475334223,-0.30380002,-0.21450782774120836,-0.43472164378659706,-0.22097683060537004,-0.49870002,0.08820436592613096,0.08894132172036091,0.09566155506500226
5.7,False,0.0,0.0,-1.7351,-1.6125038283828608,-1.6240755682279733,-1.6168860160689809,-0.30380002,-0.19620430536601008,-0.41086990994453837,-0.20358268555427267,-0.49870002,0.08839539476385114,0.08888672902470994,0.09619074149363704
5.72,False,0.0,0.0,-1.7351,-1.6079170306753539,-1.6224597144727113,-1.6106506586188383,-0.30380002,-0.18675870635442948,-0.3884587895855275,-0.19344980686822366,-0.49870002,0.0884712265854104,0.08884517878078,0.09647365483482495
5.74,False,0.0,0.0,-1.7351,-1.6011180061315404,-1.6203255436385944,-1.6037698976405337,-0.30380002,-0.1839097868280417,-0.3680038893097789,-0.18999684682646695,-0.49870002,0.08854314955018827,0.08881497585772083,0.09668239803623763
5.76,False,0.0,0.0,-1.7351,-1.531835550486338,-1.6114765443233687,-1.5390907775203972,-0.30380002,-0.21247096277144228,-0.35245059665594525,-0.21555720621919644,-0.49870002,0.0889762629088196,0.0888311045628307,0.09761173837918968
5.78,False,0.0,0.0,-1.7351,-1.52900464492561,-1.603229354383593,-1.5322299227533183,-0.30380002,-0.21332104134863222,-0.338537641125214,-0.2182291727116989,-0.49870002,0.08893676541444996,0.08884167064799264,0.09769529562500946
5.8,False,0.0,0.0,-1.7351,-1.5350930997940677,-1.5964157289246403,-1.5372634478202305,-0.30380002,-0.2099477110789188,-0.3256786481205845,-0.21508763881257495,-0.49870002,0.08866650104295778,0.08882415368748917,0.09773068596642634
5.82,False,0.0,0.0,-1.7351,-1.5618841933838215,-1.5929625753705585,-1.5618548653433795,-0.30380002,-0.2081028953035019,-0.31392107283887627,-0.21303988002202134,-0.49870002,0.08853341950361547,0.0887950802691018,0.0978818124468816
5.84,False,0.0,0.0,-1.7351,-1.5679839207457122,-1.590464709908074,-1.5691717561772611,-0.30380002,-0.22556305605868887,-0.30508527116085754,-0.2285252477558503,-0.49870002,0.0884292093818232,0.08875849318037393,0.09794648152714341
5.86,False,0.0,0.0,-1.7351,-1.576580807344892,-1.5890763196517559,-1.5776952149889385,-0.30380002,-0.2263167497866756,-0.29720841902343936,-0.23004910697869968,-0.49870002,0.08836700443636651,0.0887193443059732,0.097981128200036
5.88,False,0.0,0.0,-1.7351,-1.6111696482672067,-1.5912856525133008,-1.6093597406903297,-0.30380002,-0.22993619029709617,-0.29048119615080503,-0.23400884341325054,-0.49870002,0.08819099763593855,0.08866650963896973,0.0984257039708217
5.9,False,0.0,0.0,-1.7351,-1.6197937096273416,-1.5941364582247048,-1.6186940496726527,-0.30380002,-0.23395293068990863,-0.2848283696047154,-0.2381842961429408,-0.49870002,0.08823999064547411,0.08862385773962017,0.09887068899095493
5.92,False,0.0,0.0,-1.7351,-1.6221404012067469,-1.596936852522909,-1.6213312378419626,-0.30380002,-0.23823077245623175,-0.280168609889867,-0.24241903091475347,-0.49870002,0.08824448282395982,0.08858592024805413,0.09924068872957617
5.94,False,0.0,0.0,-1.7351,-1.6374371747958836,-1.6009868847502067,-1.6368471670076654,-0.30380002,-0.24096668905596752,-0.2762484178064771,-0.24442776519316378,-0.49870002,0.08824598021678838,0.08855192624492757,0.09983147199489861
5.96,False,0.0,0.0,-1.7351,-1.676333416624177,-1.6085215379376039,-1.6723253994583547,-0.30380002,-0.24857442166997346,-0.2734810181928267,-0.2519728655119828,-0.49870002,0.08800273506609443,0.08849700712704425,0.10020504914890202
5.98,False,0.0,0.0,-1.7351,-1.6747835494243462,-1.615147739086278,-1.6728173822878971,-0.30380002,-0.2501967179020406,-0.2711525881637481,-0.25397681147470663,-0.49870002,0.0880159890973963,0.08844890532407945,0.10042107096420022
6.0,False,0.0,0.0,-1.7351,-1.6725853125575685,-1.6208914964334071,-1.6709049280234631,-0.30380002,-0.2524964274002945,-0.26928697208740277,-0.2562605155001751,-0.49870002,0.0880258574573629,0.0884066005374078,0.1005336597982174
6.0200000000000005,False,0.0,0.0,-1.7351,-1.674533139034504,-1.6262556606935168,-1.6727665556657287,-0.30380002,-0.25753256482374404,-0.2681115313610369,-0.26089030402645863,-0.49870002,0.0879524791951372,0.08836118840318075,0.10074188829154342
6.04,False,0.0,0.0,-1.7351,-1.678597980037139,-1.6314898926278791,-1.6765334104861478,-0.30380002,-0.2579910378248007,-0.2670994820074133,-0.2615847718766945,-0.49870002,0.08787243783550565,0.08831231334641323,0.1007904132924109
6.0600000000000005,False,0.0,0.0,-1.7351,-1.68617309562439,-1.6369582129275302,-1.6839726830848147,-0.30380002,-0.25850798786482415,-0.2662403325931544,-0.26194555845813483,-0.49870002,0.08775110090738501,0.08825619210251041,0.10088534556360598
6.08,False,0.0,0.0,-1.7351,-1.6880214826056807,-1.6420645398953453,-1.6856212458619617,-0.30380002,-0.25378259686863447,-0.2649945590207024,-0.2575662309171415,-0.49870002,0.08755256706464452,0.08818582959872381,0.1007134340472492
6.1000000000000005,False,0.0,0.0,-1.7351,-1.6906367010822319,-1.646921756014034,-1.6883420207990654,-0.30380002,-0.2533921766378857,-0.26383432078242075,-0.25675346100628416,-0.49870002,0.0874171823066141,0.08810896486951285,0.10059825390758431
6.12,False,0.0,0.0,-1.7351,-1.7113886569622991,-1.6533684461088605,-1.7079629287099414,-0.30380002,-0.2511719085224572,-0.2625680795564244,-0.2544083314906437,-0.49870002,0.08706141018962223,0.08800420940152379,0.1002787414371922
6.140000000000001,False,0.0,0.0,-1.7351,-1.7264606852136073,-1.660677670019335,-1.7226819435004916,-0.30380002,-0.2470906481534238,-0.2610203364161243,-0.25054217856266403,-0.49870002,0.08679053242829665,0.08788284170420108,0.09984465878063911
6.16,False,0.0,0.0,-1.7351,-1.7252137662747993,-1.6671312796448816,-1.7213577039090646,-0.30380002,-0.23692154685806066,-0.25861045746031797,-0.24128867648810753,-0.49870002,0.08634866924410077,0.08772942445819105,0.0985729124933803
6.18,False,0.0,0.0,-1.7351,-1.7197227535583124,-1.6723904270362246,-1.716680133164571,-0.30380002,-0.23596030147746133,-0.2563454418620323,-0.23964338639665528,-0.49870002,0.08630965283979654,0.0875874472963516,0.09835245313980265
6.2,False,0.0,0.0,-1.7351,-1.6982421114955852,-1.6749755954821608,-1.6967366526543064,-0.30380002,-0.2357037090648249,-0.25428126858231154,-0.2391615333926089,-0.49870002,0.08594075297764495,0.08742277786448094,0.09718427833291451
6.22,False,0.0,0.0,-1.7351,-1.6963971465212297,-1.6771177505860677,-1.6939187403153706,-0.30380002,-0.23693353976430342,-0.25254649570051074,-0.24023231723012067,-0.49870002,0.08588696109470699,0.08726919618750355,0.09679832814072639
6.24,False,0.0,0.0,-1.7351,-1.659061742444412,-1.6753121497719021,-1.6585540434611277,-0.30380002,-0.25782778555067404,-0.25307462468552705,-0.26003253431167445,-0.49870002,0.08548847419353309,0.0870911239881065,0.0954581749658045
6.26,False,0.0,0.0,-1.7351,-1.6586368097008777,-1.6736446157647997,-1.6564598181329315,-0.30380002,-0.2612762109368031,-0.2538947833106547,-0.2643374486645246,-0.49870002,0.08563280121315421,0.08694529171061129,0.09537834895597747
6.28,False,0.0,0.0,-1.7351,-1.6417600753803332,-1.6704561617263531,-1.6395321779075047,-0.30380002,-0.2649188005453202,-0.2549971850341212,-0.2683440468798318,-0.49870002,0.08583336766142102,0.08683409930569226,0.09523095030247627
6.3,False,0.0,0.0,-1.7351,-1.6189508894486686,-1.6653056344985848,-1.61896968906319,-0.30380002,-0.2695979863135822,-0.25645726516206735,-0.2727895645714762,-0.49870002,0.08602335012824895,0.08675302438794794,0.09537394827181417
6.32,False,0.0,0.0,-1.7351,-1.6053608921420655,-1.659311160262933,-1.603656008743641,-0.30380002,-0.28476008775722705,-0.25928754742158333,-0.28745308269702957,-0.49870002,0.08609318636486812,0.08668704058563996,0.09492081311906131
6.34,False,0.0,0.0,-1.7351,-1.6044177266423827,-1.6538218169008778,-1.6039114371407754,-0.30380002,-0.28776147523894946,-0.26213494020331995,-0.290779270391499,-0.49870002,0.08611808878937859,0.08663014540601383,0.0950981060544633
6.36,False,0.0,0.0,-1.7351,-1.5661347285863192,-1.645053108069422,-1.5672435501905955,-0.30380002,-0.30887814760040433,-0.26680926094302837,-0.31097133448620484,-0.49870002,0.08646262143971746,0.0866133930093842,0.09518375327922102
6.38,False,0.0,0.0,-1.7351,-1.5606968576245899,-1.636617483024939,-1.5596439319016655,-0.30380002,-0.31039548266078076,-0.2711678831148036,-0.3136726891012658,-0.49870002,0.08660546309376166,0.08661260001782195,0.09525781799430127
6.4,False,0.0,0.0,-1.7351,-1.5379921435517099,-1.626754949077616,-1.5374516431839882,-0.30380002,-0.3062480753708811,-0.2746759023404114,-0.31002978407009385,-0.49870002,0.08686593728242287,0.08663793374428205,0.09534146757813891
6.42,False,0.0,0.0,-1.7351,-1.5362433973605893,-1.6177037939059136,-1.534581360924555,-0.30380002,-0.3061668211068796,-0.2778249942170582,-0.3097239672010022,-0.49870002,0.08696311146200861,0.08667045151605471,0.09541190411804
6.44,False,0.0,0.0,-1.7351,-1.5492160243571877,-1.610855016951041,-1.546485381927115,-0.30380002,-0.3060932367247775,-0.28065181846783016,-0.3095435471146152,-0.49870002,0.08698273392305127,0.08670167975675437,0.0952946899393222
6.46,False,0.0,0.0,-1.7351,-1.5826101822700867,-1.6080305334829457,-1.5769245164466548,-0.30380002,-0.29640715205254936,-0.2822273518263021,-0.3004394397049694,-0.49870002,0.0871377291148727,0.0867452846925662,0.09499145644584084
6.48,False,0.0,0.0,-1.7351,-1.597022970950066,-1.6069297772296578,-1.594114903454388,-0.30380002,-0.29566652036585805,-0.2835712686802577,-0.29924678606585436,-0.49870002,0.08724966674584052,0.08679572289789364,0.09511021253018967
6.5,False,0.0,0.0,-1.7351,-1.6053070458564684,-1.6067675040923388,-1.6006215997709021,-0.30380002,-0.29378721336395996,-0.284592863148628,-0.2971624208754858,-0.49870002,0.08749920816276544,0.08686607142438083,0.09492474470874056
6.5200000000000005,False,0.0,0.0,-1.7351,-1.6008970853896982,-1.6061804622220748,-1.597785711963025,-0.30380002,-0.2909508910375404,-0.2852286659375192,-0.2944994334593608,-0.49870002,0.0879379141934071,0.08697325570128346,0.09540440397285287
6.54,False,0.0,0.0,-1.7351,-1.5887598306743256,-1.6044383990672997,-1.5864330762388834,-0.30380002,-0.2628446320590431,-0.28299026254967163,-0.26863620156898393,-0.49870002,0.09104105336052588,0.08738003546720771,0.09895689541878235
6.5600000000000005,False,0.0,0.0,-1.7351,-1.6116941211536484,-1.6051639712759347,-1.6067211653867899,-0.30380002,-0.25735494895260563,-0.28042673118996503,-0.26175583464837987,-0.49870002,0.09200872994533059,0.08784290491502,0.10060711141322748
6.58,False,0.0,0.0,-1.7351,-1.6177802611350616,-1.6064256002618476,-1.6131011985740646,-0.30380002,-0.25655514296495674,-0.2780395723674642,-0.2601669464374934,-0.49870002,0.0924024179731021,0.08829885622082823,0.10123083797265521
6.6000000000000005,False,0.0,0.0,-1.7351,-1.6277230029323801,-1.6085553405289008,-1.623232213018352,-0.30380002,-0.25524656814464375,-0.27576027194518216,-0.2589374578108785,-0.49870002,0.09319785228724063,0.08878875582746946,0.10235494328687345
6.62,False,0.0,0.0,-1.7351,-1.6263440347847806,-1.6103342099544888,-1.6211696711666477,-0.30380002,-0.25041008007124377,-0.2732252527577883,-0.2539252524465432,-0.49870002,0.09383915135804961,0.08929379538052748,0.10259800108089537
6.640000000000001,False,0.0,0.0,-1.7351,-1.5926132117778213,-1.608562110136822,-1.591076887106879,-0.30380002,-0.22950360895796673,-0.26885308837780614,-0.23460750718355838,-0.49870002,0.09540826268811879,0.08990524211128662,0.10383085388440141
6.66,False,0.0,0.0,-1.7351,-1.586854980578605,-1.6063913971810002,-1.5831119770130968,-0.30380002,-0.22511392636830968,-0.26447917217685646,-0.22889076784203669,-0.49870002,0.09575004711145906,0.09048972261130386,0.1040227024665265
6.68,False,0.0,0.0,-1.7351,-1.5746374093475195,-1.6032159983976522,-1.5710593960949326,-0.30380002,-0.219289975863454,-0.25996025254551625,-0.22290107617371846,-0.49870002,0.09611159230923579,0.09105190958109706,0.10431740034204381
6.7,False,0.0,0.0,-1.7351,-1.5680840647721965,-1.5997028050351068,-1.5638623015083346,-0.30380002,-0.21617758427278672,-0.2555819857182433,-0.21939620170145685,-0.49870002,0.09629909114860107,0.09157662773784747,0.10443188374447993
6.72,False,0.0,0.0,-1.7351,-1.5621928785388237,-1.5959518123854786,-1.5578185978075036,-0.30380002,-0.21326909533031319,-0.2513506966794503,-0.21639212852996934,-0.49870002,0.09649521352738871,0.0920684863168016,0.10455864360425376
6.74,False,0.0,0.0,-1.7351,-1.5305831965953387,-1.5894149508064646,-1.5294327670732335,-0.30380002,-0.20543505471614043,-0.24675913248311934,-0.20913600567926677,-0.49870002,0.09810566252132771,0.09267220393725423,0.10612501666980287
6.76,False,0.0,0.0,-1.7351,-1.5317808990226385,-1.583651545628082,-1.5283025019799539,-0.30380002,-0.20745067643725162,-0.24282828687853258,-0.21029101773374298,-0.49870002,0.09817864388424945,0.09322284793195375,0.10635842284084776
6.78,False,0.0,0.0,-1.7351,-1.5383520581634766,-1.5791215968816215,-1.5339935210124527,-0.30380002,-0.21252634861558295,-0.23979809305223762,-0.21489564220188845,-0.49870002,0.09829041914732019,0.0937296050534904,0.10649560606364894
6.8,False,0.0,0.0,-1.7351,-1.533241693394893,-1.5745336065329487,-1.5292579323691928,-0.30380002,-0.21618021062628562,-0.23743630480964242,-0.2182253771098519,-0.49870002,0.0985577789375425,0.09421242244189561,0.10669642268630397
6.82,False,0.0,0.0,-1.7351,-1.5294335029123938,-1.5700235961708933,-1.5261535502227614,-0.30380002,-0.22317837356581555,-0.23601051168525974,-0.22512346656557805,-0.49870002,0.09875120119833806,0.09466630031753986,0.1070724139344242
6.84,False,0.0,0.0,-1.7351,-1.5102109828378092,-1.564042334837585,-1.5086400822686863,-0.30380002,-0.22998109396930755,-0.23540756991366452,-0.23164510659743048,-0.49870002,0.09958054634846175,0.09515772492063207,0.10789874148340534
6.86,False,0.0,0.0,-1.7351,-1.5086421939525723,-1.5585023207490836,-1.5053695013912158,-0.30380002,-0.23296686278243467,-0.23516349920054153,-0.23467675906634705,-0.49870002,0.09986016792172603,0.09562796922074147,0.10809445685522481
6.88,False,0.0,0.0,-1.7351,-1.5123403769768329,-1.5538861263718586,-1.5081102638755515,-0.30380002,-0.2355224674313341,-0.2351993960236208,-0.237211378500463,-0.49870002,0.10009504210528195,0.09607467650919552,0.10829885428385583
6.9,False,0.0,0.0,-1.7351,-1.521028349348845,-1.5506003486695574,-1.5157098766356965,-0.30380002,-0.27320264486979656,-0.2389997209082384,-0.27064443810027944,-0.49870002,0.10575764055660676,0.09704297291393664,0.11247244666534731
6.92,False,0.0,0.0,-1.7351,-1.5328551072584846,-1.54882582452845,-1.5267100739209027,-0.30380002,-0.2718489804407413,-0.2422846468614887,-0.2721804221194425,-0.49870002,0.11022680489631036,0.09836135611217402,0.11687822696747924
6.94,False,0.0,0.0,-1.7351,-1.5367000339919052,-1.5476132454747955,-1.5312828394855516,-0.30380002,-0.2833297245091772,-0.24638915462625757,-0.2830342846683324,-0.49870002,0.11063042743393245,0.09958826324434986,0.1178516483505875
6.96,False,0.0,0.0,-1.7351,-1.537944738690932,-1.5466463947964093,-1.533062396013572,-0.30380002,-0.2874008513372768,-0.2504903242973595,-0.2878232231958078,-0.49870002,0.11075938963958974,0.10070537588387385,0.11814651136082388
6.98,False,0.0,0.0,-1.7351,-1.527964858053641,-1.5447782411221325,-1.5237718512056797,-0.30380002,-0.29172141202157326,-0.2546134330697809,-0.2913273790844323,-0.49870002,0.11104433327170256,0.10173927162265672,0.11815524897403834
7.0,False,0.0,0.0,-1.7351,-1.5152891404822975,-1.5418293310581492,-1.5115331320997711,-0.30380002,-0.2796349797037438,-0.2571155877331772,-0.28061938110671447,-0.49870002,0.11227152186503767,0.10279249664689483,0.11868983720096332
7.0200000000000005,False,0.0,0.0,-1.7351,-1.4859878035110914,-1.5362451783034434,-1.4840516250852456,-0.30380002,-0.23203634341356594,-0.2546076633012161,-0.23697472973632833,-0.49870002,0.11360059330697364,0.10387330631290272,0.11948111395132935
7.04,False,0.0,0.0,-1.7351,-1.479524034999659,-1.530573063973065,-1.4759687193750088,-0.30380002,-0.2262377267610448,-0.25177066964719896,-0.2281300129401161,-0.49870002,0.11366510147111847,0.10485248582872429,0.11960468779263199
7.0600000000000005,False,0.0,0.0,-1.7351,-1.4783794743271168,-1.5253537050084702,-1.4738170239682344,-0.30380002,-0.22440271913763266,-0.24903387459624235,-0.22488214064783954,-0.49870002,0.11375143909698099,0.10574238115554996,0.11969373947746573
7.08,False,0.0,0.0,-1.7351,-1.4943010661237053,-1.5222484411199937,-1.488161583139307,-0.30380002,-0.23827893001773381,-0.2479583801383915,-0.23761156782835668,-0.49870002,0.11403954589627383,0.10657209762962234,0.11997700422922516
7.1000000000000005,False,0.0,0.0,-1.7351,-1.4958244630934203,-1.5196060433173364,-1.4898802323842983,-0.30380002,-0.2554734571964695,-0.2487098878441993,-0.25168638332947596,-0.49870002,0.11413367718119588,0.1073282555847797,0.11968330810911358
7.12,False,0.0,0.0,-1.7351,-1.4805447995389593,-1.5156999189394986,-1.4771733254696713,-0.30380002,-0.24798346889065342,-0.24863724594884473,-0.24765871733534045,-0.49870002,0.11328450510675175,0.1079238805369769,0.11863195377027298
7.140000000000001,False,0.0,0.0,-1.7351,-1.4909371326591978,-1.5132236403114685,-1.4848334902730462,-0.30380002,-0.24379087902374608,-0.24815260925633487,-0.241902759556744,-0.49870002,0.11257525807783031,0.10838901829106223,0.11750739334982303
7.16,False,0.0,0.0,-1.7351,-1.523422546436291,-1.5142435309239508,-1.5144038598103595,-0.30380002,-0.23155992753727778,-0.24649334108442916,-0.23159217604583543,-0.49870002,0.11204720760841735,0.10875483722279775,0.11713347492376802
7.18,False,0.0,0.0,-1.7351,-1.556860083319456,-1.5185051861635013,-1.546615627042136,-0.30380002,-0.23308288717771375,-0.24515229569375763,-0.2315290470367314,-0.49870002,0.11155606276064668,0.10903495977658265,0.11676554523430045
7.2,False,0.0,0.0,-1.7351,-1.6707997294682637,-1.5337346404939776,-1.651130862994703,-0.30380002,-0.2385342673587867,-0.24449049286026053,-0.23549943158514958,-0.49870002,0.10592779008548843,0.10872424280747323,0.11257622371736176
7.22,False,0.0,0.0,-1.7351,-1.6838013428765481,-1.5487413107322345,-1.672296184955184,-0.30380002,-0.24710877696518613,-0.2447523212707531,-0.24295168841324388,-0.49870002,0.10527889580527187,0.10837970810725309,0.11168040498080462
7.24,False,0.0,0.0,-1.7351,-1.691068779781425,-1.5629740576371538,-1.6823518382172895,-0.30380002,-0.26116176700203664,-0.24639326584388146,-0.2563011498008114,-0.49870002,0.10431328189412259,0.10797306548594005,0.11070652278089803
7.26,False,0.0,0.0,-1.7351,-1.6929367929789614,-1.5759703311713344,-1.685528846474424,-0.30380002,-0.26789211161087734,-0.24854315042058106,-0.2634517104880381,-0.49870002,0.10401471739953304,0.10757723067729935,0.11022785785751009
7.28,False,0.0,0.0,-1.7351,-1.6886647192622248,-1.5872397699804235,-1.682353740426113,-0.30380002,-0.27707137978401586,-0.25139597335692454,-0.27276296152502527,-0.49870002,0.10332666238799262,0.10715217384836868,0.10953993831444009
7.3,False,0.0,0.0,-1.7351,-1.6778580213610457,-1.5963015951184856,-1.6737397999142813,-0.30380002,-0.30249410978035735,-0.2565057869992678,-0.29343709545339,-0.49870002,0.09451084329374049,0.10588804079290587,0.1015702880090479
7.32,False,0.0,0.0,-1.7351,-1.6800287815250794,-1.604674313759145,-1.6749226308033085,-0.30380002,-0.29771558742046417,-0.26062676704138743,-0.29106406390114836,-0.49870002,0.09420553752460946,0.10471979046607624,0.10042540261601171
7.34,False,0.0,0.0,-1.7351,-1.6854421952019487,-1.6127511019034255,-1.6797566554156433,-0.30380002,-0.30051263065473194,-0.2646153534027219,-0.29357922534606384,-0.49870002,0.09368170862052043,0.10361598228152066,0.0997167614894596
7.36,False,0.0,0.0,-1.7351,-1.686790868523446,-1.6201550785654277,-1.6813670494258326,-0.30380002,-0.3075833785675104,-0.26891215591920076,-0.2999946543496533,-0.49870002,0.09370575109653898,0.1026249591630225,0.09954821700019059
7.38,False,0.0,0.0,-1.7351,-1.6920819957760154,-1.6273477702864865,-1.6863151455486636,-0.30380002,-0.3204944858839961,-0.2740703889156803,-0.31184601677083923,-0.49870002,0.09390456156606707,0.10175291940332695,0.09950253233272892
7.4,False,0.0,0.0,-1.7351,-1.7117487728685914,-1.6357878705446969,-1.7046609889303403,-0.30380002,-0.3571453186874186,-0.2823778818928541,-0.344418249504181,-0.49870002,0.09417392389368662,0.10099501985236292,0.09917431033259623
7.42,False,0.0,0.0,-1.7351,-1.746872151403628,-1.6468962986305902,-1.7373858335536927,-0.30380002,-0.37330543446064746,-0.29147063714963345,-0.36176289884754487,-0.49870002,0.09464981217275818,0.10036049908440245,0.09897728076792933
7.44,False,0.0,0.0,-1.7351,-1.8137879873113913,-1.6635854674986703,-1.799815174804754,-0.30380002,-0.3864781544761038,-0.3009713888822805,-0.37534478723642817,-0.49870002,0.09512640404605038,0.09983708958056725,0.09922826036889665
7.46,False,0.0,0.0,-1.7351,-1.8724521567313732,-1.6844721364219408,-1.8583999693920648,-0.30380002,-0.3737166795828566,-0.30824591795233813,-0.3655374859062178,-0.49870002,0.09618767670307939,0.09947214829281846,0.10047032787016616
7.48,False,0.0,0.0,-1.7348001,-1.8685485526437413,-1.702879778044121,-1.8619947397854293,-0.30460003,-0.36869523114534775,-0.31429084927163914,-0.3603036802398333,-0.49870002,0.09647265641694709,0.09917219910523133,0.10102811203873724
7.5,False,0.0,0.0,-1.7335,-1.8576733139565966,-1.7183591316353686,-1.8551366824770716,-0.30900002,-0.3556398835650195,-0.31842575270097717,-0.3477098346681704,-0.49870002,0.09698694169686368,0.09895367336439456,0.10185945728125556
7.5200000000000005,False,0.0,0.0,-1.7324001,-1.8411772275839553,-1.7306409412302273,-1.8398608331856017,-0.31260002,-0.3528364255204358,-0.32186681998292305,-0.34431583201622307,-0.49870002,0.09729099663182467,0.09878740569113759,0.1025070881530866
7.54,False,0.0,0.0,-1.7293,-1.7789533657733232,-1.735472183684537,-1.784005214357126,-0.32250002,-0.3605116530951571,-0.32573130329414646,-0.35045773571200534,-0.49870002,0.09788755432655111,0.09869742055467895,0.1035116289156349
7.5600000000000005,False,0.0,0.0,-1.7167001,-1.7190100702904376,-1.733825972345127,-1.7267078153425328,-0.36339998,-0.33424960559835126,-0.32658313352456697,-0.32792048907685645,-0.49870002,0.09724798116635175,0.09855247661584624,0.1036455886156762
7.58,False,0.0,0.0,-1.7133001,-1.7094916573530767,-1.731392540845922,-1.712715532290908,-0.3743,-0.3461418272096599,-0.3285390028930763,-0.33627141674757666,-0.49870002,0.0971386354081113,0.09841109249507275,0.10367487084714624
7.6000000000000005,False,0.0,0.0,-1.6421001,-1.6454286681093313,-1.7227961535722631,-1.6572052508793473,-0.6052,-0.4910445364276428,-0.34478955624653296,-0.46504578021012505,-0.49870002,0.09229300606497765,0.09779928385206324,0.09793734697346028
7.62,False,0.0,0.0,-1.6314001,-1.6360115063183456,-1.7141176888468714,-1.6442479850222724,-0.6399,-0.5026048613313021,-0.3605710867550099,-0.4880821712658474,-0.49870002,0.091767186650743,0.09719607413193122,0.09604448345474632
7.640000000000001,False,0.0,0.0,-1.6240001,-1.6276171220119162,-1.705467632163376,-1.6345857054484938,-0.6640001,-0.5176563770231966,-0.37627961578182856,-0.5062877052264809,-0.49870002,0.09153563800226419,0.09663003051896452,0.09493572617473758
7.66,False,0.0,0.0,-1.6125001,-1.6190064467377334,-1.6968215136208118,-1.6260527428603866,-0.70150006,-0.5427412603429002,-0.3929257802379358,-0.5315067034981817,-0.49870002,0.09108418909851515,0.09607544637691959,0.09382217882909766
7.68,False,0.0,0.0,-1.5088,-1.5861629299996038,-1.685755655258691,-1.5978062769179358,-1.0376,-0.9202264909309658,-0.44565585130723884,-0.8686997353827484,-0.49870002,0.08726661915702019,0.09519456365492966,0.08953682516299963
7.7,False,0.0,0.0,-1.5038,-1.581444385025094,-1.6753245282353313,-1.591110974707505,-1.0539,-0.9373589617925148,-0.49482616235576643,-0.9171442672131331,-0.49870002,0.08706696076625182,0.09438180336606188,0.08856802140818446
7.72,False,0.0,0.0,-1.4884001,-1.5648930433051764,-1.6642813797423157,-1.574977257342333,-1.1037,-0.9888457168802579,-0.5442281178082156,-0.9735809140623688,-0.49870002,0.08645277713425414,0.09358890074288109,0.08773222974568132
7.74,False,0.0,0.0,-1.4727,-1.5444226984664189,-1.652295511614726,-1.5555134345500825,-1.1546,-1.040476107938118,-0.5938529168212059,-1.026928094125561,-0.49870002,0.0858883322013934,0.09281884388873232,0.08719123513861218
7.76,False,0.0,0.0,-1.4567001,-1.5174677511328294,-1.6388127355665363,-1.5298471490751595,-1.2065,-1.0899968631164327,-0.6434673114507286,-1.0773948287518376,-0.49870002,0.08541545674885644,0.09207850517474474,0.08681916591470118
7.78,False,0.0,0.0,-1.4513,-1.510741997796333,-1.6260056617895162,-1.5211116697854896,-1.2240001,-1.1095565494522979,-0.6900762352508856,-1.1008429938288948,-0.49870002,0.08521350115302577,0.09139200477257284,0.08663415724863237
7.8,False,0.0,0.0,-1.4404,-1.4948193995271166,-1.6128870355632763,-1.5051188787536174,-1.2593,-1.148703812603662,-0.7359389929861633,-1.1382694479952895,-0.49870002,0.08482834044666354,0.09073563833998191,0.08641249255187726
7.82,False,0.0,0.0,-1.4238,-1.4745030450004402,-1.5990486365069927,-1.486085566666057,-1.3130001,-1.204467293838543,-0.7827918230714013,-1.1922057184669246,-0.49870002,0.08415555403107387,0.09007762990909111,0.08597765933980418
7.84,False,0.0,0.0,-1.4070001,-1.467066118105011,-1.5858503846667946,-1.4780947918794631,-1.3676001,-1.270660419932705,-0.8315786827575317,-1.257074073856217,-0.49870002,0.08321693528621955,0.08939156044680396,0.08527628341955171
7.86,False,0.0,0.0,-1.3553001,-1.4227169082255684,-1.569537037022672,-1.437803820863802,-1.5353,-1.4634659111212787,-0.8947674055939064,-1.4335301992860991,-0.49870002,0.08042541619534022,0.0884949460216576,0.0832950022675849
7.88,False,0.0,0.0,-1.3436,-1.4057321793920414,-1.5531565512596088,-1.418691780723702,-1.5733001,-1.496394526996828,-0.9549301177341987,-1.4813103237757654,-0.49870002,0.07984048283931909,0.08762949970342375,0.08274286093429332
7.9,False,0.0,0.0,-1.3259001,-1.3834351873807573,-1.5361844148717236,-1.3967363743121135,-1.6306001,-1.5506493192200188,-1.0145020378827807,-1.5380063665726462,-0.49870002,0.07886589659845003,0.08675313939292638,0.08197050556639314
7.92,False,0.0,0.0,-1.314,-1.3689488255516726,-1.5194608559397185,-1.3813850930560214,-1.6690999,-1.5891190296527982,-1.0719637370597825,-1.579190479116694,-0.49870002,0.07818406568963078,0.08589623202259683,0.08141260072080296
7.94,False,0.0,0.0,-1.2962,-1.3535653946692665,-1.5028713098126734,-1.3658758867488694,-1.7271001,-1.6534045399082333,-1.1301078173446277,-1.6411715401935858,-0.49870002,0.07694980507233423,0.08500158932757057,0.08054721680991815
7.96,False,0.0,0.0,-1.2782,-1.3354063135734089,-1.486124810188747,-1.3482948265598784,-1.7853001,-1.721010504732408,-1.1891980860834057,-1.7080862882611845,-0.49870002,0.07573666430890891,0.0840750968257044,0.07973603561952292
7.98,False,0.0,0.0,-1.2602,-1.3206418633572123,-1.4695765155055935,-1.3331390003158188,-1.8438002,-1.7979521568363377,-1.250073493158699,-1.7831236022490013,-0.49870002,0.07432931349970592,0.08310051849310456,0.07887330434742755
8.0,False,0.0,0.0,-1.2119,-1.2721372299386164,-1.449832586948896,-1.2892165165517186,-2.0001998,-2.0006424988486677,-1.325130393727696,-1.9691648718303845,-0.49870002,0.07023780486134426,0.08181424712992853,0.07614611957970788
8.02,False,0.0,0.0,-1.1341001,-1.1738240778118725,-1.4222317360351937,-1.1995129574640395,-2.2525997,-2.251215588170384,-1.4177389131719647,-2.2073102123468233,-0.49870002,0.062123090346656626,0.07984513145160134,0.07032917511191197
8.040000000000001,False,0.0,0.0,-1.1282,-1.1693436642611432,-1.3969429288577886,-1.1853817200873404,-2.2718,-2.267137705184066,-1.5026787923731748,-2.2509649798264784,-0.49870002,0.06140564674574585,0.0780011829810158,0.06946526475942208
8.06,False,0.0,0.0,-1.1105,-1.1554895685369573,-1.3727975928257057,-1.169363960414839,-2.3291001,-2.317334804493515,-1.5841443935852089,-2.306363790892439,-0.49870002,0.05916906805212263,0.07611797148812648,0.06775995161472756
8.08,False,0.0,0.0,-0.9869,-1.0019288189731825,-1.3357107154404535,-1.031581023637406,-2.7297997,-2.622517824812434,-1.6879817367079313,-2.5838716150489236,-0.49870002,0.05211793241996503,0.07371796758131033,0.06202741712362301
8.1,False,0.0,0.0,-0.9117,-0.9202947802664785,-1.2941691219230562,-0.9435424320527165,-2.9738998,-2.840801362115291,-1.8032636992486673,-2.8083338209167206,-0.49870002,0.04918731816392584,0.07126490263957189,0.05845562435549998
8.120000000000001,False,0.0,0.0,-0.90699995,-0.9124376007252349,-1.255995969803274,-0.9248817547553421,-2.9891,-2.8609096541855643,-1.909028294742357,-2.854370322020225,-0.49870002,0.04838884095512362,0.06897729647112706,0.05707674155831047
8.14,False,0.0,0.0,-0.82369995,-0.8624040347374701,-1.2166367762966936,-0.8731203433689607,-3.2592006,-3.2052832608675463,-2.038653791354876,-3.173143293439919,-0.49870002,0.05642021563641879,0.06772158838765624,0.06430142051233739
8.16,False,0.0,0.0,-0.82009995,-0.866572391449893,-1.1816303378120137,-0.8708946823463342,-3.2708998,-3.2152959430562933,-2.1563180065250176,-3.2121243685684915,-0.49870002,0.05659023887915829,0.06660845343680645,0.06529669588091737
8.18,False,0.0,0.0,-0.81649995,-0.8705467505632722,-1.1505219790871395,-0.8729066966354213,-3.2824006,-3.2247128846000495,-2.263157494332521,-3.2297696262338054,-0.49870002,0.05712971824443748,0.06566057991756956,0.06615448703497506
8.2,False,0.0,0.0,-0.7997,-0.885272904495974,-1.1239970716280228,-0.8844148924206061,-3.337,-3.2487853435090246,-2.3617202792501715,-3.2549690307832853,-0.49870002,0.06348942522097104,0.0654434644479097,0.07198937661279989
8.22,False,0.0,0.0,-0.7873,-0.8778744248549338,-1.099384806950714,-0.878244910608764,-3.3771,-3.2561941705191044,-2.4511676683770647,-3.2644850473134497,-0.49870002,0.06911096864883946,0.06581021486800268,0.07760419790175135
8.24,False,0.0,0.0,-0.7815,-0.8614871884970089,-1.0755950451053435,-0.8625122714761764,-3.3960004,-3.26658839446925,-2.532709740986283,-3.275270369613543,-0.49870002,0.07031588878577219,0.06626078225977963,0.07925395601831581
8.26,False,0.0,0.0,-0.77059996,-0.8324296695199317,-1.0512785075468023,-0.8354986793469636,-3.4312,-3.3058117056617506,-2.61001993745383,-3.3114105895778265,-0.49870002,0.07392402518773236,0.0670271065525749,0.08316674916699453
8.28,False,0.0,0.0,-0.7681,-0.8267475779750223,-1.0288254145896243,-0.8274483742368739,-3.4394999,-3.3144503168871764,-2.6804629753971643,-3.322380209994284,-0.49870002,0.07376642609593193,0.06770103850691062,0.08337312919643089
8.3,False,0.0,0.0,-0.7585,-0.7933550304183281,-1.0052783761724948,-0.7949249671010891,-3.4705,-3.354056657333323,-2.74782234359078,-3.3595807374795466,-0.49870002,0.07363858843830251,0.06829479350004981,0.08311896519045857
8.32,False,0.0,0.0,-0.74619997,-0.7473225957158468,-0.97948279812683,-0.7506869581063207,-3.5105004,-3.4059065464659057,-2.8136307638782925,-3.40955320980497,-0.49870002,0.07463281518109169,0.068928595668154,0.0842131807626289
8.34,False,0.0,0.0,-0.7262,-0.6171907927662328,-0.9432535975907703,-0.6270866020583505,-3.5753999,-3.4666415986638826,-2.8789318473568515,-3.468930783405697,-0.49870002,0.07225788400509707,0.0692615245018483,0.08224310137381131
8.36,False,0.0,0.0,-0.72179997,-0.6595724744670471,-0.9148854852783981,-0.6558497520160574,-3.5895004,-3.470666752684718,-2.9381053378896382,-3.477219213128407,-0.49870002,0.07164426264711334,0.0694997983163748,0.08174245162172472
8.38,False,0.0,0.0,-0.72159994,-0.6762278351330667,-0.8910197202638649,-0.6702922303024186,-3.5901003,-3.463702685856541,-2.9906650726863284,-3.4717462065415305,-0.49870002,0.07162445677048325,0.06971226416178565,0.08132527319777397
8.4,False,0.0,0.0,-0.72159994,-0.6790557212759105,-0.8698233203650695,-0.6737144522789287,-3.5901003,-3.4588203644282753,-3.037480601860523,-3.4669864816836133,-0.49870002,0.07165171352950128,0.06990620909855721,0.08122571286757449
8.42,False,0.0,0.0,-0.72159994,-0.6494345776271628,-0.8477844460912788,-0.6461149281040112,-3.5901003,-3.415173251292698,-3.0752498668037407,-3.425923816892734,-0.49870002,0.0717607435723863,0.07009166254594013,0.08112915666204024
8.44,False,0.0,0.0,-0.72159994,-0.646726210108892,-0.8276786224930401,-0.6421660039971606,-3.5901003,-3.4129167255537447,-3.109016552678741,-3.4210163350612612,-0.49870002,0.07175986558301695,0.07025848284964781,0.08119993233452583
8.46,False,0.0,0.0,-0.72159994,-0.6549874380866392,-0.8104095040524001,-0.6481556897188551,-3.5901003,-3.443441553957871,-3.142459052806654,-3.4472569909926163,-0.49870002,0.07135204553457421,0.07036783911814046,0.08039389767983784
8.48,False,0.0,0.0,-0.72159994,-0.6227647136654496,-0.791645025013705,-0.6187940677830881,-3.5901003,-3.485443872541143,-3.176757534780103,-3.4870711315292198,-0.49870002,0.07017204586302939,0.07034825979262935,0.07868435870940002
8.5,False,0.0,0.0,-0.72159994,-0.6333959079021241,-0.775820113302547,-0.6261458360066112,-3.5901003,-3.530490715881305,-3.2121308528902235,-3.5298236012668833,-0.49870002,0.0676739195485365,0.07008082576822007,0.07582314872941504
8.52,False,0.0,0.0,-0.72159994,-0.635413306799469,-0.7617794326522392,-0.6282675213448954,-3.5901003,-3.533321041754603,-3.2442498717766615,-3.5353631227917144,-0.49870002,0.06744267158134858,0.06981701034953292,0.07530861517059433
8.540000000000001,False,0.0,0.0,-0.72159994,-0.6803547251732167,-0.753636961904337,-0.669260618298267,-3.5901003,-3.5285751977400146,-3.272682404372997,-3.5304179880158575,-0.49870002,0.06579409619972634,0.06941471893455227,0.07335351684438333
8.56,False,0.0,0.0,-0.72159994,-0.6805429355546496,-0.7463275592693683,-0.6721716142510257,-3.5901003,-3.5105088606520405,-3.2964650500009016,-3.5135352109610047,-0.49870002,0.06569377689383803,0.06904262473048085,0.07308915827796567
8.58,False,0.0,0.0,-0.72159994,-0.6804764580375713,-0.7397424491461886,-0.6730851467779235,-3.5901003,-3.496751788604111,-3.316493723861223,-3.5003263958385435,-0.49870002,0.06573395693473796,0.06871175795090657,0.07330157081081241
8.6,False,0.0,0.0,-0.72159994,-0.6777148481172801,-0.7335396890432978,-0.6703392047217941,-3.5901003,-3.434577959530061,-3.328302147428107,-3.4415960747907572,-0.49870002,0.06618730614424535,0.06845931277024045,0.07398260166129995
8.620000000000001,False,0.0,0.0,-0.72159994,-0.6652830995109598,-0.726714030090064,-0.6586357122308137,-3.5901003,-3.40914704832636,-3.3363866375179323,-3.413709090300997,-0.49870002,0.06681932318360496,0.0682953138115769,0.0750091528908602
8.64,False,0.0,0.0,-0.72159994,-0.6222474118964821,-0.7162673682707057,-0.6184510880612315,-3.5901003,-3.372644732326991,-3.340012446998838,-3.3768793286488945,-0.49870002,0.06871790303134007,0.06833757273355322,0.07763364315069389
8.66,False,0.0,0.0,-0.72159994,-0.5987891014433999,-0.7045195415879751,-0.5949867318859925,-3.5901003,-3.336303809236439,-3.3396415832225985,-3.3419361663641576,-0.49870002,0.07024170169087403,0.0685279856292853,0.07971390194612545
8.68,False,0.0,0.0,-0.72159994,-0.5967633739850585,-0.6937439248276835,-0.5912573567317889,-3.5901003,-3.3566872873724387,-3.341346153637583,-3.3565872646152677,-0.49870002,0.07223009504019419,0.06889819657037619,0.08230834277134277
8.700000000000001,False,0.0,0.0,-0.72159994,-0.5997129678304411,-0.6843408291279593,-0.5938380323141168,-3.5901003,-3.3584306282861194,-3.3430546011024367,-3.35772915151761,-0.49870002,0.07813454348102328,0.0698218312614409,0.08861605181530993
8.72,False,0.0,0.0,-0.72159994,-0.6021751269820916,-0.6761242589133726,-0.5963953217160938,-3.5901003,-3.353071937465698,-3.3440563347387626,-3.3532020367282316,-0.49870002,0.08119449880114626,0.07095909801541143,0.09223805935596198
8.74,False,0.0,0.0,-0.72159994,-0.6038762418560928,-0.6688994572076447,-0.5981883374350432,-3.5901003,-3.3503490829072575,-3.3446856095556123,-3.350419736246688,-0.49870002,0.08189183885094897,0.0720523720989652,0.09343006875185744
8.76,False,0.0,0.0,-0.72379994,-0.6223967724344748,-0.6642491887303277,-0.6149022423941697,-3.5830002,-3.3563213642796357,-3.3458491850280145,-3.354745421037862,-0.49870002,0.0877515459156955,0.07362228948063823,0.09851777677123036
8.78,False,0.0,0.0,-0.72440004,-0.6259341966182309,-0.6604176895191181,-0.6195014536140776,-3.5811,-3.3562395522060413,-3.346888221745817,-3.354833676042453,-0.49870002,0.08827635504079281,0.07508769603665369,0.09955285203205994
8.8,False,0.0,0.0,-0.72510004,-0.6294394891633387,-0.65731986948354,-0.6232361838073406,-3.579,-3.356226164775817,-3.3478220160488172,-3.3548146414180184,-0.49870002,0.0888255614458319,0.07646148257757152,0.10028734943204051
8.82,False,0.0,0.0,-0.74179995,-0.648365854667139,-0.6564244680018999,-0.6406316410592752,-3.5246,-3.331574699509632,-3.346197284394899,-3.3318227112289325,-0.49870002,0.09598678551901842,0.0784140128717162,0.10616249571396631
8.84,False,0.0,0.0,-0.7621,-0.6697543541607742,-0.6577574566177874,-0.6612768620586769,-3.4589005,-3.2711248739500496,-3.338690043350414,-3.276308387590472,-0.49870002,0.10150790740935962,0.08072340232548054,0.11143810292486016
8.86,False,0.0,0.0,-0.76689994,-0.670811351714682,-0.6590628461274769,-0.6644830559727708,-3.4432,-3.2607730435289484,-3.3308983433682675,-3.2614497737367625,-0.49870002,0.10250495454265722,0.08290155754719822,0.11299945401419759
8.88,False,0.0,0.0,-0.7694,-0.6702404804400901,-0.6601806095587381,-0.664712923640244,-3.435,-3.2550149610401626,-3.323310005135457,-3.2539817231918233,-0.49870002,0.10294443633102936,0.08490584542558133,0.11374607558731098
8.9,False,0.0,0.0,-0.80139995,-0.6653401161853351,-0.6606965602213979,-0.6610598097605958,-3.3312998,-3.145131677503521,-3.3054921723722637,-3.1546169350075246,-0.49870002,0.10724182746288055,0.08713944362931125,0.11690279638825007
8.92,False,0.0,0.0,-0.8369,-0.6871252162180269,-0.6633394258210608,-0.68036848655859,-3.2164001,-3.017100616678373,-3.2766530168028747,-3.0320800484523858,-0.49870002,0.11109477556506013,0.08953497682288615,0.12036542306061065
8.94,False,0.0,0.0,-0.84070003,-0.6912636303697675,-0.6661318462759315,-0.6858042670026532,-3.2038999,-3.0059488873013573,-3.2495826038527227,-3.0090537161254973,-0.49870002,0.11159568654115849,0.09174104779471338,0.12124963934552269
8.96,False,0.0,0.0,-0.8526,-0.708203420200455,-0.6703390036683838,-0.7016768790309413,-3.1653004,-2.9757487040801753,-3.2221992138754683,-2.9775433824783883,-0.49870002,0.11306639691197516,0.09387358270643956,0.12277968648981419
8.98,False,0.0,0.0,-0.8866,-0.7649027537560885,-0.6797953786771543,-0.7530454610472377,-3.0549998,-2.8437473405108062,-3.184354026539002,-2.8577744547971102,-0.49870002,0.11664169591015862,0.09615039402681147,0.12631379621429714
9.0,True,2.9999998,3.0,-0.9095,-0.8184480033901489,-0.6936606411484538,-0.8045146890303373,-2.9808998,-2.8101422875358577,-3.1469328526386877,-2.8177743359258356,-0.49870002,0.12289508498905086,0.09882486312303541,0.1284048600329841
9.02,True,3.0,3.0,-0.9434,-0.8643409409863919,-0.7107286711322477,-0.8461950058753616,-2.8709998,-2.658313396057868,-3.098070906980606,-2.6831570272814207,-0.49870002,0.12483803938169363,0.10142618074890124,0.1315557325805869
9.040000000000001,True,3.0,3.000001,-0.9792,-0.8849981374685346,-0.7281556177658763,-0.8676873929071711,-2.7547002,-2.575243089959077,-3.0457881252784533,-2.6017388277109945,-0.49870002,0.12607439274077467,0.10389100194808858,0.13388741982108754
9.06,True,3.0,3.0,-1.0114,-0.9021082224678769,-0.7455508782360764,-0.8859906840162655,-2.6506,-2.463129683670869,-2.987522281117695,-2.4945712638398305,-0.49870002,0.12573036523500447,0.10607493827678016,0.13465957348610802
9.08,True,3.0,3.0,-1.0334,-0.9239432938665482,-0.7633901197991235,-0.9079996703734242,-2.5791001,-2.386464705124913,-2.927416523518417,-2.4160876596440657,-0.49870002,0.12484733043358175,0.10795217749246032,0.13471498675809646
9.1,True,3.0,3.0,-1.0787002,-0.952504772808924,-0.7823015851001036,-0.9358532554225398,-2.4320998,-2.2366091580493217,-2.8583357869715074,-2.2749837443418315,-0.49870002,0.12182180913489003,0.10933914065670329,0.13274447658329
9.120000000000001,True,3.0,3.0,-1.1020001,-0.9590990808202058,-0.7999813346721139,-0.9450665823005417,-2.3568,-2.168163503851621,-2.7893185586595184,-2.2008555462383725,-0.49870002,0.12005933568028346,0.1104111601590613,0.13157603619299535
9.14,True,3.0,3.0,-1.1432,-0.9697511342020951,-0.8169583146251119,-0.9569525722675515,-2.223,-2.0568434887407467,-2.716071051667641,-2.091528932296108,-0.49870002,0.11668142192230933,0.1110381863353861,0.12889461590422002
9.16,True,3.0,3.0,-1.1731,-0.9883638828350161,-0.8340988714461024,-0.9753569957958492,-2.1261997,-1.9702600978272073,-2.6414899562835976,-2.002658468871892,-0.49870002,0.11433887412134221,0.11136825511398171,0.12690237112956695
9.18,True,3.0,3.0,-1.1911001,-1.0006361558534325,-0.8507525998868355,-0.9883347411633014,-2.0677,-1.9180757088755427,-2.569148531542792,-1.9442037623132582,-0.49870002,0.11261965066361544,0.11149339466894509,0.12534087646295533
9.200000000000001,True,3.0,3.0,-1.2152001,-1.0198428743077577,-0.8676616273289278,-1.0071674187430593,-1.9896001,-1.8379906137802862,-2.4960327397665414,-1.863680376409329,-0.49870002,0.10988910973852602,0.11133296617590319,0.12286880219152443
9.22,True,3.0,3.000001,-1.2273,-1.0328151490389361,-0.8841769794999287,-1.020718100055548,-1.9505001,-1.7890234846227142,-2.4253318142521585,-1.810156702299612,-0.49870002,0.10833186329219487,0.11103285588753237,0.1213175440354616
9.24,True,3.0,3.0,-1.2634001,-1.0928991493952138,-0.9050491964894571,-1.0748673318112154,-1.8333002,-1.6699233272495606,-2.349790965551899,-1.6975841546028565,-0.49870002,0.10380953850026416,0.11031052414880554,0.11724827041436588
9.26,True,3.0,3.000001,-1.2694,-1.1004753721023557,-0.924591814050747,-1.0857290148830205,-1.8138001,-1.6483909472891547,-2.279650963725625,-1.6669303867674863,-0.49870002,0.10307484782050867,0.10958695651597586,0.11625514458200004
9.28,True,3.0,3.0,-1.3054,-1.1209400806943968,-0.944226640715112,-1.106561445438527,-1.6973001,-1.5339018299456897,-2.205076050347631,-1.559211135988123,-0.49870002,0.09928017776612692,0.10855627864099096,0.11272266929292196
9.3,True,3.0,3.0,-1.3113,-1.120621028871326,-0.9618660795307333,-1.1093290421687887,-1.6779002,-1.5160602901235691,-2.136174474325225,-1.532519462740207,-0.49870002,0.09876921200766162,0.10757757197765803,0.11189763589440033
9.32,True,3.0,3.0,-1.335,-1.1212015622831468,-0.9777996278059747,-1.111800810712492,-1.6011,-1.4506065406445146,-2.067617680957154,-1.4677880623710562,-0.49870002,0.09695368033246683,0.10651518281313892,0.11004165066302858
9.34,True,3.0,3.0,-1.3526001,-1.1194687183595484,-0.9919665368613322,-1.1115967906581639,-1.544,-1.4088699253638937,-2.001742905397828,-1.4232887464639206,-0.49870002,0.09595485917955306,0.10545915044978034,0.1088772276194054
9.36,True,3.0,3.0,-1.3701,-1.1339002274304082,-1.0061599059182398,-1.1248288216732065,-1.4874,-1.3630918866159831,-1.9378778035196436,-1.3762818682843523,-0.49870002,0.09493590440740214,0.10440682584554252,0.10774085526026017
9.38,True,3.0,3.0,-1.4101001,-1.2155733675987093,-1.0271012520862868,-1.196688225100574,-1.3577,-1.2636943078026879,-1.870459453947948,-1.2834156013674156,-0.49870002,0.09427844071039558,0.10339398733202783,0.10692666367126528
9.4,True,3.0,3.0,-1.4963001,-1.3845096975583921,-1.0628420966334973,-1.3472665100139545,-1.0780001,-1.0778528834422914,-1.7911987968973824,-1.1139766655070087,-0.49870002,0.09612791930333042,0.1026673805291581,0.10823435870862333
9.42,True,3.0,3.0,-1.5214001,-1.421216156889983,-1.0986795026591458,-1.3899615613109997,-0.99660003,-0.9958371163784766,-1.711662628845492,-1.0285611064469369,-0.49870002,0.09705068011690386,0.10210571048793267,0.10890885230880437
9.44,True,3.0,2.9999995,-1.5408001,-1.4051799278610673,-1.129329545179338,-1.385101473385708,-0.9339,-0.9221735253142426,-1.632713718492367,-0.9515107623620862,-0.49870002,0.097862772174557,0.10168141665659511,0.1095578627592241
9.46,True,3.0,3.0,-1.5455,-1.4008993997742556,-1.1564865306388297,-1.3865002562734268,-0.91859996,-0.9005335810707139,-1.5594957047502018,-0.9204502236433214,-0.49870002,0.09799861396814956,0.10131313638775055,0.10967816371817249
9.48,True,3.0,2.9999995,-1.5902001,-1.4021908048032206,-1.1810569580552688,-1.3907445187455045,-0.77370006,-0.68288780606883,-1.4718349148820646,-0.7238867649608414,-0.49870002,0.09830233214006476,0.10101205596298198,0.10993684117822619
9.5,True,3.0,3.0000005,-1.6106,-1.4131892357400302,-1.204270185823745,-1.402361632166371,-0.70730007,-0.615797071371768,-1.386231130531035,-0.6498973307196279,-0.49870002,0.09809305796161413,0.1007201561628452,0.10978114743811873
9.52,True,3.0,2.9999995,-1.6184001,-1.4273629871708635,-1.226579465958457,-1.416513028719358,-0.68200004,-0.6032558847834998,-1.3079336059562816,-0.6252166787086545,-0.49870002,0.09764399045368884,0.10041253959192957,0.10941378911543333
9.540000000000001,True,3.0,3.0,-1.6223,-1.4389936842125723,-1.2478208877838686,-1.4284806348150902,-0.6696,-0.6002050846686917,-1.2371607538275227,-0.6128156339807773,-0.49870002,0.09737564442883245,0.10010885007561986,0.10917682422344778
9.56,True,2.999999,3.0000005,-1.644,-1.4816958016363206,-1.2712083791691138,-1.4671009958386163,-0.5991,-0.5682120549324782,-1.1702658839380182,-0.5786825062805341,-0.49870002,0.09586703618811361,0.09968466868686923,0.10789503048722884
9.58,True,3.0,3.0,-1.6474,-1.4881763782406403,-1.2929051790762665,-1.475900481625117,-0.588,-0.559772907120571,-1.1092165862562735,-0.5655386338736641,-0.49870002,0.09559344628154433,0.09927554644633674,0.10759906434150854
9.6,True,3.0,3.0,-1.6573,-1.5093002257567474,-1.3145446837443144,-1.4964897103151562,-0.55590004,-0.5339080200537589,-1.051685729636022,-0.5389960496727288,-0.49870002,0.09475580232779243,0.0988235720344823,0.10683559527400627
9.620000000000001,True,3.0,3.0,-1.6697,-1.5306637144055772,-1.3361565868104408,-1.5174392520085689,-0.5159,-0.4943834451970741,-0.9959555011921273,-0.5009553749836605,-0.49870002,0.09368411407084745,0.09830962623811883,0.10585933900024772
9.64,True,3.0,3.0,-1.6783,-1.549500856110907,-1.3574910137404874,-1.5364401561499998,-0.48800004,-0.4636320996141837,-0.942723161034333,-0.4699526244004919,-0.49870002,0.09284191780235168,0.09776285539454212,0.10505033609664345
9.66,True,2.999999,2.9999998,-1.6914,-1.5673979523817005,-1.378481707604609,-1.5545193243905082,-0.44560003,-0.40687492707406225,-0.889138337638306,-0.41673882639633353,-0.49870002,0.09156248282791372,0.09714281813787928,0.10387599188250987
9.68,True,2.999999,2.9999995,-1.6984,-1.5666852691138258,-1.3973020637555307,-1.5564081422087495,-0.42270005,-0.3845300044736414,-0.8386775043218395,-0.39197789913639114,-0.49870002,0.09108814005067728,0.09653735032915908,0.10336466452978821
9.700000000000001,True,3.0,3.0,-1.7006,-1.5590328564287455,-1.4134751430228523,-1.5514943393157952,-0.41550004,-0.37738269719426654,-0.7925480236090822,-0.3810652683638805,-0.49870002,0.09103362653264122,0.09598697794950731,0.10321384903015945
9.72,True,3.0,3.0,-1.7049,-1.5494670386306069,-1.427074332583628,-1.544047782679353,-0.40180004,-0.36536013407479984,-0.749829234655654,-0.36720429944749533,-0.49870002,0.09082811087032656,0.09547109124158923,0.10296142127429286
9.74,True,3.000001,3.0,-1.7107,-1.582682447004776,-1.442635144025743,-1.5726807627444768,-0.38279998,-0.3610278593890569,-0.7109490971289943,-0.3605540685272762,-0.49870002,0.09000219950054471,0.09492420206748478,0.10221392077455571
9.76,True,3.0,3.0,-1.7125001,-1.5939789951339942,-1.4577695291365682,-1.5839955433247748,-0.37690002,-0.3608992842779424,-0.6759441158438891,-0.35826810058233716,-0.49870002,0.08972927710644117,0.09440470957138042,0.10191726154475877
9.78,True,3.000001,3.0,-1.7191,-1.6194769726913154,-1.473940273492043,-1.6076055476986293,-0.3556,-0.36402250667153435,-0.6447519549266536,-0.35946324318775924,-0.49870002,0.08886122224692994,0.09385036083893537,0.10113717099223754
9.8,True,2.999999,3.0,-1.7349,-1.6909547464326744,-1.4956417207861064,-1.671166949688873,-0.3043,-0.3411701632782985,-0.6143937757618181,-0.3390088621782554,-0.49870002,0.08296511470510978,0.09276183622555283,0.09612055071437339
9.82,True,3.0,3.0,-1.7351,-1.6598403496694198,-1.5120615836744378,-1.6492395488856062,-0.30380002,-0.33034879663255245,-0.5859892778488915,-0.32812229938393656,-0.49870002,0.08141532515479238,0.09162718511847678,0.09454051999225153
9.84,True,2.999999,2.9999995,-1.7351,-1.640015254432462,-1.52485695075024,-1.634130282260225,-0.30380002,-0.3288152386098553,-0.5602718739249879,-0.32525460186919947,-0.49870002,0.07988713654841162,0.09045318026147027,0.09297299150665189
9.86,True,3.0,3.0,-1.7351,-1.6505690257622287,-1.537428158251439,-1.6435503006995027,-0.30380002,-0.32597673152919776,-0.5368423596854088,-0.32170580760087353,-0.49870002,0.0789233928748916,0.0893002015228124,0.09188190698644041
9.88,True,3.000001,3.0,-1.7351,-1.6544744415005912,-1.5491327865763542,-1.6475734519141239,-0.30380002,-0.32368850361172674,-0.5155269740780406,-0.31883169991038196,-0.49870002,0.07845698808373432,0.0882158801789046,0.09123835025230999
9.9,True,2.999999,3.0,-1.7351,-1.6555163419650794,-1.5597711421152267,-1.6491128853697905,-0.30380002,-0.32003010939808346,-0.4959772876100449,-0.3149728053920238,-0.49870002,0.07803260650979005,0.08719755281199314,0.09066747092190067
9.92,True,3.0,3.0,-1.7351,-1.6666019334314723,-1.5704542212468513,-1.6591066994800006,-0.30380002,-0.3075936515608424,-0.47713892400512464,-0.3036977963109718,-0.49870002,0.0765569348976739,0.08613349102056121,0.08923057955165681
9.94,True,3.000001,3.0,-1.7351,-1.6875160320519078,-1.582160402327357,-1.6779242246888504,-0.30380002,-0.3002613839173588,-0.4594511699963481,-0.2964715659134798,-0.49870002,0.07532173615474982,0.08505231553398007,0.08796791167384571
9.96,True,3.000001,3.0,-1.7351,-1.6958524435349653,-1.5935296064481177,-1.6865832032873427,-0.30380002,-0.29647046344131944,-0.44315309934084524,-0.2922265576552018,-0.49870002,0.07474395299982577,0.08402147928056464,0.08725947755046534
9.98,True,3.0,3.0,-1.7351,-1.705268095617009,-1.604703455365007,-1.696079765275854,-0.30380002,-0.27012265271963787,-0.4258500546787245,-0.2688207371626445,-0.49870002,0.07242572730847771,0.08286190408335595,0.08509744560598291
10.0,True,3.0,2.9999995,-1.7351,-1.7058627196456213,-1.6148193817930685,-1.6980062493236785,-0.30380002,-0.26375307146486804,-0.40964035635733886,-0.26158859798961687,-0.49870002,0.07195721474147138,0.0817714351491675,0.08444337563946558
10.02,True,3.0,3.0,-1.7351,-1.6780197615123627,-1.6211394197649978,-1.675192548422893,-0.30380002,-0.21560134372147377,-0.3902364550937524,-0.21875816507730356,-0.49870002,0.06939438181318171,0.08053372981556893,0.08203012621945252
10.040000000000001,True,3.0,2.9999995,-1.7351,-1.6878818848521795,-1.6278136662737162,-1.6831529462491002,-0.30380002,-0.21621126202694524,-0.3728339357870717,-0.21604542584051534,-0.49870002,0.0685749651592828,0.07933785334994031,0.08102839022451161
10.06,True,3.0,2.9999995,-1.7351,-1.6925448725376249,-1.634286786900107,-1.6872770431594213,-0.30380002,-0.2198393253439861,-0.3575344747427632,-0.21699432862822576,-0.49870002,0.0676835834452253,0.0781724263594688,0.07999162301159189
10.08,True,3.0,3.0000005,-1.7351,-1.654332428212783,-1.6362913510313746,-1.6545885924543164,-0.30380002,-0.21241625094722616,-0.34302265236320945,-0.20927734392550754,-0.49870002,0.06757316124796352,0.07711249984831828,0.07963660341249292
10.1,True,3.0,3.0,-1.7351,-1.6417978181038826,-1.6368419977386255,-1.642137157626409,-0.30380002,-0.20833719857449717,-0.3295541069843382,-0.20455102437814351,-0.49870002,0.06754703805741209,0.07615595366922766,0.07941015256010425
10.120000000000001,True,3.0,3.0,-1.7351,-1.687932510425367,-1.6419510490072997,-1.6805536723793295,-0.30380002,-0.2266872748086185,-0.3192674237667662,-0.21961896905896106,-0.49870002,0.06671613237138876,0.07521197153944377,0.07852583871950886
10.14,True,3.0,3.0,-1.7351,-1.7242813700322357,-1.6501840811097934,-1.7131724542458693,-0.30380002,-0.25814034485911014,-0.31315471587600063,-0.24705401047152642,-0.49870002,0.0662265300186403,0.07431342738736342,0.07796377763914497
10.16,True,3.0,3.0,-1.7351,-1.7276967342480332,-1.6579353464236175,-1.7186417894233887,-0.30380002,-0.2626507932255841,-0.30810432361095896,-0.252643548323528,-0.49870002,0.06680818594859086,0.07356290324348616,0.0783436587155755
10.18,True,3.0,3.0,-1.7351,-1.7272918303097957,-1.6648709948122353,-1.7200635704738167,-0.30380002,-0.2615681312903097,-0.30345070437889404,-0.2530327288867564,-0.49870002,0.06712462594592308,0.07291907551372985,0.07855565470664054
10.200000000000001,True,3.0,3.0,-1.7351,-1.7648188667749811,-1.67486578200851,-1.753906322303675,-0.30380002,-0.2640905927525769,-0.29951469321626234,-0.25612457995786925,-0.49870002,0.06890205228112498,0.07251737319046936,0.0800568219751068
10.22,True,2.999999,3.0,-1.7351,-1.7813627605974516,-1.6855154798674041,-1.7709395173927984,-0.30380002,-0.26496523819391143,-0.29605974771402727,-0.2576172435004021,-0.49870002,0.0714106513249791,0.07240670100392033,0.08228344339587244
10.24,True,3.0,2.999999,-1.7351,-1.815473728316,-1.6985113047122637,-1.8031920904101235,-0.30380002,-0.2806858000081022,-0.29452235294343476,-0.27190117566930305,-0.49870002,0.07549666050253062,0.07271569695378136,0.08594699057186178
10.26,True,3.0,3.0,-1.7351,-1.8228496629701734,-1.710945140538055,-1.8128008143838192,-0.30380002,-0.2860709403000435,-0.2936772116790956,-0.2776834438710052,-0.49870002,0.07786669057348393,0.0732307963157516,0.08827654474519286
10.28,True,3.0,2.999999,-1.7351,-1.8239994573003813,-1.7222505722142878,-1.8160821836276626,-0.30380002,-0.2866091800728545,-0.2929704085184715,-0.2790960813205317,-0.49870002,0.07866235340540353,0.0737739520247168,0.08927402121738182
10.3,True,3.0,3.0,-1.7351,-1.8227727684613955,-1.7323027918389986,-1.816417610407968,-0.30380002,-0.2850985387275904,-0.2921832215393834,-0.2783507638869957,-0.49870002,0.07975697763121664,0.0743722545853668,0.09046992981640631
10.32,True,3.0,3.000001,-1.7351,-1.7794530794331167,-1.7370178205984106,-1.7791152927636318,-0.30380002,-0.20104781254345144,-0.2830696806397902,-0.20499575061888856,-0.49870002,0.08628978382009536,0.07556400750883965,0.09633950768245217
10.34,True,3.0,3.0,-1.7351,-1.7640068446587245,-1.7397167230044421,-1.763744296413122,-0.30380002,-0.19154322516744404,-0.2739170350925556,-0.19262683170544947,-0.49870002,0.08497726187640926,0.07650533294559662,0.09567647272895288
10.36,True,3.0,3.0,-1.7351,-1.6117226043290205,-1.7269173111369,-1.6271751717328218,-0.30380002,-0.18769789501405126,-0.2652951210847052,-0.18643406624684372,-0.49870002,0.09067976674865932,0.0779227763259029,0.10083835957564644
10.38,True,3.0,3.0,-1.7351,-1.56180357492632,-1.710405937515842,-1.573985294649169,-0.30380002,-0.18155113544949386,-0.2569207225211841,-0.17922710482904844,-0.49870002,0.092145203169634,0.07934501901027602,0.10254370182094741
10.4,True,3.0,3.0,-1.7351,-1.5377400221584,-1.6931393459800979,-1.545110647058261,-0.30380002,-0.18424207865081915,-0.24965285813414761,-0.18031857614333152,-0.49870002,0.09288232335421977,0.0806987494446704,0.10353083202810236
10.42,True,3.0,3.0,-1.7351,-1.5358530872754577,-1.677410720109634,-1.5380738432619232,-0.30380002,-0.17198316695851734,-0.2418858890165846,-0.16891800687866138,-0.49870002,0.09315786167555394,0.08194466066775875,0.10402247107326519
10.44,True,3.0,3.0,-1.7351,-1.5591974147034207,-1.6655893895690128,-1.5557635907466154,-0.30380002,-0.17517102553866204,-0.23521440266879234,-0.17085641673604318,-0.49870002,0.09256113559930461,0.08300630816091334,0.103669403345242
10.46,True,2.9999998,3.0,-1.7351,-1.6083867514508337,-1.659869125757195,-1.5990129175868824,-0.30380002,-0.19388939555635554,-0.23108190195754869,-0.1871793124499479,-0.49870002,0.09157367418556017,0.08386304476337803,0.10289515065128013
10.48,True,3.0,3.0,-1.7351,-1.6146378522959732,-1.6553459984110728,-1.6068758263867542,-0.30380002,-0.1962080473386944,-0.22759451649566326,-0.1900628075846204,-0.49870002,0.09143266067376453,0.08462000635441667,0.10278008811118994
10.5,True,3.0000002,3.0,-1.7351,-1.6531818287044726,-1.6551295814404128,-1.6427047075213048,-0.30380002,-0.22245191953960508,-0.22708025680005745,-0.21406045764113513,-0.49870002,0.09042873395253165,0.08520087911422818,0.10190657463651939
10.52,True,3.0000005,3.000001,-1.7351,-1.6568978262942486,-1.6553064059257963,-1.6487844951856656,-0.30380002,-0.2217068253761723,-0.22654291365766893,-0.21511585453506737,-0.49870002,0.09033923315948911,0.08571471451875426,0.10177397052361911
10.540000000000001,True,3.0,3.0,-1.7351,-1.674109514705386,-1.6571867168037553,-1.6657361804374047,-0.30380002,-0.21518981969446832,-0.22540760426134887,-0.21020590981227102,-0.49870002,0.08987575099047915,0.08613081816592676,0.10132472147517413
10.56,True,3.0,3.000001,-1.7351,-1.682946143084551,-1.6597626594318349,-1.6752709251035494,-0.30380002,-0.20796978798944676,-0.22366382263415868,-0.2039703759050591,-0.49870002,0.08969094625548012,0.08648683097488209,0.10111537041109134
10.58,True,3.0,3.0,-1.7351,-1.6831219738526595,-1.6620985908739174,-1.6767325288236408,-0.30380002,-0.20468354574239173,-0.221765794944982,-0.20071595908690404,-0.49870002,0.0897051263851579,0.08680866051590969,0.10110316891566201
10.6,True,3.0,2.999999,-1.7351,-1.684515938442416,-1.6643403256307674,-1.6786345267561864,-0.30380002,-0.20264096322430064,-0.21985331177291387,-0.19855492199205538,-0.49870002,0.08972840513069762,0.08710063497738849,0.10112166847083594
10.620000000000001,True,3.0,3.0,-1.7351,-1.678890762924619,-1.6657953693601526,-1.6739197792887357,-0.30380002,-0.19717891493476758,-0.21758587208909924,-0.1934984965821932,-0.49870002,0.08981961379347235,0.08737253285899688,0.1012223581829824
10.64,True,3.0,3.0,-1.7351,-1.6743792493696854,-1.666653757361106,-1.6697464221296383,-0.30380002,-0.1964894622782054,-0.21547623110800987,-0.192507942878805,-0.49870002,0.08987976207889946,0.08762325578098715,0.10129328491088012
10.66,True,3.0,3.0,-1.7351,-1.6701082827728395,-1.6669992099022795,-1.6656153515881278,-0.30380002,-0.19604939699370738,-0.21353354769657962,-0.19188539864468934,-0.49870002,0.08994659751623567,0.08785558995451201,0.10137047091355916
10.68,True,2.999999,3.0,-1.7351,-1.577167983476057,-1.6580160872596572,-1.5818743644841207,-0.30380002,-0.21627283026073812,-0.21380747595299546,-0.209777446460208,-0.49870002,0.09093995228328129,0.08816402618738894,0.10224170395032378
10.700000000000001,True,3.0,3.0,-1.7351,-1.5649982196948007,-1.6487143005031717,-1.5658281181792049,-0.30380002,-0.21854274342991592,-0.2142810027006875,-0.21280791537078822,-0.49870002,0.09104501633993965,0.08845212520264402,0.10237913303933566
10.72,True,3.000001,3.0,-1.7351,-1.5598840303302308,-1.6398312734858775,-1.5581217941631174,-0.30380002,-0.2201889325062032,-0.21487179568123907,-0.21486250351655234,-0.49870002,0.09118984249050363,0.08872589693142997,0.1025357688158607
10.74,True,3.0,3.0000005,-1.7351,-1.585900844527277,-1.6344382305900176,-1.5796534151266983,-0.30380002,-0.22065275118252314,-0.21544989123136749,-0.21558145652400285,-0.49870002,0.09112300103954159,0.08896560734224113,0.102510745948117
10.76,True,3.0,3.0,-1.7351,-1.6207190605615092,-1.6330663135871668,-1.6111837270743474,-0.30380002,-0.2201622041298869,-0.21592112252121945,-0.21540486020466418,-0.49870002,0.09078921473853867,0.08914796808187088,0.1022298202972094
10.78,True,3.0,3.0,-1.7351,-1.631478554896436,-1.632907537718094,-1.622793065661952,-0.30380002,-0.22131505710557453,-0.216460515979655,-0.21653320169848247,-0.49870002,0.09065560400012442,0.08929873167369623,0.10209964986258038
10.8,True,2.999999,3.0,-1.7351,-1.6378916978346807,-1.6334059537297527,-1.6299911116475483,-0.30380002,-0.2383367562788425,-0.21864814000957375,-0.23185125106098384,-0.49870002,0.0904189497833265,0.08941075348465925,0.10185443371517147
10.82,True,2.999999,3.0,-1.7351,-1.648820480865634,-1.634947406443341,-1.6409006149077487,-0.30380002,-0.25171251898603714,-0.2219545779072201,-0.2446676609824896,-0.49870002,0.09010814154657242,0.08948049229085056,0.1015422935853251
10.84,True,3.0,3.0,-1.7351,-1.6821920937916661,-1.6396718751781734,-1.6718593145916811,-0.30380002,-0.2597598520432139,-0.22573510532081947,-0.2529854124653246,-0.49870002,0.08947939892647047,0.08948038295441255,0.10094480572298689
10.86,True,3.0,3.0,-1.7351,-1.7083559536396609,-1.646540283024322,-1.697439425667894,-0.30380002,-0.2633972819129986,-0.2295013229800374,-0.25723790470085345,-0.49870002,0.08880462801436101,0.0894128074604074,0.10028576358054461
10.88,True,3.0,3.0,-1.7351,-1.7145935677515853,-1.6533456114970484,-1.7054260701612423,-0.30380002,-0.26137968461624667,-0.23268915914365831,-0.256104505635004,-0.49870002,0.08810926644745228,0.08928245335911189,0.09959078184784856
10.9,True,3.000001,3.0,-1.7351,-1.7093726922884491,-1.6589483195761885,-1.7021832983657783,-0.30380002,-0.2565517961074006,-0.23507542284003255,-0.2520443832509169,-0.49870002,0.08744335360617206,0.08909854338381791,0.09891444703093943
10.92,True,3.0,3.0,-1.7351,-1.7050277499534467,-1.6635562626139144,-1.6987445637153435,-0.30380002,-0.255439523779581,-0.2371118329339874,-0.2509229895274613,-0.49870002,0.08737450360418697,0.08892613940585482,0.09876077779705528
10.94,True,2.999999,3.0,-1.7351,-1.6559220510814192,-1.662792841460665,-1.6548014324567897,-0.30380002,-0.26720907376463104,-0.24012155701705176,-0.2612551194770607,-0.49870002,0.08699691405272904,0.08873321687054225,0.09839611828411521
10.96,True,3.000001,3.0,-1.7351,-1.6203814896420836,-1.6585517062788069,-1.620584765586676,-0.30380002,-0.26916131437077306,-0.2430255327524239,-0.2634861982783017,-0.49870002,0.08766483544503231,0.08862637872799126,0.09895339964609567
10.98,True,3.0,3.0,-1.7351,-1.4860452730981493,-1.6413010629607412,-1.4981353573169405,-0.30380002,-0.3505811083689334,-0.25378109031407486,-0.3362127895590192,-0.49870002,0.08993721625996029,0.08875746248118817,0.10073677373006398
11.0,True,0.0,0.0,-1.7351,-1.4452126785808792,-1.621692224522755,-1.4511384006320651,-0.30380002,-0.35673328333495313,-0.2640763096161627,-0.3574543141583454,-0.49870002,0.08832507142354075,0.08871422337542342,0.09719344481944847
11.02,False,0.0,0.0,-1.7351,-1.4936872184678984,-1.6088917239172693,-1.4882553822561215,-0.30380002,-0.373574810009783,-0.2750261596555247,-0.3796395095480976,-0.49870002,0.08929641030646834,0.08877244206852791,0.09346134660340802
11.040000000000001,False,0.0,0.0,-1.7351,-1.5222948945038988,-1.6002320409759323,-1.5160838107832824,-0.30380002,-0.3998180779169682,-0.28750535148166906,-0.40643473323867974,-0.49870002,0.08946649368546601,0.08884184723022172,0.09268709628208138
11.06,False,0.0,0.0,-1.7351,-1.5581761469278064,-1.5960264515711198,-1.550119785338143,-0.30380002,-0.44855901528470543,-0.3036107178619727,-0.4526961000844404,-0.49870002,0.08996784365624906,0.08895444687282444,0.09416738062155253
11.08,False,0.0,0.0,-1.7351,-1.5568509244185411,-1.5921088988558618,-1.5514388394631253,-0.30380002,-0.45086867238736217,-0.3183365133145117,-0.45852747915848746,-0.49870002,0.09015244392797028,0.08907424657833903,0.09502459231761455
11.1,False,0.0,0.0,-1.7351,-1.5447046114495169,-1.5873684701152273,-1.5411467674729404,-0.30380002,-0.4465590354742558,-0.3311587655304861,-0.455276446223895,-0.49870002,0.0906311646248019,0.08922993838298532,0.0964914819417941
11.120000000000001,False,0.0,0.0,-1.7351,-1.4996710001830458,-1.578598723122009,-1.5006756836121058,-0.30380002,-0.38942483013361007,-0.33698537199079853,-0.40147642100422654,-0.49870002,0.09224539017575432,0.08953148356226222,0.10002691532414804
11.14,False,0.0,0.0,-1.7351,-1.4573409756898625,-1.5664729483787945,-1.4587953085564846,-0.30380002,-0.28465001333093665,-0.33175183612481235,-0.2975307678728034,-0.49870002,0.09372357548346219,0.08995069275438221,0.10244705746283145
11.16,False,0.0,0.0,-1.7351,-1.457708036257288,-1.5555964571666439,-1.4569090993663134,-0.30380002,-0.2618913819492723,-0.32476579070725836,-0.26729325885204736,-0.49870002,0.09377832954653095,0.09033345643359708,0.10272914998740863
11.18,False,0.0,0.0,-1.7351,-1.4585566939772032,-1.5458924808476997,-1.4573370347850205,-0.30380002,-0.2522019039353553,-0.31750940203006806,-0.25473101680001076,-0.49870002,0.0937488026437668,0.09067499105461405,0.10258981525778688
11.200000000000001,False,0.0,0.0,-1.7351,-1.4549825083807102,-1.5368014836010009,-1.453783628398762,-0.30380002,-0.21643738409058105,-0.30740220023611936,-0.2176775516566698,-0.49870002,0.09193676488517201,0.09080116843766985,0.09952009980594817
11.22,False,0.0,0.0,-1.7351,-1.457350738474354,-1.5288564090883363,-1.4554719289414892,-0.30380002,-0.2165570342482126,-0.2983176836373287,-0.2146703266568178,-0.49870002,0.09162252286807611,0.09088330388071048,0.09869449357167301
11.24,False,0.0,0.0,-1.7351,-1.4696178281587364,-1.5229325509953764,-1.4648496036307086,-0.30380002,-0.18365535592757698,-0.28685145086635355,-0.18280408691058764,-0.49870002,0.08925960090283913,0.09072093358292335,0.09615563795172957
11.26,False,0.0,0.0,-1.7351,-1.4979657336094543,-1.5204358692567843,-1.49046065491851,-0.30380002,-0.1354411999939344,-0.27171042577911164,-0.13620906515096837,-0.49870002,0.0877264209870298,0.090421482323334,0.09423207542642255
11.28,False,0.0,0.0,-1.7351,-1.5033240932335727,-1.5187246916544632,-1.4976560269707726,-0.30380002,-0.12455208272474305,-0.25699459147367476,-0.1226200106698803,-0.49870002,0.08758931031838973,0.09013826512283957,0.09387460114009724
11.3,False,0.0,0.0,-1.7351,-1.524491319719946,-1.5193013544610117,-1.5162662691459112,-0.30380002,-0.11256584695500016,-0.2425517170218073,-0.11111636071207906,-0.49870002,0.08700213989356448,0.08982465259991206,0.09317060297365266
11.32,False,0.0,0.0,-1.7351,-1.6061092045409708,-1.5279821394690076,-1.5912308311594159,-0.30380002,-0.0768295662208558,-0.22597950194171215,-0.07957425074534162,-0.49870002,0.08718067843046162,0.08956025518296701,0.0934458228254523
11.34,False,0.0,0.0,-1.7351,-1.5725681016243864,-1.5324407356845455,-1.565959585066217,-0.30380002,-0.11995684730018058,-0.215377236477559,-0.11728371446946093,-0.49870002,0.08948494348947425,0.08955272401361773,0.09653922324786329
11.36,False,0.0,0.0,-1.7351,-1.5509011614782198,-1.534286778263913,-1.5448232801357331,-0.30380002,-0.11972212567199081,-0.20581172539700218,-0.1200473528888658,-0.49870002,0.09019521283478468,0.08961697289573442,0.09780298275902656
11.38,False,0.0,0.0,-1.7351,-1.5131198900272058,-1.5321700894402421,-1.5085551264525665,-0.30380002,-0.1074764851995817,-0.19597820137726013,-0.10985443479202812,-0.49870002,0.0930519136159004,0.08996046696775102,0.1007527564373356
11.4,False,0.0,0.0,-1.7351,-1.4938837825721436,-1.5283414587534323,-1.4884466756318346,-0.30380002,-0.10626329581961835,-0.18700671082149595,-0.1085534458986531,-0.49870002,0.09460976743843913,0.09042539701481983,0.10254687477170596
11.42,False,0.0,0.0,-1.7351,-1.4956000196973802,-1.525067314847827,-1.4883677517393756,-0.30380002,-0.11008805674428074,-0.17931484541377443,-0.11228198492929589,-0.49870002,0.09416646098404705,0.09079950341174255,0.1022939386291232
11.44,False,0.0,0.0,-1.7351,-1.5762953717075958,-1.530190120533804,-1.5627799023712348,-0.30380002,-0.13918889022654046,-0.17530224989505103,-0.13943702036604266,-0.49870002,0.0963128443108458,0.09135083750165288,0.10444073194028498
11.46,False,0.0,0.0,-1.7351,-1.602075262248015,-1.5373786347052252,-1.5906518939147931,-0.30380002,-0.14638275136483841,-0.17241030004202976,-0.1494219575762359,-0.49870002,0.09814947178540853,0.09203070093002845,0.10585051019049901
11.48,False,0.0,0.0,-1.7351,-1.65648748740382,-1.5492895199750847,-1.6434303718607328,-0.30380002,-0.2104671015359103,-0.17621598019141782,-0.2088489628101302,-0.49870002,0.09690204132757156,0.09251783496978276,0.10500709195167075
11.5,False,0.0,0.0,-1.7351,-1.6627894151166727,-1.5606395094892436,-1.6531503903756808,-0.30380002,-0.2173733885871113,-0.18033172103098716,-0.2195348206562523,-0.49870002,0.09550073421231521,0.09281612489403601,0.10361985457775788
11.52,False,0.0,0.0,-1.7351,-1.6760429486237411,-1.5721798534026934,-1.6665124032987326,-0.30380002,-0.26491986968037284,-0.18879053589592573,-0.265387344712247,-0.49870002,0.08907683478699226,0.09244219588333163,0.09751029544758466
11.540000000000001,False,0.0,0.0,-1.7351,-1.6776234125914629,-1.5827242093215703,-1.6690920983383246,-0.30380002,-0.277119862734447,-0.19762346857977786,-0.28028891859479693,-0.49870002,0.08910729981538396,0.09210870627653688,0.09693443151799344
11.56,False,0.0,0.0,-1.7351,-1.6922102203888205,-1.5936728104282953,-1.6830979385935592,-0.30380002,-0.30208077287217566,-0.20806919900901766,-0.3049061095301607,-0.49870002,0.0894680271600495,0.09184463836488814,0.0968741302735536
11.58,False,0.0,0.0,-1.7351,-1.6903043638204718,-1.603335965767513,-1.6827036575245384,-0.30380002,-0.2860337065097316,-0.21586564975908906,-0.29221962229863635,-0.49870002,0.08971726188205771,0.0916319007166051,0.0970455868786639
11.6,False,0.0,0.0,-1.7351,-1.6875173404663242,-1.6117541032373943,-1.6804206512091615,-0.30380002,-0.27592252444374255,-0.22187133722755442,-0.2823465454188939,-0.49870002,0.08982299345118182,0.09145100999006277,0.09713813262322549
11.620000000000001,False,0.0,0.0,-1.7351,-1.686237409225318,-1.6192024338361866,-1.6793828787595522,-0.30380002,-0.2557609615573674,-0.22526029966053573,-0.2640925849848234,-0.49870002,0.09032555216075419,0.09133846420713192,0.09738046163613326
11.64,False,0.0,0.0,-1.7351,-1.736076424054094,-1.6308898328579773,-1.7248818428279704,-0.30380002,-0.25295201838512227,-0.22802947153299438,-0.26066941425262913,-0.49870002,0.08849727761245202,0.09105434554766394,0.09567995243878813
11.66,False,0.0,0.0,-1.7351,-1.768337797024198,-1.6446346292745992,-1.757745787359307,-0.30380002,-0.2498578950586155,-0.2302123138855565,-0.25800706252298217,-0.49870002,0.08724687040983536,0.09067359803388107,0.09423466280382262
11.68,False,0.0,0.0,-1.7351,-1.8063090905073753,-1.6608020753978767,-1.795094486161714,-0.30380002,-0.25635619087689804,-0.23282670158469065,-0.26365411880762146,-0.49870002,0.08568144543239234,0.0901743827737322,0.09269568659950658
11.700000000000001,False,0.0,0.0,-1.7351,-1.8729665648915355,-1.6820185243472427,-1.8585168626920803,-0.30380002,-0.26248117262527426,-0.23579214868874904,-0.2698420220177775,-0.49870002,0.0813807107245866,0.08929501556881764,0.08877110592437137
11.72,False,0.0,0.0,-1.7351,-1.9073916527172774,-1.7045558371842464,-1.8950435169968372,-0.30380002,-0.299532791621043,-0.24216621298197843,-0.30309427287026336,-0.49870002,0.07477500134992175,0.08784301414692805,0.08306230775995513
11.74,False,0.0,0.0,-1.7351,-1.8527251925756438,-1.7193727727233863,-1.8512329660770916,-0.30380002,-0.3155099458478702,-0.2495005862685676,-0.3202658766161388,-0.49870002,0.06985535630022574,0.08604424836225782,0.07852507094554712
11.76,False,0.0,0.0,-1.7351,-1.7808732123112008,-1.7255228166821677,-1.7865444128450334,-0.30380002,-0.3233237891063743,-0.2568829065523483,-0.329834550812368,-0.49870002,0.06602666716459414,0.08404249024249145,0.07484457613247376
11.78,False,0.0,0.0,-1.7351,-1.760938713499581,-1.729064406363909,-1.7633091553290678,-0.30380002,-0.3263804462219056,-0.26383266051930404,-0.3340372810932317,-0.49870002,0.06583366585760579,0.0822216078040029,0.07418583077317645
11.8,False,0.0,0.0,-1.7351,-1.7579079224749359,-1.7319487579750117,-1.7573998450186177,-0.30380002,-0.32900917041157984,-0.2703503115085316,-0.3370000448752211,-0.49870002,0.06581431400972493,0.08058087842457509,0.07398487728305003
11.82,False,0.0,0.0,-1.7351,-1.7768932169511047,-1.7364432038726212,-1.7735886746407092,-0.30380002,-0.3222624169038875,-0.2755415220480672,-0.33152287376141515,-0.49870002,0.06838620345849583,0.07936141092796717,0.07628137097628022
11.84,False,0.0,0.0,-1.7351,-1.8330913271380027,-1.7461080161991593,-1.824068646990125,-0.30380002,-0.33794105003036123,-0.2817814748462966,-0.3445949355876726,-0.49870002,0.07511716463168852,0.07893698629833931,0.08236780204356871
11.86,False,0.0,0.0,-1.7351,-1.8908094122876806,-1.7605781558080116,-1.8815059840717745,-0.30380002,-0.4441512968515514,-0.2980184570468221,-0.4379178233797211,-0.49870002,0.08179831494223448,0.07922311916272884,0.08889026804436656
11.88,False,0.0,0.0,-1.7351,-1.8670664210517736,-1.7712269823323878,-1.8678343508712727,-0.30380002,-0.4441356781829562,-0.31263017916043556,-0.4473580314304557,-0.49870002,0.08387471169176862,0.07968827841563282,0.09182707512196167
11.9,False,0.0,0.0,-1.7351,-1.7618651715536395,-1.770290801254513,-1.777399783991331,-0.30380002,-0.4611077323024749,-0.3274779344746395,-0.4647974848013465,-0.49870002,0.0869805569905053,0.08041750627312008,0.09503629359306236
11.92,False,0.0,0.0,-1.7351,-1.7670049253229603,-1.769962213661358,-1.7745974596131866,-0.30380002,-0.4216166260213513,-0.3368918036293107,-0.43221171744071374,-0.49870002,0.08842763982548484,0.08121851962835655,0.09678467046112507
11.94,False,0.0,0.0,-1.7351,-1.7741601405298169,-1.7703820063482039,-1.7791561013058517,-0.30380002,-0.4194394951810906,-0.3451465727844887,-0.4275345706533453,-0.49870002,0.08859788557237958,0.08195645622275885,0.09737894216416954
11.96,False,0.0,0.0,-1.7351,-1.7988181160318235,-1.773225617316566,-1.8012289748518688,-0.30380002,-0.41355195438266856,-0.3519871109443067,-0.42118567400058005,-0.49870002,0.08875460667481065,0.08263627126796402,0.09774575307300346
11.98,False,0.0,0.0,-1.7351,-1.7990448743149081,-1.7758075430164002,-1.804325107359277,-0.30380002,-0.41975688883933004,-0.358764088733809,-0.42480096562639547,-0.49870002,0.10503914457117793,0.08487655859828541,0.11193461674871652
12.0,False,0.0,0.0,-1.7351,-1.8053542499252078,-1.7787622137072812,-1.8106853247731403,-0.30380002,-0.4343197633280299,-0.3663196561932311,-0.4373842781001116,-0.49870002,0.10628261806322695,0.08701716454477956,0.1148888573266072
12.02,False,0.0,0.0,-1.7351,-1.8162093591597928,-1.7825069282525323,-1.8218989490392454,-0.30380002,-0.42982470120948757,-0.37267016069485676,-0.43359474556610866,-0.49870002,0.10917836531677601,0.08923328462197921,0.11808144543419503
12.040000000000001,False,0.0,0.0,-1.7342,-1.7758710433501252,-1.7818433397622917,-1.787424788954485,-0.3066,-0.3497892511679803,-0.3703820697421691,-0.3629680888232676,-0.49870002,0.11057443456394528,0.09136739961617583,0.1199253779440419
12.06,False,0.0,0.0,-1.7334001,-1.749585199019619,-1.7786175256880243,-1.7615063157909554,-0.30930004,-0.33675356637579434,-0.3670192194055316,-0.34482268577583236,-0.49870002,0.11472197816767483,0.09370285747132573,0.12376140799338942
12.08,False,0.0,0.0,-1.7316,-1.721459925314211,-1.772901765650643,-1.7340335096204076,-0.31519997,-0.33152303230929303,-0.3634696006959078,-0.3369663752964336,-0.49870002,0.11562064238259738,0.0958946359624529,0.12495990550599888
12.1,False,0.0,0.0,-1.7291001,-1.7139315100568981,-1.7670047400912685,-1.7245826747730941,-0.3231,-0.35581457093579627,-0.36270409771989665,-0.3565252358112536,-0.49870002,0.11441872905857342,0.09774704527206496,0.12417430784344691
12.120000000000001,False,0.0,0.0,-1.7282001,-1.7150156823717615,-1.7618058343193177,-1.723913955770543,-0.32619998,-0.36583729369721163,-0.36301741731762815,-0.3669210677747566,-0.49870002,0.11458148182769949,0.09943048892762842,0.12442131382372282
12.14,False,0.0,0.0,-1.7236,-1.7557986577884719,-1.7612051166662333,-1.7596635839983972,-0.34100002,-0.3753271688452118,-0.36424839247038654,-0.3761137781139522,-0.49870002,0.11268488647648418,0.10075592868251398,0.12305036154507853
12.16,False,0.0,0.0,-1.7209,-1.7799612474629853,-1.7630807297459086,-1.7840514112882184,-0.34969997,-0.3780683381519454,-0.36563038703854245,-0.3795164118246578,-0.49870002,0.11352740146714828,0.10203307596097741,0.12383052824674254
12.18,False,0.0,0.0,-1.718,-1.8063435118712523,-1.7674070079584432,-1.810588167219093,-0.35930002,-0.37840734693190137,-0.36690808302787836,-0.3793781497533042,-0.49870002,0.11172036103160787,0.10300180446804047,0.12231476120104495
12.200000000000001,False,0.0,0.0,-1.6844001,-1.7470572417199142,-1.7653720313345902,-1.7601134631302608,-0.46820003,-0.48775178640200645,-0.3789924533652912,-0.475569335423893,-0.49870002,0.09826083812192368,0.1025277078334288,0.11128214104472145
12.22,False,0.0,0.0,-1.6705,-1.6689336285687206,-1.7557281910580034,-1.6868266522440925,-0.5134,-0.4989442823634208,-0.3909876362651042,-0.4939981463915267,-0.49870002,0.09898557625095113,0.10217349467518104,0.11070733541294475
12.24,False,0.0,0.0,-1.6233001,-1.5708596143383853,-1.7372413333860415,-1.5924549110802204,-0.6664001,-0.5557794087941205,-0.4074668135180058,-0.5471182561472543,-0.49870002,0.09879308610215728,0.10183545381787866,0.11025213774356926
12.26,False,0.0,0.0,-1.6156001,-1.5777154039384171,-1.721288740441279,-1.588558215824499,-0.69130003,-0.5763785268218266,-0.4243579848483878,-0.5704772473814546,-0.49870002,0.10030396749343515,0.10168230518543431,0.11146617984925555
12.280000000000001,False,0.0,0.0,-1.5913,-1.545711989902865,-1.7037310653874378,-1.5575553429978992,-0.7701,-0.6586358254392749,-0.44778576890747657,-0.6451368537718782,-0.49870002,0.10600906423841257,0.10211498109073214,0.11648800984438183
12.3,False,0.0,0.0,-1.587,-1.5360327426395526,-1.6869612331126493,-1.5455542977709327,-0.7839,-0.6703396003765205,-0.47004115205438096,-0.6632076898120762,-0.49870002,0.10709271961073448,0.10261275494273238,0.11819570964493128
12.32,False,0.0,0.0,-1.5606,-1.4335859067824197,-1.6616237004796264,-1.453404216394964,-0.86960006,-0.7218930137105898,-0.4952263382200019,-0.7122128982083477,-0.49870002,0.11322002701073602,0.10367348214953274,0.1238049866538302
12.34,False,0.0,0.0,-1.5227001,-1.3060606918065716,-1.626067399612321,-1.332619518564316,-0.99249995,-0.7880220846698581,-0.5245059128649876,-0.7756663831466051,-0.49870002,0.11734554270309591,0.10504068820488906,0.12802770959326798
12.36,False,0.0,0.0,-1.5128001,-1.3053795111319528,-1.593998610764284,-1.318642875407455,-1.0246,-0.7960023876076469,-0.5516555603392536,-0.7888029345401433,-0.49870002,0.11766205185712503,0.10630282457011266,0.1289914339079487
12.38,False,0.0,0.0,-1.4822,-1.3288434075081204,-1.5674830904386676,-1.334953028577294,-1.1240001,-0.8823171932023067,-0.5847217236255589,-0.8683321258419476,-0.49870002,0.11797569852526499,0.10747011196562789,0.12982858397519453
12.4,False,0.0,0.0,-1.4610001,-1.3277343753193458,-1.5435082189267353,-1.3342892980609036,-1.1926,-0.9547957177868752,-0.6217291230416905,-0.940038523172352,-0.49870002,0.11661315524202855,0.10838441629326796,0.12874102653086278
12.42,False,0.0,0.0,-1.4556,-1.3252145704479277,-1.5216788540788546,-1.332005983928581,-1.21,-0.9800665376374748,-0.657562864501269,-0.9709353032301933,-0.49870002,0.11601726505976785,0.10914770116991795,0.12806231054791994
12.44,False,0.0,0.0,-1.4171001,-1.251925145976199,-1.494703483268589,-1.266384198551453,-1.3348,-1.1181712678335036,-0.7036237048344924,-1.097804996143021,-0.49870002,0.11028300824320114,0.10926123187724628,0.12268387958861943
12.46,False,0.0,0.0,-1.4002,-1.2093926191902657,-1.4661723968607567,-1.2219915297219157,-1.3896,-1.1479326408417712,-0.7480545984352204,-1.1366146596515727,-0.49870002,0.10692448241486278,0.10902755693100794,0.11882202140724826
12.48,False,0.0,0.0,-1.3888,-1.1886785066810106,-1.4384230078427822,-1.1984918696537807,-1.4265001,-1.1711487690577047,-0.7903640154974688,-1.1639966130296706,-0.49870002,0.10455984656626782,0.10858078589453393,0.11608762667022926
12.5,False,0.0,0.0,-1.3774,-1.1734278295382354,-1.4119234900123276,-1.1817441410923215,-1.4638001,-1.1962056689295086,-0.8309481808406728,-1.1902516909827607,-0.49870002,0.10208599725920038,0.10793130703100057,0.11336155385400035
12.52,False,0.0,0.0,-1.3188001,-1.185162495202415,-1.3892473905313363,-1.1889059152035766,-1.6537,-1.4762510929222152,-0.895478472048827,-1.4469895959251984,-0.49870002,0.09416752539581676,0.10655492886748219,0.10549437887092483
12.540000000000001,False,0.0,0.0,-1.3069,-1.1826544660607439,-1.368588098084277,-1.1859891655233805,-1.6922,-1.539566572295966,-0.9598872820735409,-1.524683481196595,-0.49870002,0.09238719147253206,0.10513815512798717,0.10265341487056312
12.56,False,0.0,0.0,-1.3009,-1.1787267066300404,-1.3496019589388535,-1.1821192568912045,-1.7116001,-1.567931376020674,-1.0206916914682542,-1.5594990581140684,-0.49870002,0.0914743952369383,0.10377177913888229,0.10132062041797657
12.58,False,0.0,0.0,-1.2770001,-1.1429910907954017,-1.3289408721245084,-1.1485997026888257,-1.7892001,-1.6486077492841797,-1.0834832972498467,-1.637264655777138,-0.49870002,0.08811185230655381,0.10220578645564944,0.09788529532264977
12.6,False,0.0,0.0,-1.2590001,-1.1145548170479471,-1.3075022666168523,-1.1201912123361757,-1.8477,-1.7029906517771578,-1.1454340327025778,-1.6942037906282665,-0.49870002,0.08581570564239488,0.10056677837432398,0.09557002181513155
12.620000000000001,False,0.0,0.0,-1.2529,-1.104901838720225,-1.2872422238271897,-1.1092429714900562,-1.8672,-1.7267594763311798,-1.203566577065438,-1.721084998677345,-0.49870002,0.08509565814150512,0.09901966635104209,0.09470461837795165
12.64,False,0.0,0.0,-1.2469001,-1.0900675393036465,-1.2675247553748354,-1.09395878320665,-1.8867999,-1.7466208446884237,-1.2578720038277367,-1.7411095002768477,-0.49870002,0.08449529983526198,0.09756722969946409,0.09398252596510023
12.66,False,0.0,0.0,-1.2228,-1.0247807799915363,-1.2432503578365055,-1.032884703091633,-1.965,-1.811716852282034,-1.3132564886731666,-1.8035964909130002,-0.49870002,0.0825672532210209,0.09606723205161977,0.09237242608177397
12.68,False,0.0,0.0,-1.1806,-0.9256326078489863,-1.2114885828377537,-0.9366706286765765,-2.1016998,-1.9353839827270543,-1.3754692380785554,-1.9228603280531662,-0.49870002,0.08108568825560357,0.09456907767201815,0.09137549959293839
12.700000000000001,False,0.0,0.0,-1.1687,-0.9048862882156355,-1.180828353375542,-0.9113626967553343,-2.1405,-1.9656979591051442,-1.4344921101812143,-1.959604047027128,-0.49870002,0.08087527148824761,0.09319969705364109,0.091295317514954
12.72,False,0.0,0.0,-1.0976,-0.8829216334661115,-1.1510376813845988,-0.8878972690043557,-2.3708,-2.1899158467280766,-1.5100344838359006,-2.172126635042217,-0.49870002,0.07875372443607533,0.09175509979188451,0.08954071672937056
12.74,False,0.0,0.0,-1.0860001,-0.873636873149337,-1.1232976005610726,-0.877570816544819,-2.4085002,-2.2214319027784093,-1.5811742257301515,-2.2149079815474018,-0.49870002,0.07841348551457018,0.09042093836415308,0.089165208746735
12.76,False,0.0,0.0,-1.0802001,-0.8692780918156997,-1.0978956496865353,-0.8728140178542505,-2.4271998,-2.2378870998261697,-1.6468455131397535,-2.234330185388991,-0.49870002,0.07827417385888089,0.08920626191362586,0.08900995497399755
12.780000000000001,False,0.0,0.0,-1.0293,-0.8118373401986625,-1.069289818737748,-0.8174918027186806,-2.5924997,-2.374046562035965,-1.7195656180293746,-2.3628088597279744,-0.49870002,0.07730901096966793,0.08801653681923008,0.08846821964106419
12.8,False,0.0,0.0,-0.98590004,-0.7819555201392672,-1.0405563888779,-0.7876060305086554,-2.7332,-2.513346306316062,-1.7989436868580433,-2.501938930556582,-0.49870002,0.07652159883237,0.08686704302054407,0.08814875268345707
12.82,False,0.0,0.0,-0.8878,-0.7438183096433669,-1.0108825809544466,-0.7480252374254626,-3.0512004,-2.814988351340599,-1.900548153306299,-2.7923932792397332,-0.49870002,0.07442891117049613,0.08562322983553929,0.08641524882058679
12.84,False,0.0,0.0,-0.88339996,-0.7414246157922351,-0.9839367844382255,-0.7431843162920424,-3.0656,-2.8254377984404204,-1.993037117819711,-2.8200112130517407,-0.49870002,0.07434957641189814,0.08449586449317517,0.0861771073893711
12.86,False,0.0,0.0,-0.87899995,-0.7376912062259949,-0.9593122266170024,-0.738469898012136,-3.0798998,-2.834308830329466,-2.0771642890706863,-2.8312054669516344,-0.49870002,0.07426517818036178,0.08347279586189384,0.08599650004436654
12.88,False,0.0,0.0,-0.834,-0.7344890129128042,-0.9368299052465827,-0.7356955981974189,-3.2255998,-2.9418608416417342,-2.163633944327791,-2.9339723570550325,-0.49870002,0.07322554856265014,0.08244807113196946,0.0847700803394701
12.9,False,0.0,0.0,-0.8303,-0.7379604879776117,-0.9169429635196856,-0.738770178087341,-3.2378001,-2.953749809363752,-2.2426455308313873,-2.9512268902633747,-0.49870002,0.07312281478599608,0.08151554549737212,0.08452213567110417
12.92,False,0.0,0.0,-0.7651,-0.7229514649128154,-0.8975438136589986,-0.724989076652508,-3.4491005,-3.141926131710875,-2.332573590919336,-3.1291724319208836,-0.49870002,0.07140744004879253,0.08050473495251417,0.08349708768252923
12.94,False,0.0,0.0,-0.7516,-0.744701992610736,-0.8822596315541723,-0.743007284606424,-3.4927998,-3.189797722828408,-2.4182960041102435,-3.183729321844476,-0.49870002,0.070890911686446,0.07954335262590737,0.0828395144069693
12.96,False,0.0,0.0,-0.73739994,-0.7625411160581578,-0.8702877800045709,-0.760259600509225,-3.5387998,-3.225853791153627,-2.499051782814582,-3.2215936039598674,-0.49870002,0.07029812152829425,0.07861882951614606,0.08196788400889801
12.98,False,0.0,0.0,-0.7333,-0.77568796346666,-0.8608277983507798,-0.7727842882446693,-3.5523005,-3.238824351675867,-2.5730290397007107,-3.235979783350259,-0.49870002,0.0700882910894555,0.077765775673477,0.08144624110069493
13.0,False,0.0,0.0,-0.73080003,-0.7757002424327215,-0.8523150427589741,-0.7734627262950311,-3.5602002,-3.2389396323250224,-2.639620098963142,-3.237305853968892,-0.49870002,0.06996421194796207,0.07698561930092551,0.08121028396969353
13.02,False,0.0,0.0,-0.7277,-0.7750447268101162,-0.8445880111640882,-0.7737230220971606,-3.5703,-3.2413266855086644,-2.699790757617694,-3.24026923780648,-0.49870002,0.06984644410676413,0.07627170178150937,0.08110910852508126
13.040000000000001,False,0.0,0.0,-0.72679996,-0.7777399095369604,-0.8379032010013755,-0.7763010764123496,-3.5732002,-3.2435266865422254,-2.754164350510147,-3.242547933372008,-0.49870002,0.06981052171294302,0.07562558377465273,0.08104308579280554
13.06,False,0.0,0.0,-0.72519994,-0.779677419669459,-0.8320806228681839,-0.7769917420797299,-3.5784001,-3.2464641118573194,-2.8033943266448644,-3.2446885769059985,-0.49870002,0.06972998422918153,0.07503602382010562,0.08075731600578467
13.08,False,0.0,0.0,-0.72459996,-0.7765610784714353,-0.826528668428509,-0.7740410637121454,-3.5805998,-3.2444626910387555,-2.8475011630842535,-3.242942259156224,-0.49870002,0.06972016698503439,0.07450443813659849,0.08073316872030253
13.1,False,0.0,0.0,-0.72249997,-0.7817354548991586,-0.822049347075574,-0.7792012291482935,-3.5871,-3.249326418813932,-2.8876836886572215,-3.247794881704861,-0.49870002,0.0697484129854994,0.07402883562148858,0.08103600330026775
13.120000000000001,False,0.0,0.0,-0.72220004,-0.78284257478994,-0.8181286698470106,-0.7805698695552711,-3.5882,-3.2500344651235835,-2.9239187663038577,-3.2487472041137346,-0.49870002,0.06974496116428013,0.07360044817576775,0.08112485876435437
13.14,False,0.0,0.0,-0.72179997,-0.7811415354013859,-0.8144299564024482,-0.7783940673584888,-3.5896,-3.2470918335856243,-2.9562360730320343,-3.2455900646476827,-0.49870002,0.06977365818668146,0.07321776917685913,0.0810979916774858
13.16,False,0.0,0.0,-0.72169995,-0.7789530109954683,-0.8108822618617502,-0.7761954241320225,-3.5900006,-3.2443857133149647,-2.9850510370603276,-3.24283501663827,-0.49870002,0.06981551001555868,0.07287754326072908,0.08116469097883153
13.18,False,0.0,0.0,-0.72159994,-0.795177953642131,-0.8093118310397883,-0.7915618223566994,-3.5901003,-3.2445537999388945,-3.0110013133481845,-3.242849405915239,-0.49870002,0.07009530899078457,0.07259931983373463,0.08198086244594138
13.200000000000001,False,0.0,0.0,-0.72159994,-0.7950537549198379,-0.8078860234277933,-0.7923204843474091,-3.5901003,-3.24343632138821,-3.034244814152187,-3.2417584708285254,-0.49870002,0.07012250862035735,0.0723516387123969,0.08224402532241286
13.22,False,0.0,0.0,-0.72159994,-0.8267987067845238,-0.8097772917634664,-0.8222251208872792,-3.5901003,-3.256191939280734,-3.056439526665042,-3.25324143917671,-0.49870002,0.0705011986653399,0.0721665947076912,0.08353109706230288
13.24,False,0.0,0.0,-0.72159994,-0.8640172593892326,-0.815201288526043,-0.8583720643532591,-3.5900006,-3.2724044891556754,-3.0780360229141053,-3.2685927020770538,-0.49870002,0.07054477640482675,0.07200441287740475,0.08398400089533553
13.26,False,0.0,0.0,-0.72249997,-0.8707609782621384,-0.8207572574996526,-0.8671653596470296,-3.5872002,-3.271184745512998,-3.097350895173995,-3.26844652717486,-0.49870002,0.07058551270611481,0.07186252286027575,0.08434750172200842
13.280000000000001,False,0.0,0.0,-0.72449994,-0.8713844377315425,-0.8258199755228416,-0.8681109345626907,-3.5807004,-3.2681599300283826,-3.1144317986594334,-3.2653133017094085,-0.49870002,0.07064890233585756,0.07174116080783394,0.08451445320415327
13.3,False,0.0,0.0,-0.72519994,-0.8716301177000332,-0.8304009897405608,-0.8684149927938623,-3.5784998,-3.266909692794638,-3.129679588072954,-3.263884075744129,-0.49870002,0.07067771963077525,0.07163481669012807,0.08460452088973663
13.32,False,0.0,0.0,-0.72599995,-0.8756249082077604,-0.8349233815872807,-0.8730249915556494,-3.5761003,-3.2680952241156307,-3.143521151677222,-3.2654013957944548,-0.49870002,0.07069403760443116,0.07154073878155838,0.08490478389186044
13.34,False,0.0,0.0,-0.73739994,-0.8825412371363653,-0.8396851671421892,-0.8788372240793616,-3.5391002,-3.239501160648328,-3.153119152574333,-3.2381658503348314,-0.49870002,0.07080608348066368,0.07146727325146891,0.08459334508890126
13.36,False,0.0,0.0,-0.74759996,-0.8885018196574377,-0.8445668323937141,-0.8853026791682228,-3.506,-3.2151929342181766,-3.1593265307387175,-3.214088662015288,-0.49870002,0.0708817619547646,0.07140872212179848,0.0846238276360767
13.38,False,0.0,0.0,-0.76489997,-0.960744663566958,-0.8561846155110385,-0.9529459195418237,-3.4496007,-3.183183960424439,-3.16171227370729,-3.1826648662833987,-0.49870002,0.07052793825253761,0.07132064373487239,0.08374089925303768
13.4,False,0.0,0.0,-0.7752,-0.9886658749470424,-0.8694327414546389,-0.9821445149236026,-3.4162998,-3.1431971938360794,-3.1598607657201687,-3.1429077346502527,-0.49870002,0.07036363998157642,0.0712249433595428,0.08296000631188291
13.42,False,0.0,0.0,-0.778,-0.9942108849200205,-0.881910555801177,-0.9894796342508997,-3.4074001,-3.1304114542255506,-3.156915834570707,-3.1282692526721307,-0.49870002,0.07038660902538654,0.07114110992612718,0.08284845134296762
13.44,False,0.0,0.0,-0.7895,-0.999586002313395,-0.8936781004523989,-0.9953367529071415,-3.3699002,-3.0715733265157743,-3.1483815837652136,-3.0727112476208855,-0.49870002,0.07070520791438725,0.07109751972495319,0.08317997186723775
13.46,False,0.0,0.0,-0.8191,-1.0501474631945371,-0.9093250367266128,-1.04260179709649,-3.2739,-2.9544191808749773,-3.1289853434761903,-2.960617396396187,-0.49870002,0.0714338549001961,0.07113115324247749,0.08396200183236768
13.48,False,0.0,0.0,-0.83379996,-1.0867891560125174,-0.9270714486552033,-1.0800554692711577,-3.2262998,-2.902881293241238,-3.106374938452695,-2.905767709545015,-0.49870002,0.0716505859746605,0.07118309651569579,0.08444473197194463
13.5,False,0.0,0.0,-0.86160004,-1.1748296446144901,-0.951847268251132,-1.1636202717668138,-3.1360998,-2.8109737957020244,-3.0768348241776278,-2.8161861344739565,-0.49870002,0.0720604867376361,0.07127083553788982,0.08459189944933274
13.52,False,0.0,0.0,-0.8701,-1.18769729651599,-0.9754322710776179,-1.1811115773249798,-3.1086998,-2.7753297627292706,-3.046684318032792,-2.777160570951545,-0.49870002,0.07226781851494767,0.0713705338355956,0.08484763021284907
13.540000000000001,False,0.0,0.0,-0.8744,-1.19233995345435,-0.9971230393152911,-1.1871439512351212,-3.0948,-2.7566163665137786,-3.0176775228808905,-2.756716421528928,-0.49870002,0.07237465358440928,0.07147094581047697,0.08496794524285521
13.56,False,0.0,0.0,-0.975,-1.2446320440193088,-1.0218739397856929,-1.2360179476470183,-2.7683,-2.2882539591883266,-2.9447351665116344,-2.323425497380251,-0.49870002,0.07764125176883574,0.07208797640631286,0.09075114421726709
13.58,False,0.0,0.0,-0.9856,-1.2598113622527598,-1.0456676820323996,-1.2542039424474622,-2.7342,-2.252111058503179,-2.8754727557107893,-2.262414179735794,-0.49870002,0.07803977475176456,0.07268315624085803,0.09212006349631702
13.6,False,0.0,0.0,-1.0070001,-1.2795732510086804,-1.0690582389300276,-1.273507966910655,-2.6647,-2.172114469196629,-2.8051369270593733,-2.180698318549804,-0.49870002,0.0788519028911726,0.07330003090588949,0.09295230447919064
13.620000000000001,False,0.0,0.0,-1.0179,-1.283621787154742,-1.0905145937524992,-1.2780570002833578,-2.6293,-2.129319317245617,-2.737555166077998,-2.1343046562704022,-0.49870002,0.07933405736834603,0.07390343355213515,0.09326346497612917
13.64,False,0.0,0.0,-1.0857,-1.3228559018442494,-1.1137487245616742,-1.3154778087884924,-2.4095998,-1.8779851897029434,-2.6515981684404926,-1.8999420428328144,-0.49870002,0.08211658608862814,0.07472474880578445,0.09566972627293283
13.66,False,0.0,0.0,-1.1148,-1.3507161713067095,-1.1374454692361777,-1.3433311194717064,-2.315,-1.783135618435363,-2.56475191343998,-1.7962021474761798,-0.49870002,0.082892596391376,0.07554153356434361,0.0962876547371638
13.68,False,0.0,0.0,-1.1504,-1.369786009483629,-1.1606795232609228,-1.3630657485812239,-2.1998,-1.6880843060317607,-2.477085152699158,-1.699946298593252,-0.49870002,0.08530018155555988,0.07651739836346523,0.09845261410614174
13.700000000000001,False,0.0,0.0,-1.1743001,-1.3962747586959365,-1.1842390468044242,-1.389199585971685,-2.1223001,-1.631743491868448,-2.392550986616087,-1.6406356801692281,-0.49870002,0.08720758339236934,0.07758641686635565,0.10042455557992525
13.72,False,0.0,0.0,-1.2104,-1.4183986374152076,-1.2076550058655027,-1.4113582805321643,-2.0053,-1.537471625402361,-2.3070430504947144,-1.5494418859597898,-0.49870002,0.09024039320555191,0.07885181450027527,0.10335106953263595
13.74,False,0.0,0.0,-1.2285,-1.425315419256495,-1.2294210472046019,-1.4190600124592088,-1.9466001,-1.4839600214931612,-2.2247347475945594,-1.4927128974840194,-0.49870002,0.09185468490638832,0.08015210154088659,0.10499709737940571
13.76,False,0.0,0.0,-1.2405001,-1.425569352300535,-1.2490358777141952,-1.4197905205066241,-1.9074999,-1.447221937972616,-2.1469834666323653,-1.4534572656039548,-0.49870002,0.09285957380775199,0.08142284876757314,0.1060263979349979
13.780000000000001,False,0.0,0.0,-1.2766,-1.4376774193096962,-1.2679000318737452,-1.431622903017919,-1.7903999,-1.3569859168778913,-2.067983711656918,-1.3690181455172996,-0.49870002,0.09547195299915243,0.08282775919073107,0.10852627335487848
13.8,False,0.0,0.0,-1.3303001,-1.42306836846726,-1.2834168655330966,-1.419567615777066,-1.6164,-1.1829116718117754,-1.979476507672404,-1.2055816435754454,-0.49870002,0.09915241828563315,0.08446022510022129,0.11141653789784384
13.82,False,0.0,0.0,-1.3421,-1.434159092944056,-1.2984910882741927,-1.4283356547301644,-1.5782001,-1.1488763617043336,-1.896416493075597,-1.1593139159483843,-0.49870002,0.10070605655647377,0.08608480824584654,0.11285566461626333
13.84,False,0.0,0.0,-1.3479,-1.4349531998475344,-1.312137299431527,-1.4296006331018465,-1.5591999,-1.1267276951122733,-1.8194476132792645,-1.13287639081559,-0.49870002,0.10147436340454935,0.08762376376171682,0.11362777915055772
13.86,False,0.0,0.0,-1.4168,-1.5136932774833676,-1.3322928972367112,-1.499457352176467,-1.3359001,-0.9735256623536169,-1.7348554181867,-0.9924277879841783,-0.49870002,0.11052049234036188,0.08991343661958133,0.12059589976567883
13.88,False,0.0,0.0,-1.4660001,-1.5845869951587082,-1.3575223070289109,-1.568306396750105,-1.1763,-0.8837169234068915,-1.6497415687087191,-0.8997352393502652,-0.49870002,0.11552252406375828,0.09247434536399904,0.12498932989256534
13.9,False,0.0,0.0,-1.4871,-1.5903036590383888,-1.3808004422298588,-1.5806462131936403,-1.1081,-0.8182248710024727,-1.5665898989380946,-0.8304189361241228,-0.49870002,0.11713072396164151,0.09493998322376329,0.1265959206368431
13.92,False,0.0,0.0,-1.4922,-1.595752601199026,-1.4022956581267754,-1.5879257426928133,-1.0913,-0.803131101233932,-1.4902440191676785,-0.8083013963613984,-0.49870002,0.11749498130466195,0.09719548303185316,0.12708820134090928
13.94,False,0.0,0.0,-1.5125,-1.6081434870166502,-1.422880441015763,-1.6001935871021096,-1.0256001,-0.7459822998756109,-1.4158178472384717,-0.7540816179899519,-0.49870002,0.11835810499100279,0.09931174522776812,0.12792198498992663
13.96,False,0.0,0.0,-1.5175,-1.6132914938615204,-1.4419215463003385,-1.606117341288439,-1.0094,-0.7359582755584794,-1.3478318900704724,-0.7392824106522149,-0.49870002,0.11854364940197737,0.10123493564518904,0.1281389510909482
13.98,False,0.0,0.0,-1.5557001,-1.618435776757667,-1.4595729693460715,-1.611708801347433,-0.88540006,-0.6319200928070831,-1.2762407103441336,-0.6439087900300552,-0.49870002,0.11835743146491122,0.10294718522716126,0.12819083173401116
14.0,False,0.0,0.0,-1.5825001,-1.6750974682370139,-1.481125419235166,-1.6626578517220745,-0.7986,-0.6032391969798518,-1.2089405590077054,-0.6079574421308049,-0.49870002,0.11743370847120696,0.10439583755156583,0.12742096923704901
14.02,False,0.0,0.0,-1.5952001,-1.709118759244409,-1.5039247532360904,-1.6975818963382938,-0.7574,-0.5990283388487839,-1.1479493369918132,-0.5997206693288959,-0.49870002,0.11660897577208534,0.10561715137361778,0.1267622746976233
14.040000000000001,False,0.0,0.0,-1.6154001,-1.7602274392933854,-1.52955502184182,-1.746923145423185,-0.6921,-0.6005616179666847,-1.0932105650893003,-0.5988392287863208,-0.49870002,0.11428309172825865,0.10648374540908187,0.12469236970077437
14.06,False,0.0,0.0,-1.6918,-1.9236151863022608,-1.568961038287864,-1.8983488105784998,-0.444,-0.5376515731985526,-1.0376546659002255,-0.539989351202008,-0.49870002,0.09705767396372968,0.10554113826454666,0.10968020306576484
14.08,False,0.0,0.0,-1.6943,-1.928933790257574,-1.604958313484835,-1.9176103222440553,-0.43620002,-0.5384101477604754,-0.9877302140862505,-0.5345047742622486,-0.49870002,0.09653662335476834,0.10464068677356883,0.10754373850192506
14.1,False,0.0,0.0,-1.6966001,-1.9348822447834793,-1.6379507066146997,-1.9277026463170486,-0.4286,-0.5343700258489027,-0.9423941952625158,-0.5283777588460616,-0.49870002,0.09596057813770555,0.1037726759099825,0.10620346642038539
14.120000000000001,False,0.0,0.0,-1.7146001,-2.0088966314891437,-1.675045299102144,-1.995283824620112,-0.37020004,-0.4906477013865781,-0.897219545874922,-0.4885954947112551,-0.49870002,0.09225898097010198,0.10262130641599446,0.1028151819246017
14.14,False,0.0,0.0,-1.7271,-2.082819429185662,-1.7158227121104959,-2.0674849278621727,-0.3298,-0.5522986304516155,-0.8627274543325913,-0.5383558281956103,-0.49870002,0.09208935462666644,0.10156811123706165,0.10207630262900924
14.16,False,0.0,0.0,-1.7351,-2.181932425109864,-1.7624336834104328,-2.1632817368302337,-0.3039,-0.6147122246822555,-0.8379259313675578,-0.5964375423875982,-0.49870002,0.09390890340390734,0.10080219045374622,0.10388632346671671
14.18,False,0.0,0.0,-1.7351,-2.176713260650195,-1.8038616411344093,-2.1691286714540334,-0.30380002,-0.6108106254862004,-0.815214400779422,-0.5991852008892538,-0.49870002,0.09433435540324712,0.10015540694869632,0.10478355485317895
14.200000000000001,False,0.0,0.0,-1.7351,-2.159253577383523,-1.8394008347593207,-2.1570338191310636,-0.30380002,-0.6067473544765312,-0.7943676961491329,-0.5971343901559705,-0.49870002,0.09493493621364552,0.09963335987519124,0.10559339763610265
14.22,False,0.0,0.0,-1.7351,-1.97682517990394,-1.8531432692737828,-1.997012696824009,-0.30380002,-0.6417250838908192,-0.7791034349233016,-0.6282397764470299,-0.49870002,0.09692142925720733,0.09936216681339285,0.10779078855573752
14.24,False,0.0,0.0,-1.7351,-1.8667367006188462,-1.854502612408289,-1.8873470017263374,-0.30380002,-0.5952971039991622,-0.7607228018308876,-0.5906689501767004,-0.49870002,0.09632037938399518,0.09905798807045309,0.10747154509285448
14.26,False,0.0,0.0,-1.7351,-1.8708949422813579,-1.856141845395596,-1.8782300466303132,-0.30380002,-0.5870526782192358,-0.7433557894697224,-0.5807195088079641,-0.49870002,0.09580231754706517,0.09873242101811429,0.10693288462790304
14.280000000000001,False,0.0,0.0,-1.7351,-1.8819039411807617,-1.8587180549741127,-1.8846507542976205,-0.30380002,-0.5947603052344655,-0.7284962410461967,-0.5858641642284212,-0.49870002,0.09540195439463618,0.09839937435576648,0.10619484881474249
14.3,False,0.0,0.0,-1.7351,-1.8874656082757328,-1.8615928103042747,-1.8895432757466402,-0.30380002,-0.5999350118575654,-0.7156401181273335,-0.5905173801932413,-0.49870002,0.09519289670671499,0.09807872659086134,0.10575073334908898
14.32,False,0.0,0.0,-1.7351,-1.9076084469213448,-1.8661943739659819,-1.9079598046320372,-0.30380002,-0.6124047523338368,-0.7053165815479839,-0.6019110935197557,-0.49870002,0.09438855019911487,0.0977097089516867,0.10482474270425138
14.34,False,0.0,0.0,-1.7351,-1.883677647893056,-1.8679427013586893,-1.8886697134746315,-0.30380002,-0.6121414662060881,-0.6959990700137944,-0.6029788677306207,-0.49870002,0.09214042233710903,0.09715278029022893,0.10263003348203018
14.36,False,0.0,0.0,-1.7351,-1.8677540431512114,-1.8679238355379415,-1.874447435511712,-0.30380002,-0.5370983655350043,-0.6801089995659154,-0.5383471434600761,-0.49870002,0.08907202989996404,0.09634470525120245,0.09940199203843177
14.38,False,0.0,0.0,-1.7351,-1.8436108783984182,-1.8654925398239892,-1.8521870765073984,-0.30380002,-0.5154924941607623,-0.6636473490254001,-0.5137046326307534,-0.49870002,0.08868795164624897,0.0955790298907071,0.09842070692113074
14.4,False,0.0,0.0,-1.7351,-1.7914620088884214,-1.8580894867304325,-1.8048208683135283,-0.30380002,-0.4549896302057418,-0.6427815771434343,-0.4579207878322137,-0.49870002,0.08725766486817786,0.09474689338845418,0.09686346055357624
14.42,False,0.0,0.0,-1.7351,-1.7847014315989969,-1.850750681217289,-1.7940859855365936,-0.30380002,-0.4479303638737462,-0.6232964558164655,-0.4457957573101137,-0.49870002,0.0869041959698741,0.09396262364659617,0.09624882903585436
14.44,False,0.0,0.0,-1.7351,-1.7890704286298083,-1.844582655958541,-1.7964405440474316,-0.30380002,-0.43137773608379604,-0.6041045838431985,-0.4294331826313147,-0.49870002,0.08447316969225341,0.0930136782511619,0.09394208875016213
14.46,False,0.0,0.0,-1.7351,-1.794506487940807,-1.8395750391567678,-1.8013001171631702,-0.30380002,-0.42877243989701463,-0.5865713694485802,-0.4252917994749549,-0.49870002,0.08390799109704293,0.09210310953575,0.0930565733028959
14.48,False,0.0,0.0,-1.7351,-1.802003501252127,-1.8358178853663039,-1.8083551910052602,-0.30380002,-0.42567134395059925,-0.5704813668987821,-0.42184945369200455,-0.49870002,0.08331858961703936,0.09122465754387894,0.09231255483996068
14.5,False,0.0,0.0,-1.7351,-1.810569086552576,-1.833293005484931,-1.816176970457593,-0.30380002,-0.42280355186632557,-0.5557135853955365,-0.41868359352183926,-0.49870002,0.08268475946949576,0.09037066773644062,0.09173637651520875
14.52,False,0.0,0.0,-1.7351,-1.830912112603894,-1.8330549161968275,-1.834378801784564,-0.30380002,-0.4180313513484829,-0.5419453619908312,-0.41407818710420286,-0.49870002,0.07964932170183092,0.08929853313297965,0.08919395868852578
14.540000000000001,False,0.0,0.0,-1.7351,-1.8445087526298418,-1.8342002998401288,-1.8486506564705343,-0.30380002,-0.40553265125752436,-0.5283040909175005,-0.40366992711448413,-0.49870002,0.07080810105212547,0.08744948992489424,0.08179440750005014
14.56,False,0.0,0.0,-1.7351,-1.8106539321951152,-1.8318456630756277,-1.8219598125522225,-0.30380002,-0.364783963249686,-0.5119520781507191,-0.36887066703731153,-0.49870002,0.06591824750472959,0.08529636568287777,0.07627693812287736
14.58,False,0.0,0.0,-1.7351,-1.7550155214366383,-1.8241626489117289,-1.770827774398576,-0.30380002,-0.3929176943506232,-0.5000486397707095,-0.39057424486529213,-0.49870002,0.06489084960193083,0.08325581407478308,0.07428250534683482
14.6,False,0.0,0.0,-1.7351,-1.7434783257020694,-1.816094216590763,-1.7550526741385328,-0.30380002,-0.42650252672783695,-0.49269402846642224,-0.42107514662904166,-0.49870002,0.06444613295228453,0.08137484596253323,0.07333423069385595
14.620000000000001,False,0.0,0.0,-1.7351,-1.7405283544294512,-1.8085376303746319,-1.7499891092687545,-0.30380002,-0.429782354164576,-0.48640286103623764,-0.4269679499309954,-0.49870002,0.06438954172652851,0.07967631553893276,0.07292636138035737
14.64,False,0.0,0.0,-1.7351,-1.732627343005259,-1.8009466016376947,-1.7421798402195052,-0.30380002,-0.42893978277482103,-0.480656553210096,-0.42801119440421787,-0.49870002,0.06507611738611781,0.07821629572365127,0.07315943474675209
14.66,False,0.0,0.0,-1.7351,-1.7363157632450283,-1.7944835177984282,-1.7444337804907828,-0.30380002,-0.4314117159848172,-0.47573206948756813,-0.43176546696185714,-0.49870002,0.06850500263652146,0.0772451664149383,0.07585928368137548
14.68,False,0.0,0.0,-1.7351,-1.7381949482887353,-1.788854660847459,-1.7457395712982806,-0.30380002,-0.40504428895912614,-0.4686632914347239,-0.4104621368584077,-0.49870002,0.07334756803730107,0.07685540657717457,0.07985903746807477
14.700000000000001,False,0.0,0.0,-1.7351,-1.7470320799042145,-1.7846724027531344,-1.7534966313479552,-0.30380002,-0.4022834568642504,-0.46202530797767655,-0.40681078012903876,-0.49870002,0.07459989057974062,0.07662985497743117,0.08144354844920135
14.72,False,0.0,0.0,-1.7351,-1.7042315294574493,-1.776628315423566,-1.714429847656019,-0.30380002,-0.340285244843632,-0.4498513016642721,-0.3507297395237994,-0.49870002,0.08360518098262619,0.07732738757795067,0.08961366750623986
14.74,False,0.0,0.0,-1.7351,-1.6830276673674176,-1.7672682506179513,-1.6921894099074097,-0.30380002,-0.33506261307969376,-0.4383724328058143,-0.34161215392350164,-0.49870002,0.08529553903642874,0.07812420272379848,0.09185548398112818
14.76,False,0.0,0.0,-1.7351,-1.6250901711848393,-1.7530504426746403,-1.6373272261738296,-0.30380002,-0.31426677420229987,-0.42596186694546284,-0.3214064558258869,-0.49870002,0.08830094475676076,0.07914187692709472,0.09460185482897021
14.780000000000001,False,0.0,0.0,-1.7351,-1.5821423737926004,-1.7359596357864364,-1.5937836112511672,-0.30380002,-0.300135365433544,-0.413379216794271,-0.30731183304706833,-0.49870002,0.09006188473678385,0.08023387770806363,0.09616008603441319
14.8,False,0.0,0.0,-1.7351,-1.537458612411616,-1.7161095334489542,-1.549119107112488,-0.30380002,-0.29662632473834294,-0.4017039275886782,-0.3032211405626526,-0.49870002,0.0915329018025172,0.081363780117509,0.09716257307509657
14.82,False,0.0,0.0,-1.7351,-1.5639895328270361,-1.7008975333867626,-1.5687552408646253,-0.30380002,-0.2714036624492455,-0.38867390107473493,-0.2801264278079434,-0.49870002,0.09070644920641177,0.08229804702639928,0.09611035884706995
14.84,False,0.0,0.0,-1.7351,-1.5680835615358826,-1.6876161362016746,-1.5720352032183191,-0.30380002,-0.3017355817025673,-0.3799800691375182,-0.30735364517990404,-0.49870002,0.08987286445008673,0.08305552876876804,0.09503001767592303
14.86,False,0.0,0.0,-1.7351,-1.596707139839405,-1.6785252365654477,-1.5985131419875471,-0.30380002,-0.25817660248263485,-0.36779972247202986,-0.268299444118307,-0.49870002,0.08931965898387897,0.08368194179027913,0.09543140794388015
14.88,False,0.0,0.0,-1.7351,-1.609989760405422,-1.6716716889494452,-1.6116858600609123,-0.30380002,-0.23748832788836421,-0.3547685830136633,-0.2475189583351916,-0.49870002,0.08930572541285972,0.08424432015253719,0.09582187742575195
14.9,False,0.0,0.0,-1.7351,-1.6121143234758315,-1.665715952402084,-1.6145306344940789,-0.30380002,-0.23451418010841807,-0.3427431427231388,-0.24318620537500468,-0.49870002,0.08932655059906588,0.08475254319719007,0.09603278314611376
14.92,False,0.0,0.0,-1.7351,-1.6164361169403905,-1.6607879688559146,-1.6185667206515322,-0.30380002,-0.2324866816913959,-0.3317174966199645,-0.24059514540426277,-0.49870002,0.08958703080135291,0.08523599195760635,0.09675042526385665
14.94,False,0.0,0.0,-1.7351,-1.564462574962188,-1.651155429466542,-1.5695801804261917,-0.30380002,-0.24703365860670418,-0.3232491128186385,-0.2540908969917964,-0.49870002,0.08993760113201262,0.08570615287504697,0.09695337342044011
14.96,False,0.0,0.0,-1.7351,-1.629296320944443,-1.648969518614332,-1.62561939943462,-0.30380002,-0.29848959471445125,-0.3207731610082198,-0.30229789530797246,-0.49870002,0.08834632357717996,0.08597016994526027,0.09527982914376248
14.98,False,0.0,0.0,-1.7351,-1.6303720388892313,-1.647109770641822,-1.6285493585388144,-0.30380002,-0.3010130788276384,-0.31879715279016163,-0.3078686935389625,-0.49870002,0.08816649211073205,0.08618980216180745,0.0946990419678024
15.0,False,0.0,0.0,-1.7351,-1.654377719481042,-1.647836565525744,-1.6517922826735674,-0.30380002,-0.29063098723613395,-0.31598053623475886,-0.29820913165656737,-0.49870002,0.08666776425723144,0.08623759837134985,0.0933983392036773
15.02,False,0.0,0.0,-1.7351,-1.688751477202757,-1.6519280566934453,-1.684563561938469,-0.30380002,-0.27554958224689796,-0.31193744083597275,-0.2835971095109667,-0.49870002,0.0852916903159055,0.08614300756580542,0.09164860365723183
15.040000000000001,False,0.0,0.0,-1.7351,-1.6863027292988741,-1.6553655239539882,-1.6832229737476538,-0.30380002,-0.27424872379261717,-0.3081685691316372,-0.2816187435486436,-0.49870002,0.08512610512901936,0.08604131732212682,0.09104057065519502
15.06,False,0.0,0.0,-1.7351,-1.6790848108472942,-1.6577374526433188,-1.6765758180430481,-0.30380002,-0.27332629266284236,-0.3046843414847577,-0.28051876177502727,-0.49870002,0.08503029604249421,0.08594021519416356,0.09073925323299939
15.08,False,0.0,0.0,-1.7351,-1.5972683489767683,-1.651690542276664,-1.600881466540168,-0.30380002,-0.27839338851868606,-0.30205524618815055,-0.28477768417891186,-0.49870002,0.08502105309961264,0.08584829898470847,0.09045425919642738
15.1,False,0.0,0.0,-1.7351,-1.5488909336983494,-1.6414105814188327,-1.5507776298637745,-0.30380002,-0.2773117027501989,-0.2995808918443554,-0.2840119308092573,-0.49870002,0.08541685191004611,0.08580515427724224,0.09056976631295985
15.120000000000001,False,0.0,0.0,-1.7351,-1.5354239273468857,-1.630811916011638,-1.5359745883218756,-0.30380002,-0.2767126152476521,-0.29729406418468507,-0.2833471564598226,-0.49870002,0.0855494463456972,0.08577958348408773,0.09078991393339349
15.14,False,0.0,0.0,-1.7351,-1.5180075224032168,-1.619531476650796,-1.518091580749168,-0.30380002,-0.27729478252588735,-0.29529413601880533,-0.2838592188110252,-0.49870002,0.08617548283418125,0.08581917341909709,0.091550364669332
15.16,False,0.0,0.0,-1.7351,-1.5442871266034295,-1.6120070416460595,-1.5400270049068698,-0.30380002,-0.2785920152178157,-0.29362392393870634,-0.2849634789590708,-0.49870002,0.08746969328725292,0.08598422540591268,0.09320309186543112
15.18,False,0.0,0.0,-1.7351,-1.5440245378947888,-1.6052087912709323,-1.5409301265122428,-0.30380002,-0.2802534046055037,-0.2922868720053861,-0.2865529784005688,-0.49870002,0.08777980995703798,0.08616378386102522,0.09369460861534196
15.200000000000001,False,0.0,0.0,-1.7351,-1.5419397304931848,-1.5988818851931577,-1.5389703762341687,-0.30380002,-0.29273369697990353,-0.2923315545028379,-0.29799954836313225,-0.49870002,0.08937917583859524,0.08648532305878222,0.09540636330592633
15.22,False,0.0,0.0,-1.7351,-1.543439576003405,-1.5933376542741824,-1.540556310377379,-0.30380002,-0.29987370625044074,-0.2930857696775982,-0.30537526205474974,-0.49870002,0.09001792513205759,0.08683858326610976,0.09631872511076074
15.24,False,0.0,0.0,-1.7351,-1.5702704252619641,-1.5910309313729605,-1.5642867052566507,-0.30380002,-0.3258606141656532,-0.29636325412640374,-0.3292735614817841,-0.49870002,0.09293378195034052,0.08744810313453283,0.09924037497119448
15.26,False,0.0,0.0,-1.7351,-1.5739002687947847,-1.589317865115143,-1.5688011052834518,-0.30380002,-0.3324699605770134,-0.2999739247714647,-0.3369457154400915,-0.49870002,0.09440767352921466,0.088144060174001,0.10074845479002728
15.280000000000001,False,0.0,0.0,-1.7351,-1.4967583690449258,-1.5800619155081213,-1.4993151532067528,-0.30380002,-0.32366911972838086,-0.3023434442671563,-0.32915712632847816,-0.49870002,0.09890382100796158,0.08922003625739708,0.10431251451669765
15.3,False,0.0,0.0,-1.7351,-1.4866649582951983,-1.570722219786829,-1.4847114558966115,-0.30380002,-0.3235192548844787,-0.3044610253288885,-0.32832692671407726,-0.49870002,0.09915049993899736,0.0902130826255571,0.10470783900868122
15.32,False,0.0,0.0,-1.7351,-1.442157430271374,-1.5578657408352834,-1.4432352349977897,-0.30380002,-0.32533627314852664,-0.30654855011085236,-0.32981917617944034,-0.49870002,0.10080543773673455,0.09127231813667486,0.10555864230869273
15.34,False,0.0,0.0,-1.7351,-1.51104544929367,-1.5531837116811222,-1.4997021955900864,-0.30380002,-0.35306275676266896,-0.311199970776034,-0.3530071674012261,-0.49870002,0.10788096764202104,0.09293318308720948,0.11117966000983183
15.36,False,0.0,0.0,-1.7351,-1.5142548892097822,-1.5492908294339884,-1.50655935254583,-0.30380002,-0.3518772719258091,-0.3152677008910115,-0.3536633213392281,-0.49870002,0.1085298980039925,0.09449285457888779,0.1123150572083991
15.38,False,0.0,0.0,-1.7351,-1.5184385946297818,-1.5462056059535678,-1.5114668738050212,-0.30380002,-0.3504600172031874,-0.3187869325222291,-0.3526828593332547,-0.49870002,0.10920601596828508,0.09596417071782752,0.113238477333546
15.4,False,0.0,0.0,-1.7351,-1.523054680690763,-1.5438905134272873,-1.5164731830578264,-0.30380002,-0.3465058909371541,-0.3215588283637216,-0.34949792947842306,-0.49870002,0.11086588493919267,0.09745434213996404,0.11492364822109032
15.42,False,0.0,0.0,-1.7351,-1.5296642870859902,-1.5424678907931577,-1.5228038221726246,-0.30380002,-0.34706318920438206,-0.32410926444778765,-0.34962055863688535,-0.49870002,0.11175667130429422,0.09888457505639706,0.11607385091644185
15.44,False,0.0,0.0,-1.7351,-1.5148109653367428,-1.5397021982475163,-1.509133823994011,-0.30380002,-0.3361913872746304,-0.3253174767304719,-0.338271484609469,-0.49870002,0.11335157507549486,0.10033127505830684,0.11755319290871688
15.46,False,0.0,0.0,-1.7351,-1.4909737682628563,-1.5348293552490502,-1.487306182768939,-0.30380002,-0.3199129228994863,-0.32477702134737335,-0.323416020158668,-0.49870002,0.1140668176893564,0.1017048293214118,0.1185221240724462
15.48,False,0.0,0.0,-1.7351,-1.4825136612938197,-1.5295977858535272,-1.4782999773940038,-0.30380002,-0.30647807885959943,-0.32294712709859597,-0.31093146225955237,-0.49870002,0.11515364825610998,0.10304971121488161,0.1197218321649445
15.5,False,0.0,0.0,-1.7351,-1.4771369838678718,-1.5243517056549618,-1.4717343531628484,-0.30380002,-0.30734686730021077,-0.32138710111875746,-0.3090764432809995,-0.49870002,0.1157707966056357,0.10432181975395702,0.12047465906404112
15.52,False,0.0,0.0,-1.7351,-1.4146148035703054,-1.5133780154464964,-1.4155420848820421,-0.30380002,-0.2960802291471015,-0.31885641392159186,-0.2979346492912275,-0.49870002,0.11629018144024557,0.10551865592258589,0.12123913965459596
15.540000000000001,False,0.0,0.0,-1.7351,-1.362980744809522,-1.498338288382799,-1.3644752452284519,-0.30380002,-0.28370926745286856,-0.31534169927471956,-0.28527675262918994,-0.49870002,0.11569095369565613,0.10653588569989292,0.12062283449016759
15.56,False,0.0,0.0,-1.7351,-1.3613775345604078,-1.4846422130005599,-1.357883052935276,-0.30380002,-0.28714370111504767,-0.3125218994587524,-0.2867489322965986,-0.49870002,0.11528453482202887,0.10741075061210652,0.12014043479886223
15.58,False,0.0,0.0,-1.7351,-1.3823909720292251,-1.4744170889034265,-1.3753030699202653,-0.30380002,-0.305871693348215,-0.31185687884769864,-0.30271114152976775,-0.49870002,0.11537998309100497,0.10820767385999637,0.12015719680461995
15.6,False,0.0,0.0,-1.7351,-1.4142675705136512,-1.468402137064449,-1.4048745497706734,-0.30380002,-0.30817758523612115,-0.31148894948654093,-0.30548854319961904,-0.49870002,0.11449231178407691,0.10883613765240444,0.11922997234337196
15.620000000000001,False,0.0,0.0,-1.7351,-1.4547638018786493,-1.4670383035458692,-1.443725453500813,-0.30380002,-0.3240067804684879,-0.31274073258473567,-0.320604570441105,-0.49870002,0.1136216530245867,0.10931468918962267,0.11831216919081726
15.64,False,0.0,0.0,-1.7351,-1.4825417418801403,-1.4685886473792964,-1.4720931988997181,-0.30380002,-0.33486803050011116,-0.31495346237627325,-0.3307680394334592,-0.49870002,0.11234941034662653,0.10961816130532306,0.11707034987059922
15.66,False,0.0,0.0,-1.7351,-1.5254376052847756,-1.4742735431698444,-1.513310824751168,-0.30380002,-0.34365460071999754,-0.31782357621064566,-0.3386645239389543,-0.49870002,0.1096294894847309,0.10961929412326385,0.11460935003175035
15.68,False,0.0,0.0,-1.7351,-1.5399115875005362,-1.4808373476029137,-1.5316477863520692,-0.30380002,-0.297178881624033,-0.3157591067519844,-0.29651375150883996,-0.49870002,0.09557147249280701,0.10821451196021817,0.10228099187671258
15.700000000000001,False,0.0,0.0,-1.7351,-1.6496376359922933,-1.4977173764418519,-1.631765246149016,-0.30380002,-0.30407401248338023,-0.31459059732512396,-0.2982136303830708,-0.49870002,0.09384122605895667,0.10677718337009201,0.10012497389565396
15.72,False,0.0,0.0,-1.7351,-1.7027020936519663,-1.5182158481628634,-1.6880407753484248,-0.30380002,-0.3150889855419218,-0.31464043614680376,-0.3070445928532871,-0.49870002,0.09405526302905479,0.10550499133598829,0.0999154015615907
15.74,False,0.0,0.0,-1.7351,-1.748486332204387,-1.5412428965670157,-1.7355123218018513,-0.30380002,-0.33722198698125394,-0.31689859123024877,-0.3266307519573486,-0.49870002,0.0945292149206131,0.10440741369445077,0.10030999782113817
15.76,False,0.0,0.0,-1.7351,-1.8052615537961705,-1.5676447622899314,-1.7913711272094939,-0.30380002,-0.3318281076723606,-0.31839154287446,-0.32374794931331285,-0.49870002,0.09542267133557764,0.10350893945856346,0.10142900078518083
15.780000000000001,False,0.0,0.0,-1.7351,-1.8225431920549526,-1.5931346052664337,-1.812777771742005,-0.30380002,-0.3170148696448093,-0.3182538755514949,-0.31109849288000263,-0.49870002,0.09606102974336185,0.10276414848704331,0.10240574933504773
15.8,False,0.0,0.0,-1.7351,-1.8287711440296486,-1.6166982591427552,-1.822652902684435,-0.30380002,-0.30456818529836893,-0.31688530652618235,-0.298300774609101,-0.49870002,0.0967873795241084,0.10216647159074982,0.10359328306284901
15.82,False,0.0,0.0,-1.7351,-1.823396278254431,-1.6373680610539227,-1.8194905048614785,-0.30380002,-0.30036732125583676,-0.3152335079991478,-0.2932700198615754,-0.49870002,0.09704376444721369,0.1016542008763962,0.10427228145177372
15.84,False,0.0,0.0,-1.7351,-1.7602737370342727,-1.6496586286519577,-1.764733910467499,-0.30380002,-0.3159427131235305,-0.3153044285115861,-0.3059768921141226,-0.49870002,0.09757420833970203,0.1012462016227268,0.10549565421163046
15.860000000000001,False,0.0,0.0,-1.7351,-1.7433221211502063,-1.6590249779017825,-1.7451784178770802,-0.30380002,-0.32040249378533536,-0.31581423503896106,-0.31087806570533116,-0.49870002,0.0974933190588302,0.10087091336633713,0.10599562831461198
15.88,False,0.0,0.0,-1.7351,-1.753772326446554,-1.6684997127562597,-1.7527609045187298,-0.30380002,-0.31212538966010395,-0.31544535050107536,-0.3042312419341646,-0.49870002,0.09619510954458987,0.1004033329841624,0.10566434233187891
15.9,False,0.0,0.0,-1.7351,-1.7700152849532573,-1.6786512699759595,-1.7673025847202042,-0.30380002,-0.3300329369506929,-0.3169041091460371,-0.31949377716024285,-0.49870002,0.09567176774419205,0.09993017646016537,0.10529834755273379
15.92,False,0.0,0.0,-1.7351,-1.7833329307667283,-1.6891194360550363,-1.781632520730498,-0.30380002,-0.3599066156236216,-0.3212043597937955,-0.34677341545622575,-0.49870002,0.09452307500865338,0.09938946631501418,0.10397965299834891
15.94,False,0.0,0.0,-1.7351,-1.794880795111154,-1.6996955719606481,-1.7936737497079442,-0.30380002,-0.369684459973847,-0.3260523698118007,-0.35816365529822025,-0.49870002,0.09398252822479157,0.09884877250599192,0.10321049260981666
15.96,False,0.0,0.0,-1.7351,-1.8049002301227246,-1.7102160377768558,-1.8040734729169348,-0.30380002,-0.3822447050565321,-0.3316716033362738,-0.37090927626644576,-0.49870002,0.09322583970179549,0.09828647922557227,0.10229985730181164
15.98,False,0.0,0.0,-1.7351,-1.7400895323636507,-1.7132033872355354,-1.7508312384390516,-0.30380002,-0.38944491127894676,-0.3374489341305411,-0.3795783746377517,-0.49870002,0.08958118555705827,0.09741594985872087,0.09757199582078117
16.0,False,0.0,0.0,-1.7351,-1.7564981562649202,-1.717532864138474,-1.760723819011706,-0.30380002,-0.399860053088818,-0.3436900460263688,-0.39037164147656644,-0.49870002,0.08775339811244731,0.09644969468409352,0.09517630751481262
16.02,False,0.0,0.0,-1.7351,-1.7566345333060118,-1.7214430310552278,-1.7617648049510652,-0.30380002,-0.40466846474605267,-0.34978788789833726,-0.3962560282201826,-0.49870002,0.08750887205945423,0.09555561242162959,0.09431974273170728
16.04,False,0.0,0.0,-1.7351,-1.7574961745228281,-1.7250483454019878,-1.7627884146503814,-0.30380002,-0.40858173145942156,-0.35566727225444567,-0.4006457390858671,-0.49870002,0.08723685772284914,0.09472373695175154,0.09387466351679802
16.06,False,0.0,0.0,-1.7351,-1.7604733205564018,-1.7285908429174293,-1.7659251234083144,-0.30380002,-0.41076058221259304,-0.3611766032502604,-0.40337156065953683,-0.49870002,0.08691147847073916,0.09394251110365032,0.093511154380747
16.080000000000002,False,0.0,0.0,-1.7351,-1.7745094871789897,-1.7331827073435855,-1.777851771628285,-0.30380002,-0.4169906645850583,-0.3667580093837402,-0.4091258571311995,-0.49870002,0.08565899055358962,0.09311415904864426,0.09267374349053303
16.1,False,0.0,0.0,-1.7351,-1.809617567330081,-1.740826193342235,-1.8106680812340719,-0.30380002,-0.397180428773811,-0.3698002513227473,-0.3933976928188596,-0.49870002,0.07968807350659919,0.09177155049443975,0.08791775048374698
16.12,False,0.0,0.0,-1.7351,-1.8255463050823282,-1.7492982045162444,-1.8282114555634161,-0.30380002,-0.3956818268189224,-0.3723884088723648,-0.3909352652274209,-0.49870002,0.07812027916058406,0.09040642336105419,0.08608884928575929
16.14,False,0.0,0.0,-1.7351,-1.8247233124144266,-1.7568407153060628,-1.8294131074525897,-0.30380002,-0.3873134743411538,-0.37388091541924373,-0.382999736092529,-0.49870002,0.07666711654990299,0.08903249267993907,0.08463996521036973
16.16,False,0.0,0.0,-1.7351,-1.839867605400424,-1.765143404315499,-1.843847368064789,-0.30380002,-0.3733363464089089,-0.3738264585182103,-0.3705999206622838,-0.49870002,0.0746846406083873,0.08759770747278389,0.08253559798024818
16.18,False,0.0,0.0,-1.7351,-1.8571133125863868,-1.7743403951425878,-1.860723712946585,-0.30380002,-0.35325845496143693,-0.371769658162533,-0.35224125062850337,-0.49870002,0.07263261708429168,0.08610119843393467,0.0803953262469711
16.2,False,0.0,0.0,-1.7351,-1.8428912504694104,-1.7811954806752701,-1.85114725767999,-0.30380002,-0.2852584441441609,-0.3631185367606958,-0.2924083391850361,-0.49870002,0.06852204224527547,0.08434328281506875,0.07633655233459857
16.22,False,0.0,0.0,-1.7338,-1.8564324338535563,-1.7887191759930987,-1.8620742053272794,-0.3081,-0.28666361299227433,-0.35547304438385363,-0.28760459278095307,-0.49870002,0.06605981427010045,0.08251493596057193,0.07379987832055886
16.240000000000002,False,0.0,0.0,-1.7307,-1.8130129027405817,-1.791148548667847,-1.8245381119004216,-0.31809998,-0.3066362178791264,-0.35058936173338096,-0.303388723432296,-0.49870002,0.06563260027839612,0.08082670239235434,0.07315647433052741
16.26,False,0.0,0.0,-1.7289001,-1.7997401456063187,-1.792007708361694,-1.8098608821406899,-0.3237,-0.31901601155857695,-0.34743202671590057,-0.31597549525023244,-0.49870002,0.06551179856297325,0.07929521200941624,0.07289414628405297
16.28,False,0.0,0.0,-1.7246001,-1.7596351301518176,-1.7887704505407065,-1.7722485906507517,-0.3377,-0.3390782378533209,-0.3465966478296426,-0.3349301030180595,-0.49870002,0.06559941107750908,0.07792563191622552,0.07306627991149685
16.3,False,0.0,0.0,-1.7177,-1.718979372875284,-1.7817913427741643,-1.7331247766054887,-0.3603,-0.36634308754538125,-0.3485712918012165,-0.3620826041172821,-0.49870002,0.06568897802043562,0.07670196652664653,0.07311311201998452
16.32,False,0.0,0.0,-1.7090001,-1.676102934392369,-1.7712225019359848,-1.6905494993475445,-0.38849998,-0.39341460972944264,-0.35305562359403914,-0.38873756895766637,-0.49870002,0.06602933721445713,0.0756347035954276,0.07365519895609028
16.34,False,0.0,0.0,-1.707,-1.6658334915800073,-1.760683600900387,-1.6766292330814316,-0.39490002,-0.39913545842791653,-0.3576636070774269,-0.39675450134324847,-0.49870002,0.06612755475812221,0.07468398871169706,0.07388219433824766
16.36,False,0.0,0.0,-1.705,-1.65710576353919,-1.7503258171642675,-1.6672135488943172,-0.40139997,-0.40642063764495073,-0.3625393101341793,-0.4053678593835,-0.49870002,0.06620777051290246,0.07383636689181759,0.07387175587780333
16.38,False,0.0,0.0,-1.6812,-1.5896313353228961,-1.7342563689801305,-1.6060018177456343,-0.47860003,-0.48743588023601414,-0.3750289671443628,-0.47849489059140976,-0.49870002,0.06681291566529636,0.07313402176916547,0.07488911757820961
16.4,False,0.0,0.0,-1.6757001,-1.5760297635810712,-1.7184337084402246,-1.5878871055521426,-0.49650002,-0.5000691518912086,-0.38753298561904737,-0.49667624279302924,-0.49870002,0.06697755069930333,0.07251837466217927,0.07540051579518212
16.42,False,0.0,0.0,-1.6575,-1.5444681910292037,-1.7010371566991227,-1.556794143126862,-0.5553,-0.5290828276246109,-0.40168796981960375,-0.5255587062201011,-0.49870002,0.06760759526939479,0.07202729672290083,0.0765526649052682
16.44,False,0.0,0.0,-1.6543001,-1.5414667890052955,-1.68508011992974,-1.5506746394725957,-0.5658,-0.534735763005175,-0.4149927491381609,-0.5337664873215455,-0.49870002,0.06766587933081845,0.07159115498369259,0.07696532724167025
16.46,False,0.0,0.0,-1.6029,-1.5141320995491683,-1.6679853178916828,-1.524832327747271,-0.73260003,-0.6327713102455247,-0.43677060524889727,-0.623658908485646,-0.49870002,0.06801098928923582,0.07123313841424692,0.07785753250554399
16.48,False,0.0,0.0,-1.5946001,-1.5151559841536153,-1.652702384517876,-1.5232280080418552,-0.75930005,-0.653321201576676,-0.45842566488167513,-0.6512022944991808,-0.49870002,0.06786912785619989,0.07089673735844222,0.07788025829178788
16.5,False,0.0,0.0,-1.5862,-1.5262739840386295,-1.6400595444699513,-1.5323176090474173,-0.78660005,-0.6885084814612837,-0.481433946539636,-0.6864724943106209,-0.49870002,0.06734377750477902,0.0705414413730759,0.07769287677641146
16.52,False,0.0,0.0,-1.5819,-1.5266959980115427,-1.6287231898241104,-1.533065970867356,-0.80060005,-0.7024760336621876,-0.5035381552518912,-0.7019134712785864,-0.49870002,0.06722176705056682,0.07020947394082498,0.07790782875813619
16.54,False,0.0,0.0,-1.5732001,-1.52262008581,-1.6181128794226993,-1.5295850992633384,-0.8289,-0.7268183794457581,-0.5258661776712779,-0.7258376527525161,-0.49870002,0.06708671003514345,0.06989719755025682,0.07786249515160709
16.56,False,0.0,0.0,-1.5411,-1.5069085448508714,-1.6069924459655165,-1.5150700523915182,-0.93299997,-0.8162620320140695,-0.5549057631055571,-0.808357483004734,-0.49870002,0.06656072223938592,0.06956355001916972,0.07785076724837234
16.580000000000002,False,0.0,0.0,-1.5118,-1.5010788540950684,-1.5964010867784717,-1.5083233798914533,-1.0278001,-0.9192534850647872,-0.5913405353014801,-0.9082142179519654,-0.49870002,0.0655017076988514,0.0691573657871379,0.07733654798001185
16.6,False,0.0,0.0,-1.5017,-1.499266700128385,-1.586687648113463,-1.5057075599589815,-1.0605,-0.9607702303976239,-0.6282835048110945,-0.9556286626392254,-0.49870002,0.06504074523905899,0.06874570373233001,0.07721884103163387
16.62,False,0.0,0.0,-1.4966,-1.4991053625661193,-1.5779294195587288,-1.5050767224361767,-1.077,-0.9844789974521665,-0.6639030540752017,-0.9828190508630543,-0.49870002,0.06474663984801315,0.06834579734389833,0.07716660069680448
16.64,False,0.0,0.0,-1.4759,-1.4854508503640624,-1.5686815626392623,-1.4926697886816678,-1.1444,-1.0784626622953644,-0.705359014897218,-1.0693180524924228,-0.49870002,0.06379994179687297,0.06789121178919579,0.07689855630964564
16.66,False,0.0,0.0,-1.4048,-1.3778126286917933,-1.5495946692445153,-1.3961168025802566,-1.3749001,-1.256266980107784,-0.7604498114182746,-1.2350443525984103,-0.49870002,0.06317422403055724,0.06741951301333193,0.07721086125208788
16.68,False,0.0,0.0,-1.3991001,-1.3710020297127579,-1.5317354052913397,-1.3809397606891802,-1.3933002,-1.2698456460543186,-0.811389394881879,-1.2641995156205559,-0.49870002,0.06309344299495014,0.06698690601149376,0.07758719050128264
16.7,False,0.0,0.0,-1.3820001,-1.3540514203013194,-1.5139670067923376,-1.3627109028745923,-1.4488001,-1.3225967695521543,-0.8625101323489066,-1.3172479829813086,-0.49870002,0.0625908993194423,0.06654730534228862,0.07738530219268132
16.72,False,0.0,0.0,-1.3762001,-1.3488347720232208,-1.497453783315426,-1.3557276535271217,-1.4675002,-1.345948817372173,-0.9108540008512334,-1.34454916247712,-0.49870002,0.06233813159226627,0.06612638796728638,0.07719234638171676
16.740000000000002,False,0.0,0.0,-1.3704001,-1.3424368268216587,-1.4819520876660492,-1.3489111441304371,-1.4863,-1.3701608216475853,-0.9567846829308686,-1.36979366582493,-0.49870002,0.06210068658367335,0.06572381782892509,0.07707155294909719
16.76,False,0.0,0.0,-1.3057001,-1.2688272434069687,-1.4606396032401412,-1.2830800420013686,-1.6961,-1.6370079128677046,-1.0248070059245522,-1.606266539884556,-0.49870002,0.05971735136559872,0.06512317118259245,0.07594432543651183
16.78,False,0.0,0.0,-1.2397001,-1.1947801463408947,-1.4340536575502165,-1.2116438562894039,-1.9102002,-1.8229180407762677,-1.1046181094097238,-1.7920846500090737,-0.49870002,0.05808394836191415,0.06441924890052461,0.0749475010833001
16.8,False,0.0,0.0,-1.2216,-1.1716360063186373,-1.4078118924270586,-1.1830942866709337,-1.9689001,-1.8523434264732064,-1.179390641116072,-1.8418713721236242,-0.49870002,0.05788335785914407,0.06376565979638656,0.07449119473927629
16.82,False,0.0,0.0,-1.1794001,-1.1244036549490746,-1.3794710686792604,-1.1371701836243007,-2.1054997,-1.9516171715569248,-1.2566132941601573,-1.938944714042914,-0.49870002,0.056761912862184696,0.06306528510296637,0.07344156129490245
16.84,False,0.0,0.0,-1.1495,-1.1014938217546117,-1.3516733439867954,-1.1115861360474952,-2.2024999,-2.03699606562332,-1.3346515713064737,-2.024938118619972,-0.49870002,0.05556369791803853,0.06231512638447359,0.07249741755761144
16.86,False,0.0,0.0,-1.0907001,-1.0632609460354219,-1.3228321041916582,-1.0741518545788864,-2.3934999,-2.211683994209658,-1.4223548135967923,-2.189474005224189,-0.49870002,0.05269378520100165,0.061352992266126394,0.06963920483591515
16.88,False,0.0,0.0,-1.0619,-1.0407438384603978,-1.2946232776185322,-1.0499361194867631,-2.4867,-2.303749723736664,-1.5104943046107797,-2.288611055679144,-0.49870002,0.05114426025022023,0.06033211906453578,0.06796039005532654
16.9,False,0.0,0.0,-1.0506,-1.0306777031188887,-1.268228720168568,-1.0376028680810756,-2.5235,-2.335910421739613,-1.5930359163236631,-2.3312017975545274,-0.49870002,0.05059457275511574,0.05935836443359378,0.06695686470441738
16.92,False,0.0,0.0,-1.0393001,-1.0204406184015167,-1.243449909991863,-1.0265829408321,-2.56,-2.374543384446519,-1.6711866631359489,-2.3726673928569992,-0.49870002,0.0499224117566111,0.05841476916589552,0.06605315357392376
16.94,False,0.0,0.0,-1.0171,-1.0001483185706492,-1.2191197508497416,-1.0074175641730747,-2.6318002,-2.448734477448905,-1.7489414445672447,-2.4428998303289737,-0.49870002,0.04861400914661003,0.05743469316396697,0.0649456863431715
16.96,False,0.0,0.0,-0.99549997,-0.9824230775010836,-1.1954500835148758,-0.989769886573935,-2.7020998,-2.5131293183845065,-1.8253602319489708,-2.5072933436342932,-0.49870002,0.04740183657694133,0.0564314075052644,0.06364965828830928
16.98,False,0.0,0.0,-0.95369995,-0.9541383282077718,-1.1713189079841655,-0.9628195859588577,-2.8374,-2.608044711184024,-1.903628679872476,-2.5987532564983544,-0.49870002,0.04560667305239058,0.055348934059977026,0.06156267012181254
17.0,False,0.0,0.0,-0.9289,-0.9297977941726311,-1.1471667966030121,-0.9382611974491404,-2.9179997,-2.6958735049815044,-1.982853162383379,-2.6866044704999457,-0.49870002,0.04402883595126014,0.05421692424910534,0.059662818551023594
17.02,False,0.0,0.0,-0.92410004,-0.9233743348899494,-1.124787550431706,-0.9295603593723077,-2.9337,-2.7088195218816655,-2.055449798333208,-2.708992402936473,-0.49870002,0.04381271225300333,0.05317650304949514,0.05901042515280078
17.04,False,0.0,0.0,-0.90980005,-0.9047092496803734,-1.1027797203565728,-0.9115617968161864,-2.9800005,-2.75672458157476,-2.125577276657363,-2.755836281015766,-0.49870002,0.04301837241876359,0.05216068998642199,0.0579788543280543
17.06,False,0.0,0.0,-0.88250005,-0.8766882968628559,-1.080170578007201,-0.8847928173206122,-3.0685,-2.8649961672615953,-2.1995191657177866,-2.8565027076421106,-0.49870002,0.041167642991658704,0.051061385286945656,0.055952372427707155
17.080000000000002,False,0.0,0.0,-0.87380004,-0.8683152497761397,-1.058985045184095,-0.8744262907455314,-3.0967999,-2.8981897426936714,-2.269386223415375,-2.8965363981619214,-0.49870002,0.04065268418565055,0.05002051517681615,0.05506400349387637
17.1,False,0.0,0.0,-0.86950004,-0.8642300780264196,-1.0395095484683274,-0.869162953621958,-3.1107001,-2.911484390589263,-2.333596040132764,-2.9145574198654973,-0.49870002,0.04046349551743053,0.049064813210877585,0.05458513195891486
17.12,False,0.0,0.0,-0.86520004,-0.8593425966213027,-1.021492853283625,-0.8640270470927431,-3.1244001,-2.926090820710325,-2.3928455181905197,-2.930502291209642,-0.49870002,0.040248833130247394,0.048183215202814565,0.054229265499956006
17.14,False,0.0,0.0,-0.8449,-0.8365514768733104,-1.0029987156425935,-0.8434441335590988,-3.1904998,-2.9877430978152115,-2.452335276152989,-2.986610024299102,-0.49870002,0.039519993708412374,0.047316893053374345,0.053639473641428924
17.16,False,0.0,0.0,-0.82949996,-0.8211899367705631,-0.9848178377553904,-0.8277338202895707,-3.2402,-3.028061947047751,-2.5099079432424656,-3.028002663456182,-0.49870002,0.039228344883513,0.04650803823638821,0.05325214548052508
17.18,False,0.0,0.0,-0.81159997,-0.7940522643313633,-0.9657412804129877,-0.8012344669018038,-3.2982001,-3.090156195286577,-2.5679327684468767,-3.088489600277361,-0.49870002,0.038778573781367044,0.0457350917908861,0.0525757428497422
17.2,False,0.0,0.0,-0.7952,-0.7500101795743498,-0.9441681703291239,-0.7595406945349726,-3.3514,-3.164179015728502,-2.627557393175039,-3.160515710887369,-0.49870002,0.03821658842146568,0.044983241453944056,0.052005579595855
17.22,False,0.0,0.0,-0.78610003,-0.7347531616540184,-0.9232266694616134,-0.7416750844865643,-3.3809,-3.1896802109408817,-2.6837696749516233,-3.1911615927640735,-0.49870002,0.0383459415128011,0.044319511459829763,0.05197719451653099
17.240000000000002,False,0.0,0.0,-0.7832,-0.7303240782073164,-0.9039364103361837,-0.735200970812026,-3.3904,-3.200826734095032,-2.7354753808659646,-3.2055741636884947,-0.49870002,0.03835720503395737,0.04372328081724253,0.05193892248203358
17.26,False,0.0,0.0,-0.77760005,-0.7244048617112542,-0.8859832554736907,-0.7288796207639269,-3.4087,-3.2178001362543998,-2.783707856404808,-3.2227527220050183,-0.49870002,0.038577887060583876,0.04320874144157666,0.05219059300657726
17.28,False,0.0,0.0,-0.75329995,-0.7209053563837573,-0.8694754655646975,-0.72360032225001,-3.4874,-3.292991753729537,-2.834636246137281,-3.2922468379860845,-0.49870002,0.04071289862096165,0.042959157159515156,0.05336520939906331
17.3,False,0.0,0.0,-0.7473,-0.7072708729869973,-0.8532550063069274,-0.7102663509192929,-3.5068998,-3.3362171628130417,-2.8847943378048573,-3.337551978512299,-0.49870002,0.04120342406527311,0.04278358385009095,0.05366857575721694
17.32,False,0.0,0.0,-0.7285,-0.7678679730890206,-0.8447163029851367,-0.7617822416659297,-3.5678005,-3.437931138928239,-2.9401080179171957,-3.433670552158649,-0.49870002,0.048210867699053334,0.04332631223498719,0.05943991500498831
17.34,False,0.0,0.0,-0.72580004,-0.7687309227202532,-0.8371177649586483,-0.7664460548049792,-3.5763998,-3.4675552907767053,-2.992852745203147,-3.4693530785112205,-0.49870002,0.04988806192594128,0.0439824872040826,0.0613684954057889
17.36,False,0.0,0.0,-0.72510004,-0.7664456762947864,-0.8300505560922622,-0.7650362964396689,-3.5788002,-3.4768576954174297,-3.041253240224575,-3.482641738080602,-0.49870002,0.05043692555430876,0.044627931039105215,0.06193693405679565
17.38,False,0.0,0.0,-0.72159994,-0.7308344101533352,-0.8201289414983695,-0.7330089121265686,-3.5901003,-3.5035198783287234,-3.08747990403499,-3.5081961086271978,-0.49870002,0.0573214085809976,0.04589727879329446,0.06793972763840339
17.400000000000002,False,0.0,0.0,-0.72159994,-0.7213596278043974,-0.8102520101289723,-0.7218806059088387,-3.5901003,-3.475348262659616,-3.126266739897453,-3.485147808856001,-0.49870002,0.060127811395775374,0.04732033205354255,0.07091356452688262
17.42,False,0.0,0.0,-0.72159994,-0.7279253519930445,-0.8020193443153796,-0.7259067186090836,-3.5901003,-3.4593041712816666,-3.1595704830358744,-3.4693186949237225,-0.49870002,0.061850940703470636,0.048773392918535365,0.07261590696175704
17.44,False,0.0,0.0,-0.72159994,-0.7392883776393411,-0.7957462476477758,-0.7359441701801253,-3.5901003,-3.399662054012296,-3.183579640133517,-3.413688591162403,-0.49870002,0.06662354959511473,0.0505584085861933,0.07729780543982147
17.46,False,0.0,0.0,-0.72159994,-0.7401015068754886,-0.7901817735705471,-0.7372938110771394,-3.5901003,-3.3961032288109476,-3.20483199900126,-3.4058479227303264,-0.49870002,0.06709912516564377,0.052212480244138354,0.07826053758453178
17.48,False,0.0,0.0,-0.72159994,-0.7351445285354096,-0.7846780490670333,-0.7330289939458831,-3.5901003,-3.384215934517708,-3.2227703925529045,-3.3936589232829775,-0.49870002,0.06878431751486905,0.05386966397121142,0.07996239553844686
17.5,False,0.0,0.0,-0.72159994,-0.7179042563016377,-0.7780006697904938,-0.7172587677383109,-3.5901003,-3.370834082389126,-3.237576761536527,-3.380217352204827,-0.49870002,0.07059379346886556,0.05554207692097684,0.08185771945268597
17.52,False,0.0,0.0,-0.72159994,-0.7159863723853847,-0.7717992400499828,-0.7142427298973717,-3.5901003,-3.368430294917703,-3.2506621148746446,-3.3768384480161378,-0.49870002,0.07087067583556995,0.05707493681243615,0.08231333358562234
17.54,False,0.0,0.0,-0.72159994,-0.711646462413522,-0.7657839622863367,-0.7088829371962801,-3.5901003,-3.3667323225175614,-3.2622691356389364,-3.3749123372906413,-0.49870002,0.07111801927225855,0.058479245058418394,0.08236534945260483
17.56,False,0.0,0.0,-0.72159994,-0.6689114836584699,-0.7560967144235501,-0.6701249932904558,-3.5901003,-3.3656349251122135,-3.2726057145862644,-3.373429808627863,-0.49870002,0.07256266057515616,0.05988758661009217,0.08432343225852972
17.580000000000002,False,0.0,0.0,-0.72159994,-0.6692389395279842,-0.7474109369339935,-0.6667100772861208,-3.5901003,-3.372667788456822,-3.28261192197332,-3.3794716354547933,-0.49870002,0.0728348342728454,0.061182311376367496,0.08488384634524328
17.6,False,0.0,0.0,-0.72159994,-0.6544702621267501,-0.7381168694532692,-0.6517130163513307,-3.5901003,-3.385896057010884,-3.292940335477077,-3.3915768573261214,-0.49870002,0.07248497655684509,0.06231257789441526,0.08478051158157497
17.62,False,0.0,0.0,-0.72159994,-0.7083337584057788,-0.7351385583485202,-0.6995183792037396,-3.5901003,-3.3816038981316816,-3.3018066917425375,-3.3880297116252667,-0.49870002,0.07202729452993616,0.06328404955796735,0.08438141646459639
17.64,False,0.0,0.0,-0.72159994,-0.7241977799680467,-0.7340444805104728,-0.7166286162001992,-3.5901003,-3.358990297244116,-3.3075250522926956,-3.366448568352226,-0.49870002,0.07190523897353032,0.06414616849952365,0.08384252281798932
17.66,False,0.0,0.0,-0.72159994,-0.7124926039518673,-0.7318892928546122,-0.7077308607785753,-3.5901003,-3.3895947064834657,-3.3157320177117726,-3.392573614660437,-0.49870002,0.07173874572914572,0.06490542622248585,0.08395423500993267
17.68,False,0.0,0.0,-0.72159994,-0.7124223521624341,-0.7299425987853945,-0.7068046579291625,-3.5901003,-3.412074804941848,-3.32536629643478,-3.4142125515322403,-0.49870002,0.07166807660535082,0.06558169126077235,0.08397339920253832
17.7,False,0.0,0.0,-0.72159994,-0.6907083090972778,-0.7260191698165828,-0.686577574547935,-3.5901003,-3.427750370115562,-3.3356047038028582,-3.429759334267216,-0.49870002,0.07146859561654408,0.06617038169634952,0.0842958350856828
17.72,False,0.0,0.0,-0.72159994,-0.683306105507514,-0.7217478633856759,-0.6783959208436463,-3.5901003,-3.448438412289169,-3.3468880746514893,-3.4495824575651435,-0.49870002,0.07117495628149909,0.06667083915486448,0.08437474501463749
17.740000000000002,False,0.0,0.0,-0.72159994,-0.6836711028060521,-0.7179401873277136,-0.6780539035852006,-3.5901003,-3.4518191102939193,-3.3573811782157326,-3.454077256497058,-0.49870002,0.07112589712207955,0.06711634495158599,0.08440002391531962
17.76,False,0.0,0.0,-0.72159994,-0.6952556530777677,-0.715671733902719,-0.6887083168670558,-3.5901003,-3.482979097887586,-3.369940970182918,-3.4826997734453684,-0.49870002,0.07021916863493567,0.06742662731992095,0.08392942712148027
17.78,False,0.0,0.0,-0.72159994,-0.7090274193409847,-0.7150073024465456,-0.7015735408394184,-3.5901003,-3.5371885215972387,-3.38666572532435,-3.533262809674137,-0.49870002,0.06870284491229292,0.06755424907915815,0.08247011128782339
17.8,False,0.0,0.0,-0.72159994,-0.710880536743627,-0.7145946258762538,-0.7042543190519222,-3.5901003,-3.538030814082197,-3.401802234200135,-3.537442623599257,-0.49870002,0.06838117606731235,0.06763694177797357,0.08214778629392944
17.82,False,0.0,0.0,-0.72159994,-0.7137390196543615,-0.7145090652540645,-0.7072149669030012,-3.5901003,-3.539153870728809,-3.4155373978530026,-3.5390502797238206,-0.49870002,0.06810983826361175,0.06768423142653739,0.08186606099892288
17.84,False,0.0,0.0,-0.72159994,-0.7244989165783392,-0.715508050386492,-0.7175051748663773,-3.5901003,-3.540331220842442,-3.4280167801519466,-3.5404561459989754,-0.49870002,0.06781622899669584,0.06769743118355323,0.08158149900723627
17.86,False,0.0,0.0,-0.72159994,-0.7477495917282685,-0.7187322045206697,-0.7402313971818865,-3.5901003,-3.546658640988831,-3.439880966235635,-3.5467679311048306,-0.49870002,0.06715433025064885,0.0676431210902628,0.08098817609792094
17.88,False,0.0,0.0,-0.72159994,-0.7623352420821039,-0.7230925082768132,-0.754808090794409,-3.5901003,-3.5444943397692024,-3.450342303588992,-3.5444475412614507,-0.49870002,0.06670355186617846,0.06754916416785436,0.08003606526697625
17.900000000000002,False,0.0,0.0,-0.72159994,-0.7631587379863196,-0.7270991312477639,-0.756721709307524,-3.5901003,-3.5207878039530303,-3.457386853625396,-3.522235090576605,-0.49870002,0.06651528328270853,0.06744577607933978,0.0794091707537193
17.92,False,0.0,0.0,-0.72159994,-0.7766523655387934,-0.7320544546768669,-0.76956701175666,-3.5901003,-3.4884575318339044,-3.4604939214462473,-3.4910554174484463,-0.49870002,0.066027133220595,0.06730391179346532,0.07829393881232803
17.94,False,0.0,0.0,-0.72159994,-0.7830816623627174,-0.737157175445452,-0.7760829026537754,-3.5901003,-3.4843524251047837,-3.4628797718121014,-3.484596704253018,-0.49870002,0.0660178151073907,0.06717530212485785,0.07780495221069188
17.96,False,0.0,0.0,-0.72159994,-0.7798896344230692,-0.7414304213432137,-0.7738546709747869,-3.5901003,-3.471935583571552,-3.4637853529880465,-3.472583598280944,-0.49870002,0.06585696565083587,0.06704346847745565,0.07697024491369593
17.98,False,0.0,0.0,-0.72159994,-0.7689708657947644,-0.7441844657883688,-0.7641151513538826,-3.5901003,-3.4762894733790115,-3.4650357650271433,-3.4762213623079585,-0.49870002,0.06569749030778035,0.06690887066048813,0.0765299146739766
18.0,False,0.0,0.0,-0.72159994,-0.7647836377205667,-0.7462443829815886,-0.7591991303361637,-3.5901003,-3.484508983663798,-3.4669830868908087,-3.4836775267859164,-0.49870002,0.06561538026086758,0.06677952162052608,0.07574758098297271
18.02,False,0.0,0.0,-0.72159994,-0.7294509632025411,-0.7445650410036839,-0.7261331953588981,-3.5901003,-3.491851617268879,-3.469469939928616,-3.4908607817915396,-0.49870002,0.06546506366993218,0.0666480758254667,0.07496818915276193
18.04,False,0.0,0.0,-0.72159994,-0.7363280396986547,-0.743741340873181,-0.7300864168249146,-3.5901003,-3.463974525064711,-3.4689203984422257,-3.466125899980692,-0.49870002,0.06587450739734566,0.0665707189826546,0.0747645019432201
18.06,False,0.0,0.0,-0.72159994,-0.7757153898457726,-0.7469387457704402,-0.7659608934985125,-3.5901003,-3.3531849868764825,-3.4573468572856516,-3.363960563244655,-0.49870002,0.06751395710178977,0.06666504279456811,0.07549860490297722
18.080000000000002,False,0.0,0.0,-0.72159994,-0.6153523950257747,-0.7337801106959736,-0.6211256815305051,-3.5901003,-3.290514335391879,-3.4406636050962742,-3.300797664233186,-0.49870002,0.07086061804639011,0.06708460031975032,0.07964111936667918
18.1,False,0.0,0.0,-0.72159994,-0.6013279538093027,-0.7205348950073066,-0.5988319253955494,-3.5901003,-3.294967515306837,-3.4260939961173307,-3.2995417360133836,-0.49870002,0.07085537416467722,0.06746167770424301,0.08049817187398428
18.12,False,0.0,0.0,-0.72159994,-0.6059334215840586,-0.7090747476649818,-0.60444723100265,-3.5901003,-3.2042784598545846,-3.4039124424910563,-3.2121303080811434,-0.49870002,0.0712990564706829,0.067845415580887,0.08117462318270717
18.14,False,0.0,0.0,-0.72159994,-0.6175155059978358,-0.6999188234982672,-0.6169142520712105,-3.5901003,-3.1725866937825553,-3.3807798676202063,-3.177703318365274,-0.49870002,0.07158236138976043,0.06821911016177434,0.08114341602193001
18.16,False,0.0,0.0,-0.72159994,-0.6308711209911974,-0.6930140532475603,-0.6302234672701266,-3.5901003,-3.12934045980759,-3.3556359268389446,-3.133379730673025,-0.49870002,0.07175807352252332,0.06857300649784924,0.08099925295810594
18.18,False,0.0,0.0,-0.72159994,-0.6413928110059472,-0.687851929023399,-0.6419422865944729,-3.5901003,-3.10920390538462,-3.330992724693512,-3.1120917762189704,-0.49870002,0.07152105848817636,0.06886781169688196,0.08030671887294544
18.2,False,0.0,0.0,-0.72159994,-0.64049156509122,-0.6831158926301811,-0.6419993578017351,-3.5901003,-3.1218844049186623,-3.3100818927160267,-3.1216225726834717,-0.49870002,0.07110073310484602,0.06909110383767836,0.07998841050961483
18.22,False,0.0,0.0,-0.72159994,-0.6304175792632125,-0.6778460612934843,-0.6321716337137373,-3.5901003,-3.1307595274113877,-3.292149656185563,-3.129204155672894,-0.49870002,0.071088868221108,0.06929088027602133,0.08020910991280944
18.240000000000002,False,0.0,0.0,-0.72159994,-0.6138613309892336,-0.6714475882630593,-0.6160625753126621,-3.5901003,-3.1610047072730465,-3.2790351612943116,-3.1573408230629605,-0.49870002,0.07106186403437431,0.06946797865185664,0.0803696913573114
18.26,False,0.0,0.0,-0.72159994,-0.5985503158124109,-0.6641578610179945,-0.6005582487223047,-3.5901003,-3.16968013393159,-3.2680996585580395,-3.1667241191555986,-0.49870002,0.07113916919425887,0.06963509770609685,0.08035464712695393
18.28,False,0.0,0.0,-0.72159994,-0.5880264115578794,-0.656544716071983,-0.5894491874487697,-3.5901003,-3.1708593434105317,-3.258375627043289,-3.168156913197288,-0.49870002,0.07124561939166817,0.06979614987465399,0.08037496364212479
18.3,False,0.0,0.0,-0.72159994,-0.5800205508476672,-0.6488922995495514,-0.5820895062208454,-3.5901003,-3.17443676226497,-3.249981740565457,-3.172454840061273,-0.49870002,0.07136904906157332,0.06995343979334592,0.08041892454429582
18.32,False,0.0,0.0,-0.72159994,-0.5521869780716644,-0.6392217674017627,-0.5547232598794336,-3.5901003,-3.2374606931582757,-3.248729635824739,-3.230296670558083,-0.49870002,0.07249557557234851,0.07020765337124618,0.08131237710307489
18.34,False,0.0,0.0,-0.72159994,-0.5556670584774412,-0.6308662965093306,-0.5555209429823282,-3.5901003,-3.238651802575195,-3.247721852499785,-3.2344894035996887,-0.49870002,0.07269170697157488,0.07045605873127905,0.08146847018131072
18.36,False,0.0,0.0,-0.72159994,-0.557281012821859,-0.6235077681405834,-0.5564041294868641,-3.5901003,-3.235604302833811,-3.2465100975331875,-3.2320098728502633,-0.49870002,0.07274503279851198,0.07068495613800235,0.0814070701929594
18.38,False,0.0,0.0,-0.72159994,-0.6057783493139022,-0.6217348262579153,-0.600420039069485,-3.5901003,-3.2846465503498647,-3.2503237428148553,-3.27724852338979,-0.49870002,0.07235852503996662,0.07085231302819879,0.08053289846393857
18.400000000000002,False,0.0,0.0,-0.72159994,-0.6777986369635597,-0.6273412073284799,-0.6692212941644524,-3.5901003,-3.3014552127428587,-3.2554368898076556,-3.2960950313786794,-0.49870002,0.07217806514962077,0.070984888240341,0.0799817480280098
18.42,False,0.0,0.0,-0.72159994,-0.6909850890699731,-0.6337055955026292,-0.6853457302440746,-3.5901003,-3.301261466877665,-3.260019347514657,-3.29764985135581,-0.49870002,0.07185563257416137,0.07107196267372304,0.07927465583623838
18.44,False,0.0,0.0,-0.72159994,-0.6955710815993776,-0.639892144112304,-0.6910295647476496,-3.5901003,-3.294338306086285,-3.2634512433718195,-3.291893726764964,-0.49870002,0.07181209392324234,0.07114597579867497,0.07891465223493159
18.46,False,0.0,0.0,-0.72159994,-0.7002634582855599,-0.6459292755296295,-0.6955227168738832,-3.5901003,-3.292236851414099,-3.266329804176048,-3.289674777583819,-0.49870002,0.07180403566464683,0.07121178178527215,0.07866833740900284
18.48,False,0.0,0.0,-0.72159994,-0.7072526055087994,-0.6520616085275465,-0.7028440871196883,-3.5901003,-3.290322820765056,-3.2687291058349484,-3.288034421231763,-0.49870002,0.07174606731857859,0.07126521033860281,0.07853742772898474
18.5,False,0.0,0.0,-0.72159994,-0.7365454881099305,-0.6605099964857849,-0.7285661693415207,-3.5901003,-3.2856569294587534,-3.270421888197329,-3.283650064559942,-0.49870002,0.07149136320388931,0.07128782562513147,0.07767520215400381
18.52,False,0.0,0.0,-0.72159994,-0.7380792014240823,-0.6682669169796146,-0.7308572129385655,-3.5901003,-3.283327144726627,-3.271712413850259,-3.281245956611523,-0.49870002,0.07154321869931402,0.07131336493254972,0.07742754981690506
18.54,False,0.0,0.0,-0.72159994,-0.7241348251051664,-0.6738537077921698,-0.7179946118358002,-3.5901003,-3.3262803427289005,-3.2771692067381233,-3.3209186386325538,-0.49870002,0.07172157983424954,0.0713541864227197,0.07739389313914902
18.56,False,0.0,0.0,-0.72159994,-0.7165963954452051,-0.6781279765574734,-0.7106466920399763,-3.5901003,-3.358834854304287,-3.2853357714947395,-3.353715492606357,-0.49870002,0.07152371951760061,0.07137113973220781,0.07707972398604881
18.580000000000002,False,0.0,0.0,-0.72159994,-0.7368575449482366,-0.6840009333965497,-0.7285584628971077,-3.5901003,-3.3630998664499785,-3.2931121809902635,-3.3604019733107933,-0.49870002,0.07155019751207528,0.07138904551019455,0.07685772554821159
18.6,False,0.0,0.0,-0.72159994,-0.7630987522176917,-0.6919107152786639,-0.7529785665691977,-3.5901003,-3.3916366614657654,-3.302964629037814,-3.3877583340528084,-0.49870002,0.06816721727434986,0.07106686268661008,0.07356235478105748
18.62,False,0.0,0.0,-0.72159994,-0.7929013125576334,-0.7020097750065608,-0.7804767524055476,-3.5901003,-3.4299975990279705,-3.31566792603683,-3.425276433115682,-0.49870002,0.06408615731084619,0.07036879214903369,0.06926266498741217
18.64,False,0.0,0.0,-0.72159994,-0.7861323815453966,-0.7104220356604445,-0.7765623261480707,-3.5901003,-3.4397451357236597,-3.3280756470055133,-3.437670808915132,-0.49870002,0.0634896868136941,0.06968088161549973,0.06816965261049324
18.66,False,0.0,0.0,-0.72159994,-0.7724981497667935,-0.7166296470710795,-0.764240889131456,-3.5901003,-3.4772507652437437,-3.3429931588293367,-3.4730059302912677,-0.49870002,0.061233708163183465,0.06883616427026812,0.0659673706077129
18.68,False,0.0,0.0,-0.72159994,-0.7696207954942844,-0.7219287619133999,-0.7605935794851714,-3.5901003,-3.4903734218482563,-3.357731185131229,-3.4880747578678424,-0.49870002,0.06038620186309081,0.06799116802955038,0.06498151806476177
18.7,False,0.0,0.0,-0.72159994,-0.7714189594914388,-0.7268777816712039,-0.7620268833498711,-3.5901003,-3.545549715518568,-3.3765130381699624,-3.5388215399046326,-0.49870002,0.05382280135286532,0.06657433136188187,0.05966070191744438
18.72,False,0.0,0.0,-0.72159994,-0.7447352565310909,-0.7286635291571926,-0.7386006619523704,-3.5901003,-3.6177302768123756,-3.400634762034204,-3.607602337198242,-0.49870002,0.04527956187604512,0.0644448544132982,0.05231280626652096
18.740000000000002,False,0.0,0.0,-0.72159994,-0.6930520819060618,-0.7251023844320795,-0.6913506050335286,-3.5901003,-3.645449694838344,-3.425116255314618,-3.6394524493773552,-0.49870002,0.03924633765195909,0.06192500273716429,0.046839958463600825
18.76,False,0.0,0.0,-0.72159994,-0.637861853408826,-0.7163783313297543,-0.6388356970207996,-3.5901003,-3.6216260190077074,-3.444767231683927,-3.6242768541146173,-0.49870002,0.032195890579957594,0.05895209152144362,0.0404732175850994
18.78,False,0.0,0.0,-0.72159994,-0.6591992240929596,-0.7106604206060748,-0.6514197804366704,-3.5901003,-3.59231498427727,-3.4595220069432613,-3.599509559837308,-0.49870002,0.031340698866070105,0.05619095225590628,0.03884621836058235
18.8,False,0.0,0.0,-0.72159994,-0.6739614097457431,-0.7069905195200417,-0.6645944629367496,-3.5901003,-3.576990839146949,-3.47126889016363,-3.5831151963703913,-0.49870002,0.03119540365269236,0.053691397395584886,0.038593782358580526
18.82,False,0.0,0.0,-0.72159994,-0.7310103415687066,-0.7093925017249082,-0.7150715512059201,-3.5901003,-3.5198596087907976,-3.476127962026347,-3.5329740243726255,-0.49870002,0.032115440293770454,0.051533801685403446,0.03919444862756599
18.84,False,0.0,0.0,-0.72159994,-0.7468303802771317,-0.7131362895801305,-0.7340823824755567,-3.5901003,-3.5150282339719974,-3.480017989220912,-3.5235681976554716,-0.49870002,0.032334576818561854,0.04961387919871929,0.03946499097271562
18.86,False,0.0,0.0,-0.72159994,-0.7868139144854353,-0.7205040520706609,-0.7716095084859362,-3.5901003,-3.504220487177139,-3.4824382390165347,-3.5122566956690804,-0.49870002,0.03316386784605317,0.04796887806345268,0.04030927238330652
18.88,False,0.0,0.0,-0.72159994,-0.8214486002359547,-0.7305985068871903,-0.8060603166061933,-3.5901003,-3.472776760437325,-3.481472091158614,-3.4847527300954155,-0.49870002,0.0396146962877871,0.047133459885886124,0.04569360170352186
18.900000000000002,False,0.0,0.0,-0.72159994,-0.7270625030090747,-0.7302449064993788,-0.7312478819149907,-3.5901003,-3.5386295297116823,-3.4871878350139207,-3.537804650946905,-0.49870002,0.04913549273663022,0.047333663170960535,0.05468269028433831
18.92,False,0.0,0.0,-0.7235,-0.7172861311371619,-0.728949028963157,-0.7173042959408955,-3.5840998,-3.5250509567334127,-3.49097414718587,-3.531268225728907,-0.49870002,0.062302001728354456,0.04883049702669993,0.0672975522411425
18.94,False,0.0,0.0,-0.72529995,-0.7297567295869224,-0.7290297990255336,-0.7260151561299484,-3.578,-3.503578262399425,-3.4922345587072257,-3.513889356305423,-0.49870002,0.06457742243113321,0.05040518956714326,0.07103898152070127
18.96,False,0.0,0.0,-0.72609997,-0.7333125470579549,-0.7294580738287757,-0.7295883840515487,-3.5755,-3.4976011466772436,-3.492771217504228,-3.5073255442922497,-0.49870002,0.06531903178739179,0.051896573789168114,0.07265124512855192
18.98,False,0.0,0.0,-0.75839996,-0.7714289738940873,-0.7336551638353068,-0.7650182559223074,-3.4709,-3.434006762507149,-3.48689477200452,-3.449889973086931,-0.49870002,0.07739112703020652,0.05444602911327196,0.08376210763157677
19.0,False,0.0,0.0,-0.763,-0.7604441806613866,-0.7363340655179149,-0.759466253891852,-3.4559002,-3.413947929554094,-3.4796000877594775,-3.4264093866711347,-0.49870002,0.07864274898523832,0.056865701100468596,0.08626367842127333
19.02,False,0.0,0.0,-0.79630005,-0.7616806322848637,-0.7388687221946098,-0.7622028864132965,-3.3479,-3.2505695904595022,-3.45669703802948,-3.2793626291178253,-0.49870002,0.08535282483596668,0.05971441347401841,0.0922999082195187
19.04,False,0.0,0.0,-0.7995,-0.7662586233568758,-0.7416077123108363,-0.7675838441510744,-3.3375998,-3.231216200704666,-3.4341489542969987,-3.248269155127761,-0.49870002,0.08580224714781522,0.062323196841398094,0.09322401617250907
19.06,False,0.0,0.0,-0.806,-0.7772279169111055,-0.7451697327708632,-0.7781186204159025,-3.3164,-3.201121629433033,-3.410846221810602,-3.2159428953890137,-0.49870002,0.08649149285726751,0.06474002644298504,0.0942227516421217
19.080000000000002,False,0.0,0.0,-0.80939996,-0.7845924281009512,-0.749112002303872,-0.7853641102363942,-3.3055,-3.18454761894203,-3.388216361523745,-3.1968422652073207,-0.49870002,0.08679033397864468,0.06694505719655101,0.0949165974817372
19.1,False,0.0,0.0,-0.82710004,-0.8374523201989866,-0.7579460340933835,-0.8335114082518608,-3.2480998,-3.107287271624145,-3.360123452533785,-3.126356395132795,-0.49870002,0.08810251915928499,0.06906080339282442,0.09616893064814187
19.12,False,0.0,0.0,-0.85019994,-0.855995672544208,-0.767750997938466,-0.8545792772016099,-3.1732001,-3.0101532841379766,-3.325126435694204,-3.03348525147705,-0.49870002,0.08970173470019681,0.07112489652356166,0.09788354477499195
19.14,False,0.0,0.0,-0.86249995,-0.8358022083254085,-0.7745561189771604,-0.8397673932660781,-3.1333003,-2.958104814790397,-3.288424273603823,-2.9772212846219164,-0.49870002,0.09132522123490823,0.07314492899469631,0.0996367785621917
19.16,False,0.0,0.0,-0.87090003,-0.8357128335560436,-0.7806717904350488,-0.8398870418058875,-3.106,-2.9288741046413063,-3.2524692567075717,-2.9441429058340063,-0.49870002,0.09115457858870953,0.07494589395409763,0.09958335328552821
19.18,False,0.0,0.0,-0.87520003,-0.832906284632913,-0.7858952398548351,-0.8370262860224718,-3.0920005,-2.9139311293993226,-3.2186154439767467,-2.9262539475938047,-0.49870002,0.09177882301669996,0.07662918686035787,0.10036720303898504
19.2,False,0.0,0.0,-0.87960005,-0.8315806595345966,-0.7904637818228113,-0.8355313901673858,-3.0779,-2.899733201836639,-3.186727219762736,-2.9109925482799417,-0.49870002,0.09281126635155965,0.07824739480947805,0.10139123531612808
19.22,False,0.0,0.0,-0.88399994,-0.8285817233686271,-0.794275575977393,-0.8326993142202148,-3.0636005,-2.8864699772147686,-3.156701495507939,-2.8972349710329013,-0.49870002,0.09376866564984215,0.07979952189351447,0.10240965630177198
19.240000000000002,False,0.0,0.0,-0.88839996,-0.825702356150862,-0.7974182539947399,-0.8304307326670639,-3.0492,-2.8726907787196625,-3.1283004238291117,-2.8833590906782636,-0.49870002,0.09413558702909976,0.081233128407073,0.1027405376962387
19.26,False,0.0,0.0,-0.91139996,-0.8356342783674295,-0.8012398564320089,-0.8388545714053488,-2.9748006,-2.8096549478883794,-3.096435876235039,-2.825628142579333,-0.49870002,0.09466371567564834,0.08257618713393053,0.10369913839407824
19.28,False,0.0,0.0,-0.9355,-0.8561148892269926,-0.8067273597115072,-0.8586564877540473,-2.8967,-2.74018645683422,-3.060810934294957,-2.757939664633879,-0.49870002,0.09120360767999999,0.08343892918853749,0.10093050866819897
19.3,False,0.0,0.0,-0.9606,-0.8471229621213299,-0.8107669199524896,-0.8530347036454174,-2.8153,-2.6441108200819117,-3.0191409228736528,-2.6652342991749327,-0.49870002,0.0907071407733808,0.08416575034702181,0.10017875760159768
19.32,False,0.0,0.0,-0.96570003,-0.842043093473374,-0.8138945373045781,-0.8484443348713054,-2.7986002,-2.621615102954934,-2.9793883408817807,-2.635180358910219,-0.49870002,0.09062075503851173,0.0848112508161708,0.099962667416579
19.34,False,0.0,0.0,-0.97090006,-0.8381992738598442,-0.8163250109601047,-0.8448903011667019,-2.7817998,-2.5978938781528216,-2.941238894608885,-2.6093155761590587,-0.49870002,0.0905386630324764,0.08538399203780137,0.09976988572743849
19.36,False,0.0,0.0,-0.98660004,-0.8286789989481217,-0.8175604097589063,-0.8366006662625168,-2.7308002,-2.527984345647377,-2.8999134397127344,-2.543959748319014,-0.49870002,0.0903489992878168,0.0858804927628029,0.09946438656153184
19.38,False,0.0,0.0,-0.99189997,-0.8244310805744567,-0.8182474768404614,-0.8320639322571517,-2.7136002,-2.503688019155203,-2.860290897656981,-2.5156937586467727,-0.49870002,0.09032893181846365,0.08632533666836897,0.09951405558990875
19.400000000000002,False,0.0,0.0,-1.0468,-0.9000052482353379,-0.8264232539799491,-0.8984912638161695,-2.5356002,-2.29043164783818,-2.803304972675101,-2.3228290773266913,-0.49870002,0.0906603607781461,0.0867588390793467,0.10064702323362215
19.42,False,0.0,0.0,-1.0581,-0.912523201222245,-0.8350332487041787,-0.9153063260381571,-2.4989,-2.2479540754819385,-2.747769882955785,-2.266691090431908,-0.49870002,0.09199035230483217,0.08728199040189524,0.10227931960385359
19.44,False,0.0,0.0,-1.0810001,-0.922644289969242,-0.843794352830685,-0.9275940889302259,-2.4246001,-2.1644207874212165,-2.689434973402328,-2.1836844081662012,-0.49870002,0.09663896323893136,0.08821768768559886,0.1063186387967151
19.46,False,0.0,0.0,-1.1043,-0.9327283405235292,-0.8526877515999696,-0.9379391534578743,-2.3491998,-2.0965548833268493,-2.6301469643947804,-2.114128241437818,-0.49870002,0.09708706856672583,0.08910462577371156,0.10752099404219176
19.48,False,0.0,0.0,-1.116,-0.9398990050852254,-0.8614088769484951,-0.9462509600551776,-2.3112001,-2.062259262076153,-2.5733581941629176,-2.074958557594796,-0.49870002,0.09725542603511388,0.08991970579985178,0.10772612613319776
19.5,False,0.0,0.0,-1.1337,-0.9554182594487778,-0.8708098151985234,-0.9608659947167751,-2.2538,-2.007180399148031,-2.516740414661429,-2.0210087261146734,-0.49870002,0.09833972486539826,0.09076170770640643,0.10889082703246458
19.52,False,0.0,0.0,-1.2236,-1.0650822589030198,-0.890237059568973,-1.0601827383795988,-1.9623,-1.7376137072587619,-2.4388277439211623,-1.7755092855821717,-0.49870002,0.09738433411813881,0.09142397034757967,0.10841653591883763
19.54,False,0.0,0.0,-1.2778001,-1.125612629869808,-0.9137746165990566,-1.1229361821475292,-1.7865001,-1.590769030427969,-2.3540218725718427,-1.6212787380839022,-0.49870002,0.10580321782667795,0.09286189509548949,0.11621950071579963
19.56,False,0.0,0.0,-1.2838,-1.1327543583434496,-0.9356725907734958,-1.1365561157923476,-1.7671001,-1.5791831392513114,-2.27653799923979,-1.5917960128850683,-0.49870002,0.10758235503842493,0.09433394108978305,0.11887518082072634
19.580000000000002,False,0.0,0.0,-1.3137001,-1.1571108952933753,-0.9578164212254838,-1.1608936233694838,-1.6702001,-1.503385368685454,-2.1992227361843564,-1.5176527545390022,-0.49870002,0.11175410348607014,0.09607595732941177,0.12326431082682784
19.6,False,0.0,0.0,-1.3432001,-1.1802540288430046,-0.9800601819872359,-1.184038816317529,-1.5744001,-1.44761296249709,-2.1240617588156296,-1.4596723526870925,-0.49870002,0.11840744679083576,0.09830910627555417,0.1299807163483248
19.62,False,0.0,0.0,-1.3491,-1.183283712747759,-1.0003825350632882,-1.188769406570674,-1.5554,-1.4367509222352104,-2.0553306751575877,-1.4436054192473242,-0.49870002,0.11915333484186352,0.10039352913218512,0.13190713626248676
19.64,False,0.0,0.0,-1.3666,-1.1879950111193474,-1.0191437826688943,-1.1946463099568123,-1.4987001,-1.4165981913340526,-1.9914574267752343,-1.421358534232448,-0.49870002,0.1211764207985251,0.10247181829881911,0.13398358667830557
19.66,False,0.0,0.0,-1.3782,-1.1885107276939257,-1.0360804771713974,-1.1961231788695827,-1.4612001,-1.3920541973827256,-1.9315171038359835,-1.3962474666361624,-0.49870002,0.1207335172570628,0.10429798819464349,0.13398231256325754
19.68,False,0.0,0.0,-1.4067,-1.205085218284287,-1.0529809512826864,-1.2111341385008454,-1.3687,-1.2901878462804595,-1.8673841780804312,-1.3027534735284343,-0.49870002,0.11529129413744779,0.10539731878892392,0.1296025636226803
19.7,False,0.0,0.0,-1.4123,-1.2118524382930562,-1.0688680999837235,-1.218475900499969,-1.3504001,-1.2695789201007486,-1.807603652282463,-1.2752300085122217,-0.49870002,0.1151423125714439,0.10637181816717592,0.1291484459657994
19.72,False,0.0,0.0,-1.4401001,-1.2495471530980637,-1.0869360052951575,-1.2525912623035902,-1.2604,-1.1674273423600878,-1.7435860212902254,-1.1804355479440987,-0.49870002,0.11349166850254043,0.10708380320071237,0.12778695984131755
19.740000000000002,False,0.0,0.0,-1.4777,-1.3059300516594594,-1.1088354099315878,-1.3053481403824403,-1.1386,-1.0813992508960695,-1.67736734425081,-1.0940484360760867,-0.49870002,0.10778162855714099,0.10715358573635524,0.12310207443155669
19.76,False,0.0,0.0,-1.4829,-1.3089714106466985,-1.1288490100030988,-1.3132349284995155,-1.1216,-1.0696117115516555,-1.6165917809808945,-1.073519387934725,-0.49870002,0.10684256480397616,0.10712248364311733,0.12187132079756885
19.78,False,0.0,0.0,-1.552,-1.3292883690569515,-1.148892945908484,-1.3323990598792728,-0.8974,-0.8822137195228631,-1.5431539748350915,-0.9031686163259725,-0.49870002,0.10823759970750482,0.10723399524955608,0.12304488497682697
19.8,False,0.0,0.0,-1.5567,-1.3327120869955613,-1.1672748600171918,-1.3373059594727947,-0.88240004,-0.865373261983086,-1.475375903549891,-0.8717071750237596,-0.49870002,0.10817342830640578,0.10732793855524106,0.12315680314654973
19.82,False,0.0,0.0,-1.579,-1.3548778349761563,-1.1860351575130883,-1.3575023184244626,-0.8098001,-0.7893933665852157,-1.4067776498534235,-0.7976482941043539,-0.49870002,0.10807234527003864,0.10740237922672083,0.12331314586837201
19.84,False,0.0,0.0,-1.5876,-1.3669318544051947,-1.204124827202299,-1.3699018742927374,-0.7819,-0.7614891276475368,-1.3422487976328348,-0.7653253832314131,-0.49870002,0.10803120605582081,0.10746526190963084,0.12370286569220906
19.86,False,0.0,0.0,-1.5960001,-1.381851100111575,-1.2218974544932266,-1.384403915372121,-0.7547,-0.7385265238914798,-1.2818765702586994,-0.7406396961007338,-0.49870002,0.1080933027560128,0.10752806599426903,0.12410698708231305
19.88,False,0.0,0.0,-1.6238,-1.4175693039697495,-1.241464639440879,-1.4171857111462396,-0.66470003,-0.6639167018215163,-1.220080583414981,-0.670840330516253,-0.49870002,0.10837474044427398,0.10761273343926953,0.12469491530078147
19.900000000000002,False,0.0,0.0,-1.6454,-1.4398443548777435,-1.2613026109845655,-1.4397371166822188,-0.59470004,-0.6093429354795732,-1.1590068186214404,-0.6158824258749683,-0.49870002,0.10877247564222069,0.10772870765956465,0.12550614872598426
19.92,False,0.0,0.0,-1.6586001,-1.4510476029943478,-1.280277110185544,-1.4519144359881837,-0.5518,-0.5870852171121426,-1.1018146584705106,-0.5890176982725315,-0.49870002,0.10919230490142108,0.10787506738375029,0.12583624313165162
19.94,False,0.0,0.0,-1.6738001,-1.457021018041427,-1.2979515009711322,-1.4585000263139136,-0.5026,-0.546886947719889,-1.0463218873954485,-0.5492123461398245,-0.49870002,0.10934628980410517,0.10802218962578577,0.12581634570339276
19.96,False,0.0,0.0,-1.7036,-1.4797486796902248,-1.3161312188430414,-1.47876360987823,-0.40579998,-0.4317809394510439,-0.9848677926010081,-0.4421424641324536,-0.49870002,0.1087391661688173,0.10809388728008892,0.12478688675524986
19.98,False,0.0,0.0,-1.7115,-1.4903190578183534,-1.3335500027405724,-1.4898180201406688,-0.3804,-0.4052734557334554,-0.9269083589142529,-0.408416186654596,-0.49870002,0.10865848135122327,0.10815034668720236,0.12449335953723431
