boot_time_us,timestamp,runtime_s,wind_n,wind_e,wind_d,wind_mag,wind_dir,q_scale_n,q_scale_e,q_scale_d,r_scale_gps,r_scale_tas,r_scale_att,inference_ms,t_fc_send_us,t_recv_us,latency_comm_ms,latency_e2e_ms,wind_gt_n,wind_gt_e,wind_gt_d,phase,wind_nn_n,wind_nn_e,wind_nn_d,gs_mag,airspeed_ms
97104001,1783507852.532,6.939,0.7238,0.3287,0.0854,0.7995,24.4,1.1019,1.1227,1.1318,0.7162,1.0226,1.0287,4.17,97104001,1326000791183,-1.000,4.767,nan,nan,nan,steady,0.7525,0.3345,0.0843,16.6949,18.1130
97128001,1783507852.572,6.980,0.7387,0.3309,0.0849,0.8139,24.1,1.1015,1.1224,1.1316,0.7157,1.0222,1.0282,24.34,97128001,1326000811205,-1.000,24.982,nan,nan,nan,steady,0.7984,0.3399,0.0826,16.7006,18.1130
97144001,1783507852.601,7.009,0.7603,0.3339,0.0841,0.8346,23.7,1.1009,1.1218,1.1312,0.7149,1.0216,1.0274,19.54,97144001,1326000845274,-1.000,20.176,nan,nan,nan,steady,0.8466,0.3458,0.0812,16.7049,18.1130
97164001,1783507852.636,7.043,0.7854,0.3365,0.0834,0.8585,23.2,1.1000,1.1208,1.1307,0.7137,1.0207,1.0264,24.69,97164001,1326000874425,-1.000,25.180,nan,nan,nan,steady,0.8859,0.3469,0.0803,16.6990,18.1130
97188001,1783507852.665,7.073,0.8124,0.3383,0.0826,0.8840,22.6,1.0987,1.1195,1.1301,0.7122,1.0195,1.0249,19.58,97188001,1326000908908,-1.000,20.188,nan,nan,nan,steady,0.9206,0.3457,0.0796,16.7112,18.1191
97208001,1783507852.696,7.104,0.8385,0.3388,0.0820,0.9081,22.0,1.0972,1.1179,1.1293,0.7104,1.0180,1.0233,19.38,97208001,1326000940222,-1.000,19.929,nan,nan,nan,steady,0.9428,0.3404,0.0795,16.7059,18.1191
97228001,1783507852.727,7.135,0.8621,0.3382,0.0815,0.9297,21.4,1.0954,1.1161,1.1285,0.7083,1.0164,1.0213,21.69,97228001,1326000968966,-1.000,22.239,nan,nan,nan,steady,0.9567,0.3357,0.0795,16.7095,18.1191
97244001,1783507852.758,7.165,0.8827,0.3361,0.0812,0.9480,20.8,1.0934,1.1140,1.1275,0.7060,1.0146,1.0192,21.08,97244001,1326001000186,-1.000,21.596,nan,nan,nan,steady,0.9648,0.3281,0.0799,16.7143,18.1191
97268001,1783507852.788,7.195,0.8988,0.3333,0.0810,0.9620,20.3,1.0912,1.1118,1.1266,0.7035,1.0126,1.0168,20.88,97268001,1326001030530,-1.000,21.290,nan,nan,nan,steady,0.9634,0.3219,0.0802,16.7033,18.1191
97284001,1783507852.821,7.229,0.9120,0.3335,0.0826,0.9746,20.1,1.2423,1.2657,1.2840,1.2661,1.8254,1.8324,24.04,97284001,1326001060730,-1.000,24.481,nan,nan,nan,steady,0.9511,0.3146,0.0807,16.7058,18.0889
97308001,1783507852.851,7.258,0.9190,0.3321,0.0839,0.9807,19.9,1.2390,1.2623,1.2820,1.2737,1.8394,1.8458,20.09,97308001,1326001094089,-1.000,20.481,nan,nan,nan,steady,0.9306,0.3069,0.0812,16.7082,18.0889
97328001,1783507852.880,7.287,0.9202,0.3294,0.0849,0.9810,19.7,1.2398,1.2631,1.2842,1.2755,1.8448,1.8507,19.37,97328001,1326001123684,-1.000,19.834,nan,nan,nan,steady,0.9063,0.2989,0.0817,16.6983,18.0889
97344001,1783507852.909,7.317,0.9157,0.3256,0.0858,0.9756,19.6,1.2377,1.2609,1.2832,1.2840,1.8599,1.8652,19.96,97344001,1326001152405,-1.000,20.756,nan,nan,nan,steady,0.8770,0.2902,0.0823,16.6984,18.0889
97364001,1783507852.938,7.346,0.9063,0.3208,0.0866,0.9653,19.5,1.2382,1.2614,1.2849,1.2862,1.8655,1.8703,19.65,97364001,1326001182040,-1.000,20.119,nan,nan,nan,steady,0.8467,0.2814,0.0829,16.6987,18.0889
97384001,1783507852.950,7.358,0.8934,0.3153,0.0872,0.9514,19.4,1.2396,1.2628,1.2872,1.2957,1.8815,1.8859,2.54,97384001,1326001211061,-1.000,2.961,nan,nan,nan,steady,0.8195,0.2732,0.0830,16.6865,18.0728
97404001,1783507852.970,7.378,0.8774,0.3092,0.0878,0.9345,19.4,1.2399,1.2630,1.2882,1.3000,1.8895,1.8935,2.63,97404001,1326001231272,-1.000,3.185,nan,nan,nan,steady,0.7910,0.2653,0.0836,16.6867,18.0728
97428001,1783507852.993,7.400,0.8590,0.3028,0.0883,0.9151,19.4,1.2401,1.2632,1.2887,1.3108,1.9066,1.9104,2.40,97428001,1326001254033,-1.000,2.909,nan,nan,nan,steady,0.7619,0.2576,0.0842,16.6723,18.0728
97448001,1783507853.011,7.419,0.8387,0.2959,0.0889,0.8938,19.4,1.2425,1.2656,1.2912,1.3162,1.9154,1.9191,3.59,97448001,1326001271399,-1.000,4.029,nan,nan,nan,steady,0.7342,0.2487,0.0848,16.6728,18.0728
97468001,1783507853.030,7.437,0.8171,0.2885,0.0894,0.8711,19.4,1.2445,1.2676,1.2931,1.3284,1.9335,1.9371,2.17,97468001,1326001291427,-1.000,2.552,nan,nan,nan,steady,0.7070,0.2399,0.0855,16.6552,18.0728
97488001,1783507853.051,7.458,0.7944,0.2809,0.0899,0.8474,19.5,1.2472,1.2703,1.2954,1.3223,1.9246,1.9283,2.68,97488001,1326001311551,-1.000,3.213,nan,nan,nan,steady,0.6807,0.2309,0.0859,16.6533,17.9970
97504001,1783507853.071,7.479,0.7711,0.2730,0.0904,0.8230,19.5,1.2485,1.2716,1.2960,1.3367,1.9450,1.9488,3.31,97504001,1326001331485,-1.000,3.848,nan,nan,nan,steady,0.6545,0.2221,0.0862,16.6356,17.9970
97524001,1783507853.112,7.519,0.7475,0.2645,0.0908,0.7981,19.5,1.2544,1.2776,1.3009,1.3475,1.9596,1.9637,23.65,97524001,1326001351582,-1.000,24.257,nan,nan,nan,steady,0.6300,0.2102,0.0864,16.6338,17.9970
97548001,1783507853.144,7.551,0.7238,0.2551,0.0911,0.7729,19.4,1.2563,1.2795,1.3013,1.3613,1.9778,1.9824,22.33,97548001,1326001384869,-1.000,22.796,nan,nan,nan,steady,0.6065,0.1973,0.0865,16.6132,17.9970
97568001,1783507853.173,7.580,0.7005,0.2442,0.0914,0.7474,19.2,1.2617,1.2851,1.3051,1.3875,2.0135,2.0186,19.89,97568001,1326001416629,-1.000,20.345,nan,nan,nan,steady,0.5844,0.1789,0.0862,16.6116,18.0467
97588001,1783507853.202,7.610,0.6783,0.2321,0.0914,0.7227,18.9,1.2654,1.2889,1.3069,1.4056,2.0369,2.0428,19.86,97588001,1326001445824,-1.000,20.291,nan,nan,nan,steady,0.5680,0.1617,0.0855,16.5912,18.0467
97608001,1783507853.232,7.639,0.6577,0.2189,0.0914,0.6991,18.4,1.2705,1.2942,1.3099,1.4179,2.0514,2.0580,20.31,97608001,1326001475064,-1.000,20.815,nan,nan,nan,steady,0.5548,0.1431,0.0850,16.5861,18.0467
97628001,1783507853.262,7.670,0.6385,0.2044,0.0913,0.6766,17.7,1.2748,1.2986,1.3117,1.4362,2.0741,2.0816,21.27,97628001,1326001504783,-1.000,21.696,nan,nan,nan,steady,0.5416,0.1230,0.0846,16.5627,18.0467
97644001,1783507853.294,7.701,0.6202,0.1886,0.0911,0.6546,16.9,1.2784,1.3025,1.3128,1.4477,2.0866,2.0951,21.99,97644001,1326001535283,-1.000,22.401,nan,nan,nan,steady,0.5271,0.1017,0.0844,16.5550,18.0467
97664001,1783507853.323,7.730,0.6029,0.1716,0.0910,0.6334,15.9,1.2826,1.3069,1.3143,1.4614,2.1021,2.1115,19.58,97664001,1326001566580,-1.000,20.042,nan,nan,nan,steady,0.5140,0.0786,0.0843,16.5318,18.0117
97688001,1783507853.352,7.759,0.5861,0.1532,0.0909,0.6125,14.6,1.2865,1.3110,1.3154,1.4782,2.1215,2.1320,19.96,97688001,1326001595467,-1.000,20.382,nan,nan,nan,steady,0.4987,0.0541,0.0845,16.5229,18.0117
97704001,1783507853.385,7.792,0.5698,0.1333,0.0908,0.5922,13.2,1.2889,1.3135,1.3148,1.4975,2.1442,2.1560,22.36,97704001,1326001625942,-1.000,22.822,nan,nan,nan,steady,0.4849,0.0274,0.0846,16.5060,18.0117
97728001,1783507853.416,7.823,0.5541,0.1119,0.0908,0.5725,11.4,1.2918,1.3165,1.3148,1.5182,2.1687,2.1817,21.48,97728001,1326001657641,-1.000,21.889,nan,nan,nan,steady,0.4717,-0.0008,0.0850,16.4885,18.0117
97808001,1783507853.453,7.861,0.5366,0.0887,0.0909,0.5514,9.4,1.2935,1.3184,1.3135,1.5079,2.1489,2.1629,21.90,97808001,1326001695056,-1.000,22.362,nan,nan,nan,steady,0.4447,-0.0334,0.0860,16.4264,17.8276
97828001,1783507853.483,7.891,0.5159,0.0634,0.0914,0.5278,7.0,1.2984,1.3235,1.3155,1.5377,2.1862,2.2015,20.26,97828001,1326001726386,-1.000,20.750,nan,nan,nan,steady,0.4087,-0.0684,0.0878,16.4144,17.8276
97844001,1783507853.497,7.905,0.4924,0.0367,0.0921,0.5022,4.3,1.3014,1.3266,1.3157,1.5698,2.2266,2.2433,4.56,97844001,1326001756165,-1.000,4.990,nan,nan,nan,steady,0.3719,-0.1014,0.0900,16.3812,17.8276
97864001,1783507853.515,7.923,0.4667,0.0088,0.0930,0.4759,1.1,1.3045,1.3299,1.3160,1.5991,2.2627,2.2809,2.51,97864001,1326001776161,-1.000,2.944,nan,nan,nan,steady,0.3375,-0.1336,0.0921,16.3700,17.8276
97888001,1783507853.538,7.945,0.4400,-0.0195,0.0940,0.4504,-2.5,1.3075,1.3330,1.3164,1.6144,2.2792,2.2986,3.79,97888001,1326001797119,-1.000,4.448,nan,nan,nan,steady,0.3074,-0.1632,0.0939,16.3455,17.7642
97904001,1783507853.561,7.968,0.4129,-0.0479,0.0952,0.4265,-6.6,1.3096,1.3352,1.3159,1.6432,2.3145,2.3353,7.03,97904001,1326001816918,-1.000,7.914,nan,nan,nan,steady,0.2794,-0.1911,0.0958,16.3210,17.7642
97944001,1783507853.601,8.008,0.3876,-0.0757,0.0965,0.4066,-11.0,1.3126,1.3383,1.3165,1.6722,2.3502,2.3724,20.39,97944001,1326001843695,-1.000,21.010,nan,nan,nan,steady,0.2639,-0.2153,0.0975,16.2784,17.7642
97964001,1783507853.634,8.041,0.3649,-0.1023,0.0977,0.3914,-15.7,1.3142,1.3401,1.3159,1.6940,2.3760,2.3995,23.32,97964001,1326001873752,-1.000,23.982,nan,nan,nan,steady,0.2539,-0.2354,0.0986,16.2509,17.7642
97988001,1783507853.662,8.070,0.3463,-0.1272,0.0988,0.3819,-20.2,1.3151,1.3410,1.3148,1.7255,2.4155,2.4404,19.19,97988001,1326001906689,-1.000,19.624,nan,nan,nan,steady,0.2553,-0.2510,0.0989,16.2359,17.8235
98008001,1783507853.692,8.100,0.3328,-0.1509,0.0997,0.3788,-24.4,1.3160,1.3420,1.3139,1.7396,2.4310,2.4569,20.18,98008001,1326001935407,-1.000,20.729,nan,nan,nan,steady,0.2661,-0.2693,0.0990,16.2054,17.8235
98028001,1783507853.721,8.128,0.3248,-0.1735,0.1004,0.3817,-28.1,1.3148,1.3408,1.3110,1.7534,2.4464,2.4733,19.50,98028001,1326001965005,-1.000,19.890,nan,nan,nan,steady,0.2830,-0.2865,0.0988,16.1905,17.8235
98048001,1783507853.755,8.162,0.3219,-0.1949,0.1010,0.3897,-31.2,1.3137,1.3398,1.3084,1.7619,2.4549,2.4827,24.59,98048001,1326001993737,-1.000,25.057,nan,nan,nan,steady,0.3032,-0.3030,0.0986,16.1561,17.8235
98128001,1783507853.790,8.198,0.3244,-0.2158,0.1015,0.4026,-33.6,1.3118,1.3378,1.3055,1.7708,2.4647,2.4932,19.28,98128001,1326002034358,-1.000,19.763,nan,nan,nan,steady,0.3294,-0.3214,0.0987,16.0523,17.7148
98148001,1783507853.821,8.229,0.3320,-0.2354,0.1020,0.4196,-35.3,1.3096,1.3357,1.3025,1.7800,2.4756,2.5046,21.57,98148001,1326002063056,-1.000,21.981,nan,nan,nan,steady,0.3603,-0.3352,0.0990,16.0338,17.7148
98164001,1783507853.852,8.260,0.3457,-0.2537,0.1025,0.4409,-36.3,1.3077,1.3337,1.2999,1.7774,2.4709,2.5001,21.79,98164001,1326002093936,-1.000,22.285,nan,nan,nan,steady,0.4015,-0.3477,0.0997,16.0066,17.7148
98184001,1783507853.881,8.289,0.3641,-0.2699,0.1030,0.4648,-36.6,1.3048,1.3308,1.2969,1.7416,2.4207,2.4493,19.81,98184001,1326002125129,-1.000,20.210,nan,nan,nan,steady,0.4402,-0.3546,0.1003,15.9853,17.5368
98208001,1783507853.923,8.331,0.3858,-0.2834,0.1035,0.4898,-36.3,1.3005,1.3264,1.2926,1.7379,2.4159,2.4445,31.80,98208001,1326002155222,-1.000,32.258,nan,nan,nan,steady,0.4757,-0.3552,0.1010,15.9488,17.5368
98224001,1783507853.953,8.360,0.4102,-0.2942,0.1041,0.5155,-35.6,1.2955,1.3212,1.2881,1.7362,2.4147,2.4430,19.81,98224001,1326002196389,-1.000,20.272,nan,nan,nan,steady,0.5115,-0.3532,0.1017,15.9278,17.5368
98304001,1783507853.976,8.384,0.4365,-0.3011,0.1048,0.5405,-34.6,1.2893,1.3149,1.2831,1.7920,2.4946,2.5234,12.28,98304001,1326002227613,-1.000,12.682,nan,nan,nan,steady,0.5450,-0.3407,0.1028,15.9011,17.5368
98328001,1783507853.991,8.399,0.4651,-0.3037,0.1054,0.5654,-33.1,1.2828,1.3083,1.2781,1.7303,2.4114,2.4386,5.11,98328001,1326002249539,-1.000,5.642,nan,nan,nan,steady,0.5836,-0.3237,0.1032,15.7982,17.5172
98344001,1783507854.010,8.417,0.4975,-0.3040,0.1059,0.5925,-31.4,1.2782,1.3035,1.2752,1.7202,2.4006,2.4270,3.46,98344001,1326002269486,-1.000,4.066,nan,nan,nan,steady,0.6335,-0.3142,0.1033,15.7751,17.5172
98368001,1783507854.029,8.437,0.5340,-0.3019,0.1064,0.6226,-29.5,1.2719,1.2971,1.2709,1.6984,2.3739,2.3992,2.91,98368001,1326002289723,-1.000,3.428,nan,nan,nan,steady,0.6890,-0.3019,0.1031,15.7434,17.5172
98384001,1783507854.071,8.479,0.5745,-0.2977,0.1068,0.6557,-27.4,1.2684,1.2935,1.2695,1.6721,2.3413,2.3654,25.02,98384001,1326002309584,-1.000,25.614,nan,nan,nan,steady,0.7469,-0.2886,0.1027,15.7207,17.4434
98408001,1783507854.101,8.508,0.6206,-0.2916,0.1070,0.6940,-25.2,1.2627,1.2876,1.2660,1.6508,2.3163,2.3390,19.79,98408001,1326002344590,-1.000,20.365,nan,nan,nan,steady,0.8197,-0.2753,0.1021,15.6904,17.4434
98468001,1783507854.142,8.550,0.6734,-0.2849,0.1072,0.7390,-22.9,1.2569,1.2816,1.2629,1.6383,2.3042,2.3256,21.99,98468001,1326002383617,-1.000,22.535,nan,nan,nan,steady,0.9027,-0.2667,0.1020,15.6121,17.4793
98488001,1783507854.171,8.579,0.7318,-0.2774,0.1072,0.7899,-20.8,1.2476,1.2720,1.2563,1.6103,2.2708,2.2906,19.33,98488001,1326002415197,-1.000,19.946,nan,nan,nan,steady,0.9861,-0.2561,0.1012,15.5871,17.4793
98504001,1783507854.204,8.611,0.7946,-0.2690,0.1072,0.8457,-18.7,1.2407,1.2649,1.2523,1.5895,2.2478,2.2660,23.31,98504001,1326002444008,-1.000,23.723,nan,nan,nan,steady,1.0667,-0.2446,0.1005,15.5623,17.4793
98524001,1783507854.237,8.644,0.8603,-0.2595,0.1072,0.9049,-16.8,1.2313,1.2553,1.2461,1.5557,2.2068,2.2232,23.60,98524001,1326002476596,-1.000,24.051,nan,nan,nan,steady,1.1443,-0.2302,0.1003,15.5406,17.4793
98544001,1783507854.266,8.674,0.9271,-0.2484,0.1072,0.9657,-15.0,1.2249,1.2487,1.2430,1.5368,2.1869,2.2016,20.06,98544001,1326002509788,-1.000,20.665,nan,nan,nan,steady,1.2139,-0.2121,0.1006,15.5163,17.4793
98564001,1783507854.299,8.707,0.9940,-0.2368,0.1074,1.0274,-13.4,1.2151,1.2386,1.2365,1.5086,2.1537,2.1666,22.63,98564001,1326002539692,-1.000,23.502,nan,nan,nan,steady,1.2798,-0.1989,0.1014,15.4856,17.4793
98648001,1783507854.334,8.741,1.0580,-0.2214,0.1076,1.0863,-11.8,1.2041,1.2273,1.2290,1.5531,2.2248,2.2364,20.05,98648001,1326002577133,-1.000,20.721,nan,nan,nan,steady,1.3290,-0.1646,0.1023,15.4606,17.3737
98664001,1783507854.366,8.773,1.1181,-0.2037,0.1079,1.1416,-10.3,1.1974,1.2204,1.2259,1.4547,2.0907,2.1000,22.25,98664001,1326002606988,-1.000,22.860,nan,nan,nan,steady,1.3699,-0.1367,0.1025,15.3582,17.3737
98684001,1783507854.398,8.805,1.1734,-0.1840,0.1083,1.1927,-8.9,1.1900,1.2128,1.2221,1.4109,2.0344,2.0420,21.86,98684001,1326002639088,-1.000,22.481,nan,nan,nan,steady,1.4030,-0.1091,0.1027,15.3282,17.2465
98708001,1783507854.427,8.834,1.2233,-0.1628,0.1087,1.2389,-7.6,1.1829,1.2055,1.2186,1.3943,2.0170,2.0231,19.72,98708001,1326002670702,-1.000,20.298,nan,nan,nan,steady,1.4278,-0.0813,0.1031,15.3142,17.2465
98724001,1783507854.457,8.864,1.2678,-0.1403,0.1092,1.2802,-6.3,1.1769,1.1993,1.2162,1.3687,1.9863,1.9908,19.91,98724001,1326002700131,-1.000,20.496,nan,nan,nan,steady,1.4479,-0.0542,0.1035,15.2827,17.2465
98748001,1783507854.471,8.878,1.3063,-0.1167,0.1096,1.3161,-5.1,1.1698,1.1919,1.2127,1.3553,1.9731,1.9761,3.30,98748001,1326002730801,-1.000,4.028,nan,nan,nan,steady,1.4596,-0.0255,0.1036,15.2597,17.2465
98848001,1783507854.498,8.906,1.3420,-0.0906,0.1102,1.3496,-3.9,1.1657,1.1877,1.2122,1.3266,1.9375,1.9391,3.67,98848001,1326002757702,-1.000,4.339,nan,nan,nan,steady,1.4851,0.0122,0.1045,15.1390,17.1559
98868001,1783507854.511,8.918,1.3760,-0.0645,0.1107,1.3820,-2.7,1.1610,1.1828,1.2112,1.3132,1.9240,1.9242,2.97,98868001,1326002771276,-1.000,3.454,nan,nan,nan,steady,1.5135,0.0364,0.1047,15.1163,17.1559
98888001,1783507854.531,8.938,1.4094,-0.0386,0.1112,1.4143,-1.6,1.1568,1.1785,1.2107,1.2841,1.8873,1.8861,2.67,98888001,1326002791550,-1.000,3.220,nan,nan,nan,steady,1.5453,0.0607,0.1047,15.0893,17.1358
98904001,1783507854.573,8.980,1.4427,-0.0129,0.1117,1.4471,-0.5,1.1520,1.1735,1.2095,1.2616,1.8598,1.8573,24.17,98904001,1326002811620,-1.000,24.991,nan,nan,nan,steady,1.5796,0.0844,0.1047,15.0638,17.1358
98924001,1783507854.606,9.013,1.4766,0.0125,0.1121,1.4809,0.5,1.1473,1.1686,1.2085,1.2485,1.8461,1.8424,21.65,98924001,1326002847230,-1.000,22.352,nan,nan,nan,steady,1.6164,0.1084,0.1048,15.0427,17.1358
98948001,1783507854.640,9.048,1.5102,0.0381,0.1125,1.5149,1.4,1.1412,1.1623,1.2058,1.2223,1.8127,1.8078,24.53,98948001,1326002878736,-1.000,25.310,nan,nan,nan,steady,1.6491,0.1353,0.1047,15.0174,17.1358
98988001,1783507854.675,9.082,1.5439,0.0651,0.1128,1.5494,2.4,1.1335,1.1544,1.2013,1.2396,1.8435,1.8373,21.15,98988001,1326002916945,-1.000,21.798,nan,nan,nan,steady,1.6833,0.1693,0.1047,15.0080,17.1358
99004001,1783507854.706,9.114,1.5777,0.0912,0.1134,1.5844,3.3,1.1297,1.1505,1.2008,1.1827,1.7634,1.7564,21.69,99004001,1326002947908,-1.000,22.267,nan,nan,nan,steady,1.7180,0.1892,0.1062,14.9660,17.0782
99024001,1783507854.741,9.148,1.6103,0.1164,0.1141,1.6186,4.1,1.1225,1.1430,1.1964,1.1730,1.7532,1.7452,24.72,99024001,1326002979246,-1.000,25.284,nan,nan,nan,steady,1.7448,0.2101,0.1077,14.9474,17.0782
99048001,1783507854.769,9.176,1.6402,0.1411,0.1149,1.6503,4.9,1.1161,1.1365,1.1929,1.1520,1.7259,1.7171,18.92,99048001,1326003013517,-1.000,19.481,nan,nan,nan,steady,1.7613,0.2327,0.1086,14.9260,17.0782
99064001,1783507854.801,9.208,1.6665,0.1659,0.1158,1.6787,5.7,1.1101,1.1303,1.1895,1.1399,1.7116,1.7019,22.19,99064001,1326003042213,-1.000,22.677,nan,nan,nan,steady,1.7707,0.2576,0.1093,14.9084,17.0782
99088001,1783507854.837,9.245,1.6882,0.1910,0.1166,1.7030,6.5,1.1042,1.1242,1.1861,1.1195,1.6846,1.6742,20.09,99088001,1326003080716,-1.000,20.657,nan,nan,nan,steady,1.7717,0.2852,0.1098,14.8787,17.0619
99188001,1783507854.871,9.278,1.7060,0.2189,0.1175,1.7240,7.3,1.1003,1.1202,1.1848,1.1090,1.6722,1.6611,19.97,99188001,1326003114030,-1.000,20.574,nan,nan,nan,steady,1.7724,0.3278,0.1107,14.7878,17.0283
99204001,1783507854.903,9.310,1.7208,0.2471,0.1184,1.7425,8.2,1.0966,1.1163,1.1834,1.0883,1.6442,1.6325,20.99,99204001,1326003145008,-1.000,21.623,nan,nan,nan,steady,1.7746,0.3566,0.1109,14.7729,17.0283
99224001,1783507854.932,9.340,1.7327,0.2758,0.1192,1.7586,9.0,1.0913,1.1109,1.1802,1.0781,1.6317,1.6194,19.76,99224001,1326003175844,-1.000,20.541,nan,nan,nan,steady,1.7739,0.3869,0.1110,14.7604,17.0283
99248001,1783507854.955,9.363,1.7428,0.3045,0.1200,1.7733,9.9,1.0876,1.1071,1.1786,1.0613,1.6087,1.5959,13.06,99248001,1326003205680,-1.000,13.761,nan,nan,nan,steady,1.7771,0.4155,0.1113,14.7370,17.0283
99264001,1783507854.970,9.377,1.7504,0.3333,0.1207,1.7859,10.8,1.0831,1.1024,1.1759,1.0387,1.5768,1.5637,4.28,99264001,1326003228901,-1.000,4.896,nan,nan,nan,steady,1.7746,0.4444,0.1117,14.7259,16.9227
99284001,1783507854.988,9.396,1.7554,0.3623,0.1214,1.7965,11.7,1.0798,1.0989,1.1744,1.0259,1.5595,1.5461,2.84,99284001,1326003248782,-1.000,3.411,nan,nan,nan,steady,1.7682,0.4739,0.1118,14.7045,16.9227
99368001,1783507855.016,9.424,1.7584,0.3934,0.1221,1.8061,12.6,1.0779,1.0969,1.1742,1.0116,1.5396,1.5259,5.22,99368001,1326003274352,-1.000,5.959,nan,nan,nan,steady,1.7632,0.5173,0.1121,14.6397,16.9227
99388001,1783507855.028,9.436,1.7624,0.4251,0.1228,1.8171,13.6,1.0815,1.1004,1.1799,1.0068,1.5340,1.5199,2.48,99388001,1326003289516,-1.000,2.969,nan,nan,nan,steady,1.7730,0.5508,0.1121,14.6326,16.9339
99408001,1783507855.069,9.476,1.7682,0.4571,0.1233,1.8305,14.5,1.0794,1.0982,1.1795,0.9889,1.5084,1.4942,22.88,99408001,1326003309424,-1.000,23.432,nan,nan,nan,steady,1.7875,0.5838,0.1121,14.6176,16.9339
99428001,1783507855.101,9.508,1.7765,0.4891,0.1240,1.8467,15.4,1.0782,1.0969,1.1800,0.9815,1.4989,1.4843,20.17,99428001,1326003344026,-1.000,20.796,nan,nan,nan,steady,1.8075,0.6153,0.1129,14.6115,16.9339
99452001,1783507855.130,9.538,1.7868,0.5210,0.1246,1.8654,16.3,1.0765,1.0950,1.1800,0.9727,1.4870,1.4721,20.03,99452001,1326003373724,-1.000,20.482,nan,nan,nan,steady,1.8268,0.6472,0.1135,14.5892,16.9339
99468001,1783507855.160,9.568,1.7988,0.5523,0.1253,1.8858,17.1,1.0727,1.0911,1.1777,0.9536,1.4593,1.4444,20.45,99468001,1326003403143,-1.000,20.998,nan,nan,nan,steady,1.8457,0.6749,0.1138,14.5850,16.9339
99524001,1783507855.194,9.601,1.8109,0.5835,0.1260,1.9067,17.9,1.0735,1.0917,1.1804,0.9229,1.4138,1.3989,19.87,99524001,1326003437479,-1.000,20.287,nan,nan,nan,steady,1.8581,0.7070,0.1137,14.5433,16.8288
99548001,1783507855.227,9.635,1.8240,0.6138,0.1266,1.9287,18.6,1.0705,1.0887,1.1790,0.9181,1.4080,1.3928,23.96,99548001,1326003466734,-1.000,24.404,nan,nan,nan,steady,1.8763,0.7324,0.1141,14.5317,16.8288
99568001,1783507855.256,9.664,1.8371,0.6431,0.1273,1.9506,19.3,1.0683,1.0864,1.1784,0.9022,1.3849,1.3696,19.55,99568001,1326003500138,-1.000,20.002,nan,nan,nan,steady,1.8891,0.7571,0.1143,14.5262,16.8288
99588001,1783507855.285,9.693,1.8500,0.6713,0.1279,1.9722,19.9,1.0634,1.0813,1.1747,0.9018,1.3856,1.3700,19.85,99588001,1326003528827,-1.000,20.293,nan,nan,nan,steady,1.9005,0.7807,0.1147,14.5163,16.8656
99608001,1783507855.319,9.726,1.8616,0.6984,0.1285,1.9925,20.6,1.0594,1.0772,1.1719,0.8874,1.3646,1.3490,23.99,99608001,1326003558239,-1.000,24.502,nan,nan,nan,steady,1.9055,0.8037,0.1150,14.5032,16.8656
99624001,1783507855.347,9.755,1.8716,0.7249,0.1292,2.0113,21.2,1.0546,1.0722,1.1681,0.8846,1.3614,1.3455,19.38,99624001,1326003591585,-1.000,19.835,nan,nan,nan,steady,1.9082,0.8279,0.1156,14.4947,16.8656
99704001,1783507855.380,9.788,1.8772,0.7537,0.1295,2.0270,21.9,1.0431,1.0605,1.1567,0.9377,1.4438,1.4268,20.09,99704001,1326003623664,-1.000,20.532,nan,nan,nan,steady,1.8942,0.8673,0.1155,14.4839,16.8656
99728001,1783507855.411,9.818,1.8816,0.7832,0.1300,2.0422,22.6,1.0438,1.0611,1.1585,0.8531,1.3140,1.2984,21.13,99728001,1326003653156,-1.000,21.640,nan,nan,nan,steady,1.8938,0.9019,0.1158,14.4574,16.8500
99748001,1783507855.440,9.847,1.8849,0.8137,0.1306,2.0572,23.4,1.0432,1.0605,1.1589,0.8489,1.3080,1.2923,19.43,99748001,1326003683703,-1.000,20.214,nan,nan,nan,steady,1.8927,0.9381,0.1161,14.4438,16.8500
99764001,1783507855.466,9.874,1.8874,0.8453,0.1313,2.0722,24.1,1.0435,1.0606,1.1600,0.8376,1.2908,1.2753,16.69,99764001,1326003712733,-1.000,17.327,nan,nan,nan,steady,1.8918,0.9749,0.1167,14.4402,16.8500
99788001,1783507855.480,9.888,1.8889,0.8776,0.1320,2.0870,24.9,1.0426,1.0596,1.1599,0.8409,1.2961,1.2804,4.71,99788001,1326003739107,-1.000,5.186,nan,nan,nan,steady,1.8890,1.0113,0.1177,14.4378,16.8832
99808001,1783507855.500,9.907,1.8891,0.9104,0.1327,2.1013,25.7,1.0441,1.0610,1.1623,0.8321,1.2826,1.2671,2.75,99808001,1326003760616,-1.000,3.358,nan,nan,nan,steady,1.8831,1.0467,0.1180,14.4269,16.8832
99828001,1783507855.518,9.926,1.8886,0.9433,0.1334,2.1153,26.5,1.0443,1.0611,1.1633,0.8284,1.2771,1.2616,2.62,99828001,1326003779366,-1.000,3.065,nan,nan,nan,steady,1.8796,1.0799,0.1183,14.4262,16.8832
99864001,1783507855.563,9.971,1.8869,0.9753,0.1341,2.1282,27.3,1.0478,1.0646,1.1680,0.8205,1.2651,1.2496,28.73,99864001,1326003798220,-1.000,29.240,nan,nan,nan,steady,1.8715,1.1096,0.1183,14.4147,16.8832
99888001,1783507855.593,10.000,1.8850,1.0053,0.1347,2.1405,28.1,1.0507,1.0674,1.1718,0.8141,1.2556,1.2402,19.90,99888001,1326003836533,-1.000,20.438,nan,nan,nan,steady,1.8701,1.1307,0.1187,14.4075,16.8502
99908001,1783507855.622,10.030,1.8828,1.0323,0.1354,2.1514,28.7,1.0537,1.0704,1.1759,0.8161,1.2590,1.2435,19.77,99908001,1326003865969,-1.000,20.228,nan,nan,nan,steady,1.8665,1.1442,0.1189,14.4038,16.8502
99924001,1783507855.651,10.059,1.8806,1.0556,0.1359,2.1609,29.3,1.0540,1.0707,1.1769,0.8154,1.2585,1.2428,19.75,99924001,1326003895136,-1.000,20.181,nan,nan,nan,steady,1.8647,1.1510,0.1193,14.3982,16.8502
99948001,1783507855.680,10.087,1.8784,1.0749,0.1364,2.1685,29.8,1.0539,1.0705,1.1776,0.8167,1.2610,1.2451,19.50,99948001,1326003924112,-1.000,19.881,nan,nan,nan,steady,1.8626,1.1525,0.1194,14.3971,16.8502
99968001,1783507855.711,10.118,1.8767,1.0902,0.1368,2.1747,30.2,1.0527,1.0693,1.1771,0.8141,1.2577,1.2417,21.73,99968001,1326003952761,-1.000,22.184,nan,nan,nan,steady,1.8631,1.1500,0.1193,14.3958,16.8502
100024001,1783507855.746,10.153,1.8745,1.1023,0.1370,2.1789,30.5,1.0522,1.0689,1.1774,0.8341,1.2895,1.2728,19.80,100024001,1326003989351,-1.000,20.330,nan,nan,nan,steady,1.8566,1.1490,0.1187,14.3893,16.9477
100048001,1783507855.775,10.182,1.8743,1.1116,0.1371,2.1835,30.7,1.0494,1.0660,1.1751,0.8267,1.2789,1.2622,19.58,100048001,1326004018550,-1.000,19.969,nan,nan,nan,steady,1.8666,1.1460,0.1183,14.3886,16.9477
100068001,1783507855.816,10.223,1.8765,1.1184,0.1371,2.1888,30.8,1.0464,1.0631,1.1726,0.8254,1.2778,1.2609,21.64,100068001,1326004057365,-1.000,22.160,nan,nan,nan,steady,1.8791,1.1433,0.1179,14.3855,16.9477
100088001,1783507855.847,10.254,1.8800,1.1233,0.1370,2.1943,30.9,1.0428,1.0595,1.1692,0.8061,1.2487,1.2320,21.58,100088001,1326004088406,-1.000,22.112,nan,nan,nan,steady,1.8891,1.1403,0.1173,14.3896,16.8748
100104001,1783507855.878,10.285,1.8846,1.1266,0.1369,2.2000,30.9,1.0404,1.0571,1.1671,0.8035,1.2455,1.2286,22.12,100104001,1326004119345,-1.000,22.583,nan,nan,nan,steady,1.8984,1.1381,0.1166,14.3892,16.8748
100124001,1783507855.909,10.317,1.8905,1.1266,0.1365,2.2049,30.8,1.0497,1.0668,1.1781,0.8774,1.3609,1.3422,21.79,100124001,1326004150985,-1.000,22.332,nan,nan,nan,steady,1.9080,1.1276,0.1158,14.3992,16.8748
100228001,1783507855.938,10.345,1.8932,1.1268,0.1363,2.2074,30.8,1.0441,1.0612,1.1721,0.8013,1.2435,1.2264,19.38,100228001,1326004182218,-1.000,19.765,nan,nan,nan,steady,1.8964,1.1283,0.1155,14.3971,16.8523
100248001,1783507855.953,10.360,1.8976,1.1268,0.1361,2.2112,30.7,1.0402,1.0572,1.1678,0.7981,1.2393,1.2220,5.48,100248001,1326004210921,-1.000,5.927,nan,nan,nan,steady,1.9110,1.1271,0.1154,14.4059,16.8523
100268001,1783507855.970,10.378,1.9037,1.1272,0.1359,2.2165,30.6,1.0353,1.0523,1.1624,0.7929,1.2318,1.2144,2.80,100268001,1326004230893,-1.000,3.352,nan,nan,nan,steady,1.9247,1.1293,0.1153,14.4051,16.8523
100284001,1783507855.992,10.399,1.9115,1.1288,0.1357,2.2241,30.6,1.0303,1.0473,1.1568,0.8020,1.2464,1.2287,3.50,100284001,1326004251946,-1.000,3.997,nan,nan,nan,steady,1.9395,1.1367,0.1149,14.4051,16.9502
100308001,1783507856.010,10.418,1.9207,1.1325,0.1355,2.2338,30.5,1.0258,1.0428,1.1516,0.7974,1.2395,1.2219,2.52,100308001,1326004271236,-1.000,3.027,nan,nan,nan,steady,1.9543,1.1499,0.1144,14.4084,16.9502
100328001,1783507856.052,10.460,1.9321,1.1384,0.1352,2.2466,30.5,1.0235,1.0406,1.1488,0.7978,1.2403,1.2226,24.26,100328001,1326004291403,-1.000,24.849,nan,nan,nan,steady,1.9753,1.1675,0.1138,14.4089,16.9502
100384001,1783507856.086,10.494,1.9425,1.1480,0.1349,2.2604,30.6,1.0268,1.0439,1.1521,0.7845,1.2196,1.2023,20.11,100384001,1326004329873,-1.000,20.621,nan,nan,nan,steady,1.9817,1.1955,0.1135,14.4233,16.8481
100408001,1783507856.117,10.525,1.9527,1.1598,0.1346,2.2751,30.7,1.0239,1.0410,1.1484,0.7796,1.2119,1.1947,20.45,100408001,1326004360480,-1.000,20.884,nan,nan,nan,steady,1.9915,1.2162,0.1131,14.4284,16.8481
100424001,1783507856.147,10.554,1.9625,1.1729,0.1343,2.2902,30.9,1.0233,1.0405,1.1473,0.7872,1.2235,1.2062,19.26,100424001,1326004391309,-1.000,19.686,nan,nan,nan,steady,1.9999,1.2352,0.1125,14.4395,16.8481
100448001,1783507856.176,10.583,1.9709,1.1873,0.1339,2.3048,31.1,1.0224,1.0397,1.1457,0.7848,1.2195,1.2023,19.56,100448001,1326004419724,-1.000,19.935,nan,nan,nan,steady,2.0025,1.2556,0.1119,14.4462,16.8481
100464001,1783507856.207,10.614,1.9784,1.2027,0.1335,2.3192,31.3,1.0222,1.0395,1.1449,0.7927,1.2315,1.2142,21.97,100464001,1326004448375,-1.000,22.439,nan,nan,nan,steady,2.0058,1.2757,0.1116,14.4512,16.8481
100484001,1783507856.236,10.643,1.9859,1.2197,0.1331,2.3344,31.6,1.0231,1.0404,1.1453,0.7984,1.2400,1.2227,19.50,100484001,1326004479670,-1.000,20.001,nan,nan,nan,steady,2.0127,1.2994,0.1114,14.4461,16.9699
100588001,1783507856.271,10.679,1.9886,1.2417,0.1328,2.3481,32.0,1.0215,1.0389,1.1429,0.7878,1.2232,1.2062,20.65,100588001,1326004513958,-1.000,21.073,nan,nan,nan,steady,1.9927,1.3457,0.1114,14.4726,16.9219
100608001,1783507856.301,10.709,1.9909,1.2644,0.1325,2.3622,32.4,1.0214,1.0387,1.1421,0.7953,1.2343,1.2173,20.81,100608001,1326004544051,-1.000,21.327,nan,nan,nan,steady,1.9962,1.3702,0.1111,14.4805,16.9219
100624001,1783507856.330,10.738,1.9928,1.2877,0.1322,2.3763,32.9,1.0193,1.0367,1.1391,0.7967,1.2360,1.2191,19.51,100624001,1326004574290,-1.000,19.968,nan,nan,nan,steady,1.9970,1.3949,0.1110,14.4856,16.9219
100644001,1783507856.365,10.772,1.9938,1.3112,0.1320,2.3900,33.3,1.0192,1.0366,1.1384,0.8063,1.2504,1.2334,24.90,100644001,1326004603200,-1.000,25.498,nan,nan,nan,steady,1.9943,1.4197,0.1106,14.4961,16.9219
100664001,1783507856.393,10.800,1.9940,1.3348,0.1317,2.4031,33.8,1.0181,1.0355,1.1364,0.8065,1.2501,1.2332,18.77,100664001,1326004637595,-1.000,19.214,nan,nan,nan,steady,1.9908,1.4442,0.1103,14.5029,16.9219
100688001,1783507856.426,10.833,1.9930,1.3586,0.1314,2.4156,34.3,1.0190,1.0364,1.1368,0.8181,1.2674,1.2505,23.87,100688001,1326004665639,-1.000,24.344,nan,nan,nan,steady,1.9842,1.4693,0.1098,14.5159,16.9640
100764001,1783507856.442,10.850,1.9864,1.3869,0.1311,2.4262,34.9,1.0208,1.0383,1.1379,0.7767,1.2026,1.1867,2.70,100764001,1326004703211,-1.000,3.193,nan,nan,nan,steady,1.9539,1.5166,0.1094,14.5188,16.9640
100788001,1783507856.458,10.865,1.9801,1.4156,0.1307,2.4376,35.6,1.0199,1.0374,1.1361,0.8388,1.2978,1.2809,2.32,100788001,1326004718983,-1.000,2.726,nan,nan,nan,steady,1.9485,1.5480,0.1089,14.5445,17.0287
100808001,1783507856.480,10.888,1.9746,1.4446,0.1303,2.4501,36.2,1.0219,1.0395,1.1374,0.8544,1.3211,1.3041,3.83,100808001,1326004739784,-1.000,4.720,nan,nan,nan,steady,1.9464,1.5802,0.1085,14.5571,17.0287
100828001,1783507856.501,10.909,1.9702,1.4737,0.1299,2.4638,36.8,1.0257,1.0434,1.1408,0.8576,1.3254,1.3085,5.06,100828001,1326004759592,-1.000,5.551,nan,nan,nan,steady,1.9472,1.6102,0.1083,14.5709,17.0287
100848001,1783507856.519,10.926,1.9665,1.5021,0.1294,2.4780,37.4,1.0327,1.0504,1.1477,0.8727,1.3481,1.3310,2.96,100848001,1326004779356,-1.000,3.629,nan,nan,nan,steady,1.9463,1.6361,0.1081,14.5801,17.0287
100868001,1783507856.541,10.949,1.9637,1.5289,0.1291,2.4920,37.9,1.0388,1.0567,1.1537,0.8756,1.3520,1.3350,5.46,100868001,1326004799289,-1.000,5.990,nan,nan,nan,steady,1.9473,1.6547,0.1082,14.5877,17.0287
100928001,1783507856.567,10.975,1.9600,1.5550,0.1289,2.5052,38.4,1.0370,1.0548,1.1510,0.8874,1.3698,1.3527,2.43,100928001,1326004828346,-1.000,2.897,nan,nan,nan,steady,1.9375,1.6786,0.1088,14.6150,17.1149
100944001,1783507856.579,10.987,1.9572,1.5780,0.1287,2.5174,38.9,1.0406,1.0586,1.1544,0.8850,1.3660,1.3490,2.65,100944001,1326004840176,-1.000,3.133,nan,nan,nan,steady,1.9399,1.6865,0.1091,14.6341,17.1149
100968001,1783507856.600,11.007,1.9553,1.5975,0.1286,2.5282,39.3,1.0426,1.0606,1.1561,0.8920,1.3768,1.3596,3.00,100968001,1326004860281,-1.000,3.543,nan,nan,nan,steady,1.9412,1.6897,0.1093,14.6429,17.1349
100988001,1783507856.619,11.027,1.9534,1.6131,0.1286,2.5366,39.6,1.0447,1.0628,1.1579,0.8913,1.3756,1.3585,2.52,100988001,1326004880190,-1.000,2.952,nan,nan,nan,steady,1.9394,1.6872,0.1095,14.6563,17.1349
101004001,1783507856.659,11.066,1.9516,1.6247,0.1286,2.5426,39.8,1.0487,1.0669,1.1618,0.8977,1.3857,1.3684,21.58,101004001,1326004900599,-1.000,22.195,nan,nan,nan,steady,1.9374,1.6809,0.1098,14.6677,17.1349
101028001,1783507856.691,11.098,1.9493,1.6325,0.1287,2.5459,39.9,1.0495,1.0677,1.1622,0.8852,1.3667,1.3496,22.25,101028001,1326004931881,-1.000,22.726,nan,nan,nan,steady,1.9330,1.6721,0.1102,14.6761,17.1349
101108001,1783507856.727,11.134,1.9419,1.6380,0.1288,2.5437,40.1,1.0534,1.0716,1.1660,0.9166,1.4156,1.3978,20.12,101108001,1326004970079,-1.000,20.624,nan,nan,nan,steady,1.9014,1.6695,0.1108,14.7274,17.0299
101128001,1783507856.756,11.163,1.9335,1.6382,0.1289,2.5375,40.3,1.0526,1.0709,1.1645,0.9064,1.4002,1.3826,19.54,101128001,1326004999578,-1.000,20.133,nan,nan,nan,steady,1.8907,1.6449,0.1109,14.7403,17.0299
101144001,1783507856.789,11.196,1.9244,1.6336,0.1291,2.5276,40.3,1.0521,1.0704,1.1635,0.8974,1.3870,1.3694,23.37,101144001,1326005028887,-1.000,23.834,nan,nan,nan,steady,1.8794,1.6187,0.1111,14.7467,17.0299
101168001,1783507856.818,11.225,1.9151,1.6250,0.1292,2.5150,40.3,1.0498,1.0680,1.1604,0.8984,1.3892,1.3715,19.40,101168001,1326005061883,-1.000,19.821,nan,nan,nan,steady,1.8693,1.5930,0.1111,14.7683,17.0299
101184001,1783507856.851,11.259,1.9069,1.6143,0.1294,2.5018,40.3,1.0465,1.0647,1.1564,0.8855,1.3699,1.3523,24.00,101184001,1326005090713,-1.000,24.497,nan,nan,nan,steady,1.8657,1.5735,0.1111,14.7766,17.1320
101208001,1783507856.881,11.289,1.9007,1.6033,0.1294,2.4899,40.1,1.0426,1.0607,1.1515,0.8850,1.3698,1.3520,19.90,101208001,1326005125202,-1.000,20.308,nan,nan,nan,steady,1.8687,1.5631,0.1104,14.7864,17.1320
101288001,1783507856.916,11.324,1.8916,1.5945,0.1293,2.4773,40.1,1.0409,1.0590,1.1489,0.8923,1.3815,1.3635,20.25,101288001,1326005159652,-1.000,20.666,nan,nan,nan,steady,1.8435,1.5672,0.1098,14.8499,17.1553
101304001,1783507856.946,11.353,1.8853,1.5870,0.1290,2.4677,40.1,1.0383,1.0564,1.1453,0.8841,1.3692,1.3513,20.32,101304001,1326005189208,-1.000,20.743,nan,nan,nan,steady,1.8528,1.5656,0.1087,14.8561,17.1553
101324001,1783507856.975,11.382,1.8823,1.5815,0.1286,2.4619,40.0,1.0361,1.0542,1.1419,0.8909,1.3800,1.3620,19.42,101324001,1326005218940,-1.000,19.853,nan,nan,nan,steady,1.8649,1.5703,0.1077,14.8812,17.1553
101348001,1783507857.004,11.412,1.8822,1.5786,0.1281,2.4599,40.0,1.0339,1.0520,1.1385,0.8851,1.3711,1.3532,19.82,101348001,1326005247759,-1.000,20.385,nan,nan,nan,steady,1.8769,1.5794,0.1067,14.8891,17.1553
101364001,1783507857.034,11.441,1.8845,1.5786,0.1274,2.4616,40.0,1.0309,1.0490,1.1341,0.8914,1.3808,1.3628,20.05,101364001,1326005277140,-1.000,20.476,nan,nan,nan,steady,1.8897,1.5932,0.1054,14.9025,17.1553
101384001,1783507857.049,11.456,1.8890,1.5815,0.1267,2.4669,39.9,1.0295,1.0475,1.1314,0.8913,1.3805,1.3626,4.85,101384001,1326005307669,-1.000,5.299,nan,nan,nan,steady,1.9041,1.6099,0.1044,14.9121,17.1083
101408001,1783507857.066,11.474,1.8950,1.5875,0.1258,2.4752,40.0,1.0282,1.0463,1.1287,0.9012,1.3954,1.3775,2.89,101408001,1326005326840,-1.000,3.428,nan,nan,nan,steady,1.9163,1.6298,0.1032,14.9282,17.1083
101424001,1783507857.089,11.497,1.9019,1.5964,0.1249,2.4862,40.0,1.0340,1.0522,1.1338,0.9062,1.4027,1.3848,4.30,101424001,1326005348529,-1.000,4.813,nan,nan,nan,steady,1.9269,1.6525,0.1025,14.9472,17.1083
101444001,1783507857.106,11.514,1.9092,1.6078,0.1241,2.4991,40.1,1.0350,1.0533,1.1336,0.9162,1.4177,1.3997,2.74,101444001,1326005366707,-1.000,3.357,nan,nan,nan,steady,1.9358,1.6748,0.1020,14.9581,17.1083
101468001,1783507857.149,11.556,1.9160,1.6208,0.1232,2.5126,40.2,1.0347,1.0530,1.1320,0.9151,1.4155,1.3977,25.38,101468001,1326005386888,-1.000,25.993,nan,nan,nan,steady,1.9401,1.6946,0.1016,14.9708,17.1083
101484001,1783507857.178,11.585,1.9227,1.6351,0.1224,2.5270,40.4,1.0361,1.0544,1.1324,0.9190,1.4210,1.4033,19.36,101484001,1326005421799,-1.000,19.868,nan,nan,nan,steady,1.9452,1.7139,0.1012,14.9923,17.2044
101504001,1783507857.209,11.616,1.9290,1.6506,0.1217,2.5417,40.6,1.0376,1.0559,1.1328,0.9182,1.4191,1.4016,21.41,101504001,1326005450614,-1.000,21.899,nan,nan,nan,steady,1.9499,1.7341,0.1010,15.0066,17.2044
101528001,1783507857.238,11.645,1.9344,1.6667,0.1210,2.5563,40.7,1.0385,1.0569,1.1325,0.9287,1.4347,1.4172,19.83,101528001,1326005481576,-1.000,20.298,nan,nan,nan,steady,1.9512,1.7528,0.1007,15.0225,17.2044
101548001,1783507857.266,11.674,1.9393,1.6830,0.1203,2.5706,41.0,1.0395,1.0579,1.1324,0.9431,1.4564,1.4387,19.31,101548001,1326005510756,-1.000,19.724,nan,nan,nan,steady,1.9534,1.7698,0.1004,15.0421,17.2044
101568001,1783507857.298,11.705,1.9435,1.6995,0.1197,2.5845,41.2,1.0404,1.0588,1.1323,0.9406,1.4519,1.4344,21.77,101568001,1326005539314,-1.000,22.221,nan,nan,nan,steady,1.9551,1.7871,0.1002,15.0511,17.2109
101588001,1783507857.327,11.734,1.9464,1.7157,0.1191,2.5973,41.4,1.0396,1.0581,1.1303,0.9400,1.4505,1.4332,19.55,101588001,1326005570708,-1.000,20.023,nan,nan,nan,steady,1.9522,1.8014,0.1000,15.0630,17.2109
101608001,1783507857.357,11.764,1.9479,1.7312,0.1185,2.6087,41.6,1.0408,1.0593,1.1305,0.9517,1.4679,1.4506,21.04,101608001,1326005599537,-1.000,21.433,nan,nan,nan,steady,1.9477,1.8139,0.0995,15.0783,17.2109
101628001,1783507857.388,11.796,1.9481,1.7457,0.1179,2.6185,41.9,1.0421,1.0606,1.1308,0.9625,1.4840,1.4666,22.23,101628001,1326005629815,-1.000,22.694,nan,nan,nan,steady,1.9414,1.8242,0.0988,15.1006,17.2109
101644001,1783507857.419,11.826,1.9475,1.7599,0.1172,2.6275,42.1,1.0432,1.0618,1.1309,0.9641,1.4860,1.4688,21.15,101644001,1326005661394,-1.000,21.599,nan,nan,nan,steady,1.9384,1.8372,0.0985,15.1156,17.2109
101728001,1783507857.454,11.861,1.9375,1.7746,0.1170,2.6300,42.5,1.0380,1.0565,1.1242,0.8904,1.3719,1.3561,21.12,101728001,1326005696228,-1.000,21.495,nan,nan,nan,steady,1.8858,1.8541,0.0991,15.1227,17.2109
101744001,1783507857.483,11.890,1.9267,1.7888,0.1166,2.6317,42.9,1.0403,1.0589,1.1257,0.9671,1.4895,1.4725,19.74,101744001,1326005726743,-1.000,20.211,nan,nan,nan,steady,1.8728,1.8657,0.0988,15.1907,17.2711
101764001,1783507857.512,11.920,1.9158,1.8025,0.1161,2.6330,43.3,1.0419,1.0605,1.1265,0.9805,1.5096,1.4925,19.83,101764001,1326005755822,-1.000,20.259,nan,nan,nan,steady,1.8615,1.8778,0.0984,15.2077,17.2711
101784001,1783507857.528,11.935,1.9047,1.8157,0.1155,2.6340,43.6,1.0447,1.0634,1.1286,0.9834,1.5136,1.4966,6.23,101784001,1326005784934,-1.000,6.651,nan,nan,nan,steady,1.8499,1.8890,0.0979,15.2149,17.2560
101804001,1783507857.546,11.953,1.8935,1.8281,0.1149,2.6345,44.0,1.0469,1.0657,1.1302,0.9950,1.5311,1.5140,4.33,101804001,1326005805085,-1.000,4.826,nan,nan,nan,steady,1.8381,1.8975,0.0976,15.2343,17.2560
101824001,1783507857.567,11.974,1.8818,1.8389,0.1144,2.6336,44.3,1.0507,1.0696,1.1335,0.9934,1.5285,1.5115,3.57,101824001,1326005826439,-1.000,4.430,nan,nan,nan,steady,1.8238,1.9014,0.0976,15.2480,17.2560
101844001,1783507857.584,11.992,1.8695,1.8481,0.1139,2.6312,44.7,1.0532,1.0721,1.1356,1.0033,1.5436,1.5264,2.46,101844001,1326005845352,-1.000,2.870,nan,nan,nan,steady,1.8085,1.9022,0.0977,15.2699,17.2560
101904001,1783507857.624,12.032,1.8520,1.8548,0.1135,2.6235,45.0,1.0545,1.0735,1.1365,1.0074,1.5500,1.5328,22.04,101904001,1326005865462,-1.000,22.714,nan,nan,nan,steady,1.7649,1.8977,0.0984,15.3086,17.2455
101924001,1783507857.653,12.061,1.8336,1.8578,0.1132,2.6127,45.4,1.0576,1.0766,1.1393,1.0153,1.5626,1.5452,19.33,101924001,1326005897454,-1.000,19.826,nan,nan,nan,steady,1.7445,1.8829,0.0986,15.3354,17.2455
101948001,1783507857.684,12.092,1.8142,1.8566,0.1130,2.5983,45.7,1.0597,1.0787,1.1413,1.0080,1.5518,1.5344,21.46,101948001,1326005926190,-1.000,21.907,nan,nan,nan,steady,1.7211,1.8615,0.0990,15.3407,17.2455
101968001,1783507857.717,12.125,1.7936,1.8509,0.1129,2.5799,45.9,1.0591,1.0781,1.1405,1.0056,1.5486,1.5312,24.05,101968001,1326005956934,-1.000,24.454,nan,nan,nan,steady,1.6950,1.8349,0.0992,15.3566,17.2455
101988001,1783507857.746,12.154,1.7736,1.8416,0.1128,2.5593,46.1,1.0595,1.0785,1.1409,0.9995,1.5400,1.5225,19.58,101988001,1326005990316,-1.000,20.036,nan,nan,nan,steady,1.6780,1.8097,0.0994,15.3678,17.2491
102008001,1783507857.777,12.185,1.7539,1.8291,0.1126,2.5366,46.2,1.0583,1.0774,1.1398,1.0025,1.5456,1.5279,21.33,102008001,1326006019387,-1.000,21.769,nan,nan,nan,steady,1.6594,1.7831,0.0994,15.3861,17.2491
102084001,1783507857.815,12.223,1.7290,1.8143,0.1126,2.5088,46.4,1.0591,1.0782,1.1408,1.0000,1.5427,1.5248,21.86,102084001,1326006056642,-1.000,22.375,nan,nan,nan,steady,1.6074,1.7588,0.1002,15.4531,17.3366
102108001,1783507857.844,12.251,1.7061,1.7984,0.1126,2.4815,46.5,1.0588,1.0779,1.1406,0.9908,1.5296,1.5116,19.13,102108001,1326006088032,-1.000,19.545,nan,nan,nan,steady,1.5963,1.7387,0.1000,15.4651,17.3366
102124001,1783507857.877,12.284,1.6859,1.7820,0.1125,2.4557,46.6,1.0582,1.0773,1.1400,0.9945,1.5362,1.5180,24.09,102124001,1326006116459,-1.000,24.500,nan,nan,nan,steady,1.5891,1.7203,0.0997,15.4815,17.3366
102144001,1783507857.908,12.315,1.6698,1.7663,0.1125,2.4333,46.6,1.0562,1.0752,1.1379,0.9835,1.5203,1.5021,21.23,102144001,1326006149977,-1.000,21.690,nan,nan,nan,steady,1.5923,1.7098,0.1004,15.4951,17.3366
102164001,1783507857.936,12.343,1.6578,1.7521,0.1126,2.4147,46.6,1.0540,1.0730,1.1357,0.9847,1.5232,1.5048,19.16,102164001,1326006180441,-1.000,19.533,nan,nan,nan,steady,1.5973,1.7032,0.1013,15.5045,17.3366
102184001,1783507857.970,12.378,1.6482,1.7391,0.1128,2.3987,46.5,1.0517,1.0707,1.1334,0.9813,1.5188,1.5003,25.04,102184001,1326006208777,-1.000,25.426,nan,nan,nan,steady,1.5979,1.6963,0.1018,15.5197,17.2797
102264001,1783507858.003,12.411,1.6324,1.7254,0.1136,2.3779,46.6,1.0424,1.0612,1.1236,0.8959,1.3874,1.3703,19.63,102264001,1326006247316,-1.000,20.066,nan,nan,nan,steady,1.5520,1.6777,0.1047,15.5408,17.2797
102288001,1783507858.015,12.423,1.6174,1.7132,0.1141,2.3588,46.6,1.0438,1.0627,1.1253,0.9962,1.5435,1.5244,2.39,102288001,1326006276269,-1.000,2.831,nan,nan,nan,steady,1.5412,1.6732,0.1045,15.6032,17.2779
102308001,1783507858.035,12.443,1.6040,1.7035,0.1145,2.3427,46.7,1.0432,1.0621,1.1247,0.9903,1.5350,1.5159,2.61,102308001,1326006296354,-1.000,3.121,nan,nan,nan,steady,1.5354,1.6764,0.1045,15.6137,17.2779
102324001,1783507858.057,12.465,1.5918,1.6962,0.1147,2.3290,46.8,1.0438,1.0627,1.1254,0.9993,1.5495,1.5301,3.53,102324001,1326006317087,-1.000,4.069,nan,nan,nan,steady,1.5275,1.6799,0.1042,15.6322,17.2779
102348001,1783507858.076,12.483,1.5808,1.6915,0.1149,2.3180,46.9,1.0428,1.0617,1.1243,0.9951,1.5434,1.5240,2.83,102348001,1326006336508,-1.000,3.260,nan,nan,nan,steady,1.5219,1.6874,0.1042,15.6442,17.2779
102364001,1783507858.118,12.526,1.5704,1.6890,0.1149,2.3091,47.1,1.0434,1.0624,1.1250,1.0061,1.5610,1.5414,24.90,102364001,1326006356812,-1.000,25.580,nan,nan,nan,steady,1.5135,1.6945,0.1041,15.6621,17.2779
102428001,1783507858.155,12.563,1.5548,1.6860,0.1154,2.2964,47.3,1.0437,1.0627,1.1254,0.9358,1.4523,1.4340,20.22,102428001,1326006398282,-1.000,20.858,nan,nan,nan,steady,1.4728,1.6872,0.1059,15.6757,17.2978
102448001,1783507858.194,12.601,1.5400,1.6846,0.1156,2.2853,47.6,1.0445,1.0635,1.1263,1.0157,1.5765,1.5566,29.39,102448001,1326006428113,-1.000,29.835,nan,nan,nan,steady,1.4631,1.6922,0.1057,15.7169,17.2978
102468001,1783507858.225,12.632,1.5261,1.6842,0.1157,2.2757,47.8,1.0466,1.0656,1.1286,1.0136,1.5736,1.5537,21.45,102468001,1326006466837,-1.000,21.940,nan,nan,nan,steady,1.4530,1.6969,0.1057,15.7335,17.2978
102488001,1783507858.256,12.663,1.5135,1.6849,0.1158,2.2678,48.1,1.0467,1.0657,1.1287,1.0210,1.5854,1.5653,21.92,102488001,1326006497589,-1.000,22.354,nan,nan,nan,steady,1.4467,1.7023,0.1061,15.7486,17.3293
102508001,1783507858.285,12.693,1.5026,1.6867,0.1160,2.2619,48.3,1.0471,1.0661,1.1291,1.0170,1.5796,1.5596,19.62,102508001,1326006528977,-1.000,20.088,nan,nan,nan,steady,1.4428,1.7090,0.1064,15.7668,17.3293
102524001,1783507858.316,12.723,1.4930,1.6890,0.1161,2.2573,48.5,1.0479,1.0669,1.1300,1.0276,1.5965,1.5761,21.39,102524001,1326006557896,-1.000,21.863,nan,nan,nan,steady,1.4390,1.7129,0.1069,15.7842,17.3293
102628001,1783507858.353,12.761,1.4772,1.6890,0.1167,2.2469,48.8,1.0498,1.0689,1.1323,1.0327,1.6050,1.5845,19.44,102628001,1326006597392,-1.000,19.941,nan,nan,nan,steady,1.3908,1.6998,0.1102,15.8517,17.3057
102648001,1783507858.384,12.791,1.4626,1.6881,0.1173,2.2367,49.1,1.0500,1.0691,1.1327,1.0402,1.6173,1.5965,21.39,102648001,1326006626119,-1.000,21.756,nan,nan,nan,steady,1.3849,1.6949,0.1109,15.8658,17.3057
102668001,1783507858.416,12.823,1.4490,1.6856,0.1180,2.2259,49.3,1.0489,1.0680,1.1318,1.0328,1.6065,1.5857,21.63,102668001,1326006657847,-1.000,22.102,nan,nan,nan,steady,1.3759,1.6848,0.1114,15.8800,17.3057
102688001,1783507858.446,12.854,1.4369,1.6823,0.1186,2.2156,49.5,1.0492,1.0683,1.1323,1.0315,1.6051,1.5842,21.05,102688001,1326006688934,-1.000,21.441,nan,nan,nan,steady,1.3709,1.6778,0.1121,15.8963,17.4002
102708001,1783507858.478,12.885,1.4266,1.6788,0.1193,2.2064,49.6,1.0479,1.0670,1.1311,1.0236,1.5934,1.5726,22.08,102708001,1326006719159,-1.000,22.530,nan,nan,nan,steady,1.3682,1.6736,0.1129,15.9118,17.4002
102728001,1783507858.500,12.908,1.4183,1.6757,0.1200,2.1986,49.8,1.0470,1.0661,1.1304,1.0290,1.6026,1.5815,12.97,102728001,1326006750671,-1.000,13.435,nan,nan,nan,steady,1.3685,1.6722,0.1137,15.9205,17.4002
102804001,1783507858.515,12.923,1.4039,1.6694,0.1212,2.1846,49.9,1.0398,1.0588,1.1231,0.9274,1.4448,1.4257,2.35,102804001,1326006776350,-1.000,2.818,nan,nan,nan,steady,1.3236,1.6494,0.1160,15.9374,17.4480
102828001,1783507858.534,12.942,1.3901,1.6634,0.1220,2.1712,50.1,1.0400,1.0590,1.1237,1.0269,1.6004,1.5792,4.16,102828001,1326006793182,-1.000,4.862,nan,nan,nan,steady,1.3146,1.6457,0.1160,15.9891,17.4480
102844001,1783507858.554,12.961,1.3775,1.6583,0.1226,2.1593,50.3,1.0397,1.0587,1.1237,1.0329,1.6102,1.5888,3.67,102844001,1326006813330,-1.000,4.279,nan,nan,nan,steady,1.3078,1.6455,0.1159,16.0052,17.4480
102864001,1783507858.591,12.998,1.3660,1.6543,0.1231,2.1489,50.5,1.0396,1.0586,1.1239,1.0300,1.6061,1.5847,20.52,102864001,1326006833294,-1.000,21.425,nan,nan,nan,steady,1.3006,1.6467,0.1157,16.0152,17.4480
102888001,1783507858.622,13.030,1.3548,1.6506,0.1234,2.1390,50.6,1.0396,1.0586,1.1240,1.0451,1.6299,1.6082,21.60,102888001,1326006863915,-1.000,22.103,nan,nan,nan,steady,1.2904,1.6450,0.1153,16.0331,17.3570
102908001,1783507858.651,13.059,1.3440,1.6477,0.1235,2.1299,50.8,1.0392,1.0582,1.1237,1.0404,1.6228,1.6012,19.68,102908001,1326006894999,-1.000,20.254,nan,nan,nan,steady,1.2812,1.6458,0.1152,16.0455,17.3570
102968001,1783507858.689,13.097,1.3296,1.6432,0.1238,2.1173,51.0,1.0393,1.0583,1.1241,1.0593,1.6528,1.6307,19.82,102968001,1326006933188,-1.000,20.248,nan,nan,nan,steady,1.2485,1.6323,0.1163,16.0893,17.3190
102984001,1783507858.730,13.138,1.3150,1.6381,0.1240,2.1043,51.2,1.0428,1.0618,1.1280,1.0555,1.6472,1.6252,31.31,102984001,1326006962579,-1.000,31.763,nan,nan,nan,steady,1.2346,1.6250,0.1164,16.0944,17.3190
103008001,1783507858.761,13.168,1.3003,1.6322,0.1241,2.0905,51.5,1.0423,1.0613,1.1277,1.0634,1.6600,1.6377,21.11,103008001,1326007003201,-1.000,21.549,nan,nan,nan,steady,1.2199,1.6146,0.1164,16.1179,17.3190
103024001,1783507858.793,13.200,1.2860,1.6266,0.1243,2.0773,51.7,1.0400,1.0590,1.1254,1.0573,1.6509,1.6287,22.46,103024001,1326007033716,-1.000,22.889,nan,nan,nan,steady,1.2075,1.6111,0.1164,16.1242,17.3190
103044001,1783507858.823,13.231,1.2724,1.6215,0.1243,2.0649,51.9,1.0393,1.0583,1.1249,1.0669,1.6662,1.6438,21.66,103044001,1326007065384,-1.000,22.099,nan,nan,nan,steady,1.1967,1.6090,0.1164,16.1392,17.3190
103064001,1783507858.854,13.262,1.2594,1.6172,0.1244,2.0535,52.1,1.0377,1.0567,1.1234,1.0621,1.6592,1.6368,21.34,103064001,1326007096315,-1.000,21.781,nan,nan,nan,steady,1.1870,1.6083,0.1165,16.1568,17.3190
103144001,1783507858.890,13.298,1.2424,1.6120,0.1246,2.0390,52.4,1.0375,1.0565,1.1238,1.1147,1.7421,1.7185,20.37,103144001,1326007133621,-1.000,20.884,nan,nan,nan,steady,1.1495,1.5981,0.1182,16.2227,17.2197
103168001,1783507858.920,13.327,1.2266,1.6068,0.1247,2.0253,52.6,1.0413,1.0604,1.1283,1.1121,1.7388,1.7150,19.69,103168001,1326007163323,-1.000,20.243,nan,nan,nan,steady,1.1411,1.5933,0.1180,16.2339,17.2197
103184001,1783507858.950,13.358,1.2124,1.6017,0.1248,2.0127,52.9,1.0418,1.0609,1.1293,1.1177,1.7482,1.7242,20.14,103184001,1326007193714,-1.000,20.689,nan,nan,nan,steady,1.1349,1.5884,0.1181,16.2465,17.2197
103204001,1783507858.980,13.387,1.2001,1.5967,0.1249,2.0013,53.1,1.0408,1.0599,1.1288,1.1116,1.7396,1.7155,19.60,103204001,1326007223367,-1.000,20.305,nan,nan,nan,steady,1.1308,1.5840,0.1182,16.2590,17.2197
103228001,1783507858.994,13.401,1.1894,1.5916,0.1250,1.9908,53.2,1.0404,1.0595,1.1288,1.1104,1.7384,1.7143,4.75,103228001,1326007252646,-1.000,5.162,nan,nan,nan,steady,1.1271,1.5780,0.1188,16.2733,17.2197
103248001,1783507859.013,13.421,1.1802,1.5860,0.1252,1.9809,53.3,1.0405,1.0596,1.1293,1.1088,1.7367,1.7125,4.08,103248001,1326007272623,-1.000,4.604,nan,nan,nan,steady,1.1244,1.5704,0.1192,16.2770,17.2197
103324001,1783507859.038,13.446,1.1681,1.5788,0.1257,1.9680,53.5,1.0400,1.0591,1.1295,1.1029,1.7283,1.7040,2.92,103324001,1326007298507,-1.000,3.508,nan,nan,nan,steady,1.0965,1.5530,0.1213,16.3321,17.3398
103344001,1783507859.054,13.462,1.1578,1.5717,0.1261,1.9562,53.6,1.0395,1.0586,1.1294,1.1065,1.7348,1.7103,4.22,103344001,1326007313749,-1.000,4.620,nan,nan,nan,steady,1.0955,1.5470,0.1216,16.3418,17.3412
103368001,1783507859.074,13.481,1.1493,1.5650,0.1266,1.9458,53.7,1.0381,1.0571,1.1284,1.1000,1.7253,1.7008,4.24,103368001,1326007332904,-1.000,4.658,nan,nan,nan,steady,1.0953,1.5429,0.1220,16.3591,17.3412
103388001,1783507859.091,13.499,1.1420,1.5588,0.1270,1.9365,53.8,1.0362,1.0552,1.1268,1.1018,1.7286,1.7041,2.19,103388001,1326007352845,-1.000,2.542,nan,nan,nan,steady,1.0929,1.5383,0.1223,16.3697,17.3412
103408001,1783507859.115,13.522,1.1352,1.5526,0.1273,1.9275,53.8,1.0361,1.0550,1.1270,1.0965,1.7209,1.6964,5.20,103408001,1326007372999,-1.000,5.710,nan,nan,nan,steady,1.0874,1.5320,0.1225,16.3782,17.3412
103428001,1783507859.133,13.540,1.1284,1.5462,0.1277,1.9184,53.9,1.0343,1.0533,1.1254,1.1040,1.7330,1.7083,2.39,103428001,1326007393987,-1.000,2.800,nan,nan,nan,steady,1.0807,1.5244,0.1228,16.4013,17.3412
103484001,1783507859.178,13.585,1.1179,1.5376,0.1281,1.9053,54.0,1.0333,1.0522,1.1247,1.0773,1.6915,1.6674,23.50,103484001,1326007417341,-1.000,24.259,nan,nan,nan,steady,1.0513,1.5040,0.1238,16.4148,17.3458
103504001,1783507859.207,13.615,1.1061,1.5275,0.1285,1.8903,54.1,1.0346,1.0535,1.1265,1.0762,1.6902,1.6660,19.97,103504001,1326007450576,-1.000,20.475,nan,nan,nan,steady,1.0342,1.4871,0.1236,16.4257,17.3458
103528001,1783507859.236,13.644,1.0928,1.5161,0.1287,1.8733,54.2,1.0326,1.0514,1.1247,1.0805,1.6971,1.6729,19.91,103528001,1326007479942,-1.000,20.361,nan,nan,nan,steady,1.0146,1.4692,0.1236,16.4422,17.3458
103548001,1783507859.268,13.676,1.0782,1.5035,0.1289,1.8547,54.4,1.0324,1.0512,1.1249,1.0840,1.7026,1.6784,22.08,103548001,1326007509516,-1.000,22.638,nan,nan,nan,steady,0.9952,1.4510,0.1230,16.4527,17.3458
103568001,1783507859.298,13.706,1.0622,1.4899,0.1289,1.8343,54.5,1.0317,1.0506,1.1246,1.0871,1.7077,1.6834,20.80,103568001,1326007541150,-1.000,21.300,nan,nan,nan,steady,0.9721,1.4331,0.1226,16.4696,17.3458
103588001,1783507859.329,13.736,1.0451,1.4760,0.1288,1.8131,54.7,1.0319,1.0508,1.1252,1.0989,1.7261,1.7016,21.18,103588001,1326007571266,-1.000,21.607,nan,nan,nan,steady,0.9509,1.4181,0.1218,16.4727,17.2843
103684001,1783507859.369,13.777,1.0221,1.4585,0.1287,1.7856,55.0,1.0323,1.0511,1.1263,1.1140,1.7499,1.7252,24.48,103684001,1326007608379,-1.000,24.967,nan,nan,nan,steady,0.8993,1.3820,0.1224,16.5202,17.2909
103708001,1783507859.398,13.806,0.9987,1.4414,0.1284,1.7583,55.3,1.0311,1.0499,1.1255,1.1136,1.7494,1.7247,19.40,103708001,1326007642199,-1.000,19.851,nan,nan,nan,steady,0.8767,1.3682,0.1212,16.5346,17.2909
103728001,1783507859.429,13.836,0.9756,1.4255,0.1280,1.7321,55.6,1.0300,1.0488,1.1248,1.1241,1.7660,1.7411,21.30,103728001,1326007670952,-1.000,21.792,nan,nan,nan,steady,0.8559,1.3588,0.1200,16.5474,17.2909
103748001,1783507859.458,13.865,0.9533,1.4115,0.1275,1.7080,56.0,1.0296,1.0484,1.1249,1.1233,1.7647,1.7399,19.73,103748001,1326007701641,-1.000,20.250,nan,nan,nan,steady,0.8379,1.3547,0.1193,16.5533,17.2909
103764001,1783507859.488,13.895,0.9315,1.3990,0.1268,1.6855,56.3,1.0269,1.0456,1.1224,1.1436,1.7966,1.7714,20.46,103764001,1326007730768,-1.000,21.024,nan,nan,nan,steady,0.8190,1.3498,0.1184,16.5578,17.1451
103788001,1783507859.519,13.927,0.9099,1.3872,0.1262,1.6638,56.7,1.0257,1.0444,1.1215,1.1377,1.7874,1.7624,22.16,103788001,1326007760562,-1.000,22.560,nan,nan,nan,steady,0.7976,1.3407,0.1178,16.5643,17.1451
103844001,1783507859.553,13.961,0.8860,1.3735,0.1257,1.6393,57.2,1.0254,1.0441,1.1218,1.1009,1.7296,1.7054,20.57,103844001,1326007796401,-1.000,21.055,nan,nan,nan,steady,0.7620,1.3168,0.1179,16.5779,17.1451
103868001,1783507859.570,13.978,0.8622,1.3601,0.1251,1.6152,57.6,1.0253,1.0440,1.1223,1.1570,1.8179,1.7924,7.80,103868001,1326007826290,-1.000,8.215,nan,nan,nan,steady,0.7396,1.3046,0.1173,16.6015,17.1451
103888001,1783507859.585,13.993,0.8401,1.3491,0.1246,1.5942,58.1,1.0227,1.0413,1.1201,1.1531,1.8120,1.7866,2.48,103888001,1326007846471,-1.000,2.902,nan,nan,nan,steady,0.7265,1.3054,0.1171,16.6076,17.2957
103904001,1783507859.609,14.016,0.8202,1.3408,0.1241,1.5767,58.5,1.0226,1.0412,1.1205,1.1516,1.8098,1.7844,5.48,103904001,1326007866812,-1.000,6.044,nan,nan,nan,steady,0.7161,1.3095,0.1169,16.6173,17.2957
103928001,1783507859.627,14.035,0.8026,1.3356,0.1237,1.5631,59.0,1.0235,1.0421,1.1220,1.1584,1.8207,1.7952,4.49,103928001,1326007886466,-1.000,4.992,nan,nan,nan,steady,0.7095,1.3185,0.1169,16.6251,17.2957
103948001,1783507859.647,14.055,0.7874,1.3328,0.1233,1.5529,59.4,1.0257,1.0444,1.1249,1.1570,1.8187,1.7931,4.46,103948001,1326007906521,-1.000,4.850,nan,nan,nan,steady,0.7040,1.3267,0.1170,16.6257,17.2957
103968001,1783507859.668,14.075,0.7743,1.3324,0.1231,1.5459,59.8,1.0266,1.0453,1.1263,1.1625,1.8276,1.8019,3.97,103968001,1326007926904,-1.000,4.693,nan,nan,nan,steady,0.7004,1.3365,0.1173,16.6348,17.2957
103984001,1783507859.686,14.094,0.7629,1.3331,0.1229,1.5408,60.2,1.0262,1.0448,1.1263,1.1615,1.8264,1.8006,2.80,103984001,1326007946948,-1.000,3.311,nan,nan,nan,steady,0.6957,1.3416,0.1175,16.6341,17.2226
104008001,1783507859.726,14.134,0.7527,1.3342,0.1228,1.5368,60.6,1.0260,1.0447,1.1266,1.1679,1.8368,1.8108,22.55,104008001,1326007966944,-1.000,23.428,nan,nan,nan,steady,0.6909,1.3437,0.1178,16.6440,17.2226
104024001,1783507859.758,14.165,0.7437,1.3350,0.1228,1.5331,60.9,1.0248,1.0435,1.1258,1.1616,1.8272,1.8013,21.78,104024001,1326007999498,-1.000,22.305,nan,nan,nan,steady,0.6864,1.3423,0.1182,16.6441,17.2226
104044001,1783507859.788,14.195,0.7355,1.3352,0.1228,1.5293,61.1,1.0243,1.0429,1.1257,1.1677,1.8372,1.8112,20.67,104044001,1326008030651,-1.000,21.142,nan,nan,nan,steady,0.6814,1.3383,0.1185,16.6554,17.2226
104064001,1783507859.821,14.229,0.7279,1.3341,0.1229,1.5247,61.4,1.0223,1.0409,1.1240,1.1612,1.8275,1.8014,24.49,104064001,1326008060572,-1.000,24.914,nan,nan,nan,steady,0.6759,1.3310,0.1189,16.6563,17.2226
104148001,1783507859.863,14.271,0.7159,1.3252,0.1231,1.5112,61.6,1.0196,1.0382,1.1219,1.1045,1.7387,1.7138,19.82,104148001,1326008106731,-1.000,20.418,nan,nan,nan,steady,0.6410,1.2819,0.1196,16.6595,17.1280
104164001,1783507859.894,14.302,0.7027,1.3131,0.1232,1.4944,61.8,1.0173,1.0357,1.1201,1.1807,1.8591,1.8325,21.75,104164001,1326008136008,-1.000,22.208,nan,nan,nan,steady,0.6250,1.2560,0.1192,16.6797,17.1280
104184001,1783507859.924,14.331,0.6891,1.2984,0.1231,1.4751,62.0,1.0159,1.0343,1.1193,1.1801,1.8585,1.8319,20.11,104184001,1326008167240,-1.000,20.604,nan,nan,nan,steady,0.6097,1.2307,0.1185,16.6795,17.0746
104204001,1783507859.954,14.361,0.6756,1.2827,0.1229,1.4550,62.2,1.0161,1.0344,1.1203,1.1897,1.8741,1.8471,19.81,104204001,1326008197729,-1.000,20.249,nan,nan,nan,steady,0.5981,1.2115,0.1182,16.6865,17.0746
104228001,1783507859.985,14.393,0.6627,1.2664,0.1228,1.4346,62.4,1.0163,1.0346,1.1213,1.1849,1.8668,1.8400,21.87,104228001,1326008226869,-1.000,22.304,nan,nan,nan,steady,0.5877,1.1933,0.1179,16.6869,17.0746
104244001,1783507860.014,14.422,0.6505,1.2501,0.1225,1.4146,62.5,1.0148,1.0331,1.1204,1.1908,1.8764,1.8494,19.67,104244001,1326008258145,-1.000,20.274,nan,nan,nan,steady,0.5789,1.1777,0.1176,16.6918,17.0746
104348001,1783507860.053,14.461,0.6361,1.2289,0.1224,1.3892,62.6,1.0145,1.0327,1.1210,1.1939,1.8816,1.8545,20.25,104348001,1326008296270,-1.000,20.738,nan,nan,nan,steady,0.5532,1.1307,0.1182,16.7036,17.0194
104368001,1783507860.088,14.496,0.6231,1.2077,0.1223,1.3645,62.7,1.0150,1.0331,1.1224,1.2011,1.8933,1.8660,24.46,104368001,1326008327248,-1.000,24.914,nan,nan,nan,steady,0.5481,1.1118,0.1181,16.7116,17.0194
104388001,1783507860.116,14.523,0.6113,1.1858,0.1221,1.3397,62.7,1.0127,1.0306,1.1206,1.2033,1.8970,1.8697,17.98,104388001,1326008361031,-1.000,18.573,nan,nan,nan,steady,0.5418,1.0868,0.1177,16.7147,16.9167
104408001,1783507860.128,14.535,0.6005,1.1628,0.1219,1.3143,62.7,1.0138,1.0316,1.1224,1.2088,1.9057,1.8783,2.52,104408001,1326008388654,-1.000,2.902,nan,nan,nan,steady,0.5352,1.0589,0.1173,16.7108,16.9167
104424001,1783507860.151,14.559,0.5908,1.1393,0.1217,1.2891,62.6,1.0123,1.0300,1.1214,1.2042,1.8984,1.8712,3.14,104424001,1326008411306,-1.000,3.770,nan,nan,nan,steady,0.5304,1.0334,0.1172,16.7145,16.9167
104444001,1783507860.168,14.576,0.5821,1.1153,0.1214,1.2639,62.4,1.0109,1.0285,1.1204,1.2121,1.9108,1.8836,2.56,104444001,1326008428961,-1.000,3.131,nan,nan,nan,steady,0.5264,1.0071,0.1169,16.7150,16.9167
104488001,1783507860.210,14.617,0.5732,1.0889,0.1212,1.2365,62.2,1.0111,1.0285,1.1211,1.1839,1.8661,1.8396,21.86,104488001,1326008451215,-1.000,22.632,nan,nan,nan,steady,0.5154,0.9676,0.1165,16.7158,16.9364
104504001,1783507860.240,14.647,0.5654,1.0626,0.1209,1.2097,62.0,1.0108,1.0281,1.1213,1.2086,1.9047,1.8779,20.10,104504001,1326008483007,-1.000,20.586,nan,nan,nan,steady,0.5130,0.9430,0.1160,16.7184,16.9364
104528001,1783507860.269,14.676,0.5591,1.0376,0.1206,1.1847,61.7,1.0109,1.0281,1.1218,1.2144,1.9135,1.8868,19.71,104528001,1326008512614,-1.000,20.354,nan,nan,nan,steady,0.5135,0.9248,0.1157,16.7174,16.9364
104548001,1783507860.298,14.705,0.5542,1.0141,0.1203,1.1620,61.3,1.0097,1.0266,1.1207,1.2108,1.9072,1.8807,19.35,104548001,1326008541820,-1.000,19.813,nan,nan,nan,steady,0.5154,0.9091,0.1154,16.7228,16.9364
104564001,1783507860.332,14.739,0.5512,0.9931,0.1200,1.1422,61.0,1.0086,1.0254,1.1198,1.2130,1.9101,1.8838,25.02,104564001,1326008570508,-1.000,25.459,nan,nan,nan,steady,0.5202,0.8997,0.1151,16.7184,16.9364
104588001,1783507860.361,14.769,0.5493,0.9740,0.1197,1.1246,60.6,1.0086,1.0253,1.1200,1.2122,1.9082,1.8822,20.03,104588001,1326008604918,-1.000,20.559,nan,nan,nan,steady,0.5233,0.8889,0.1147,16.7157,16.8868
104648001,1783507860.397,14.805,0.5461,0.9531,0.1194,1.1049,60.2,1.0077,1.0241,1.1191,1.1764,1.8511,1.8262,19.95,104648001,1326008640825,-1.000,20.390,nan,nan,nan,steady,0.5119,0.8572,0.1147,16.7211,16.8868
104668001,1783507860.428,14.836,0.5429,0.9331,0.1191,1.0861,59.8,1.0066,1.0229,1.1182,1.2170,1.9143,1.8888,21.48,104668001,1326008670262,-1.000,21.934,nan,nan,nan,steady,0.5092,0.8420,0.1143,16.7102,16.8868
104684001,1783507860.457,14.865,0.5398,0.9143,0.1188,1.0683,59.4,1.0065,1.0226,1.1182,1.2272,1.9293,1.9040,19.67,104684001,1326008701104,-1.000,20.061,nan,nan,nan,steady,0.5075,0.8287,0.1138,16.7081,16.8100
104704001,1783507860.489,14.897,0.5368,0.8963,0.1184,1.0515,59.1,1.0063,1.0223,1.1181,1.2247,1.9245,1.8995,23.01,104704001,1326008730035,-1.000,23.410,nan,nan,nan,steady,0.5045,0.8148,0.1133,16.7116,16.8100
104724001,1783507860.518,14.926,0.5338,0.8794,0.1180,1.0355,58.7,1.0053,1.0211,1.1170,1.2319,1.9347,1.9099,19.39,104724001,1326008762507,-1.000,19.921,nan,nan,nan,steady,0.5018,0.8022,0.1128,16.7103,16.8100
104748001,1783507860.548,14.956,0.5308,0.8633,0.1176,1.0202,58.4,1.0069,1.0226,1.1188,1.2312,1.9325,1.9082,19.35,104748001,1326008792314,-1.000,19.883,nan,nan,nan,steady,0.4983,0.7894,0.1123,16.7053,16.8100
104824001,1783507860.583,14.990,0.5246,0.8425,0.1173,0.9994,58.1,1.0103,1.0259,1.1227,1.1873,1.8625,1.8394,20.48,104824001,1326008825673,-1.000,20.976,nan,nan,nan,steady,0.4757,0.7434,0.1122,16.7048,16.8100
104844001,1783507860.604,15.011,0.5177,0.8220,0.1169,0.9785,57.8,1.0057,1.0210,1.1177,1.2512,1.9615,1.9375,11.52,104844001,1326008855515,-1.000,11.992,nan,nan,nan,steady,0.4684,0.7255,0.1120,16.6888,16.7382
104868001,1783507860.617,15.025,0.5109,0.8025,0.1166,0.9584,57.5,1.0061,1.0213,1.1182,1.2529,1.9629,1.9393,4.33,104868001,1326008876402,-1.000,4.707,nan,nan,nan,steady,0.4622,0.7115,0.1120,16.6852,16.7382
104884001,1783507860.637,15.044,0.5046,0.7842,0.1164,0.9398,57.2,1.0055,1.0205,1.1175,1.2628,1.9770,1.9536,3.58,104884001,1326008896818,-1.000,4.144,nan,nan,nan,steady,0.4587,0.7002,0.1121,16.6823,16.6647
104904001,1783507860.656,15.064,0.4989,0.7673,0.1162,0.9226,57.0,1.0066,1.0214,1.1187,1.2610,1.9728,1.9499,3.08,104904001,1326008916623,-1.000,3.622,nan,nan,nan,steady,0.4558,0.6891,0.1124,16.6745,16.6647
104924001,1783507860.695,15.102,0.4938,0.7515,0.1161,0.9067,56.7,1.0077,1.0224,1.1199,1.2685,1.9833,1.9607,21.25,104924001,1326008936866,-1.000,21.854,nan,nan,nan,steady,0.4540,0.6785,0.1126,16.6723,16.6647
104944001,1783507860.726,15.134,0.4896,0.7369,0.1160,0.8923,56.4,1.0068,1.0214,1.1188,1.2685,1.9820,1.9598,22.02,104944001,1326008967827,-1.000,22.576,nan,nan,nan,steady,0.4535,0.6693,0.1128,16.6697,16.6647
104984001,1783507860.755,15.162,0.4877,0.7243,0.1161,0.8809,56.0,1.0089,1.0234,1.1211,1.2878,2.0109,1.9887,19.87,104984001,1326008998377,-1.000,20.551,nan,nan,nan,steady,0.4630,0.6657,0.1135,16.6552,16.6962
105008001,1783507860.786,15.193,0.4895,0.7153,0.1162,0.8745,55.6,1.0099,1.0243,1.1220,1.2853,2.0057,1.9839,21.40,105008001,1326009027886,-1.000,21.892,nan,nan,nan,steady,0.4817,0.6740,0.1142,16.6546,16.6962
105028001,1783507860.820,15.227,0.4951,0.7106,0.1165,0.8738,55.1,1.0107,1.0249,1.1226,1.2788,1.9943,1.9731,24.77,105028001,1326009058699,-1.000,25.206,nan,nan,nan,steady,0.5044,0.6900,0.1148,16.6482,16.6962
105044001,1783507860.851,15.258,0.5038,0.7093,0.1167,0.8778,54.6,1.0110,1.0250,1.1226,1.2684,1.9769,1.9562,21.26,105044001,1326009092956,-1.000,21.741,nan,nan,nan,steady,0.5260,0.7038,0.1152,16.6507,16.6962
105064001,1783507860.891,15.298,0.5152,0.7114,0.1171,0.8861,54.1,1.0099,1.0238,1.1211,1.2646,1.9700,1.9497,24.33,105064001,1326009130141,-1.000,24.815,nan,nan,nan,steady,0.5489,0.7209,0.1156,16.6373,16.6962
105088001,1783507860.920,15.327,0.5290,0.7150,0.1174,0.8972,53.5,1.0089,1.0226,1.1196,1.2550,1.9539,1.9340,19.60,105088001,1326009163850,-1.000,20.117,nan,nan,nan,steady,0.5722,0.7310,0.1161,16.6400,16.5527
105184001,1783507860.952,15.359,0.5424,0.7153,0.1179,0.9055,52.8,1.0073,1.0208,1.1176,1.2412,1.9315,1.9121,21.31,105184001,1326009194057,-1.000,21.682,nan,nan,nan,steady,0.5819,0.7121,0.1172,16.6158,16.4596
105208001,1783507860.982,15.390,0.5560,0.7137,0.1183,0.9124,52.1,1.0068,1.0202,1.1170,1.2427,1.9330,1.9139,19.98,105208001,1326009225743,-1.000,20.498,nan,nan,nan,steady,0.5956,0.7005,0.1175,16.6126,16.4596
105224001,1783507861.011,15.419,0.5689,0.7090,0.1187,0.9168,51.3,1.0055,1.0187,1.1155,1.2393,1.9269,1.9081,19.46,105224001,1326009255148,-1.000,19.887,nan,nan,nan,steady,0.6049,0.6808,0.1175,16.6078,16.4596
105248001,1783507861.041,15.449,0.5806,0.7010,0.1191,0.9179,50.4,1.0057,1.0187,1.1157,1.2422,1.9305,1.9120,20.89,105248001,1326009284072,-1.000,21.353,nan,nan,nan,steady,0.6104,0.6564,0.1175,16.5998,16.4596
105264001,1783507861.072,15.479,0.5903,0.6907,0.1193,0.9164,49.5,1.0055,1.0183,1.1155,1.2396,1.9256,1.9074,21.17,105264001,1326009314299,-1.000,21.626,nan,nan,nan,steady,0.6116,0.6357,0.1171,16.5901,16.4596
105288001,1783507861.087,15.495,0.5982,0.6783,0.1194,0.9123,48.6,1.0060,1.0186,1.1160,1.2516,1.9433,1.9252,6.13,105288001,1326009344786,-1.000,6.525,nan,nan,nan,steady,0.6112,0.6146,0.1166,16.5878,16.3744
105368001,1783507861.111,15.518,0.6034,0.6627,0.1194,0.9042,47.7,1.0039,1.0164,1.1137,1.2549,1.9472,1.9295,4.34,105368001,1326009370204,-1.000,4.738,nan,nan,nan,steady,0.6040,0.5837,0.1163,16.5688,16.3744
105388001,1783507861.125,15.532,0.6080,0.6466,0.1193,0.8955,46.8,1.0042,1.0164,1.1139,1.2610,1.9555,1.9380,2.56,105388001,1326009385489,-1.000,3.080,nan,nan,nan,steady,0.6074,0.5662,0.1160,16.5623,16.3654
105408001,1783507861.144,15.552,0.6125,0.6302,0.1192,0.8869,45.8,1.0063,1.0183,1.1161,1.2606,1.9535,1.9364,2.49,105408001,1326009405066,-1.000,2.989,nan,nan,nan,steady,0.6125,0.5492,0.1157,16.5536,16.3654
105424001,1783507861.183,15.590,0.6169,0.6137,0.1190,0.8782,44.9,1.0076,1.0195,1.1175,1.2599,1.9507,1.9342,19.48,105424001,1326009426376,-1.000,20.252,nan,nan,nan,steady,0.6164,0.5326,0.1151,16.5532,16.3654
105444001,1783507861.214,15.622,0.6207,0.5971,0.1188,0.8694,43.9,1.0092,1.0209,1.1189,1.2657,1.9581,1.9419,22.08,105444001,1326009455806,-1.000,22.651,nan,nan,nan,steady,0.6181,0.5156,0.1147,16.5414,16.3654
105468001,1783507861.246,15.653,0.6238,0.5805,0.1186,0.8603,42.9,1.0110,1.0226,1.1206,1.2684,1.9603,1.9446,21.68,105468001,1326009487436,-1.000,22.390,nan,nan,nan,steady,0.6177,0.4989,0.1142,16.5330,16.3654
105528001,1783507861.278,15.685,0.6249,0.5622,0.1183,0.8489,42.0,1.0100,1.0214,1.1191,1.2508,1.9311,1.9162,19.49,105528001,1326009522010,-1.000,19.930,nan,nan,nan,steady,0.6091,0.4722,0.1138,16.5358,16.2596
105544001,1783507861.312,15.719,0.6261,0.5447,0.1179,0.8382,41.0,1.0096,1.0208,1.1183,1.2816,1.9765,1.9618,24.71,105544001,1326009550711,-1.000,25.115,nan,nan,nan,steady,0.6119,0.4592,0.1134,16.5171,16.2596
105564001,1783507861.345,15.752,0.6283,0.5285,0.1176,0.8294,40.1,1.0095,1.0205,1.1177,1.2857,1.9806,1.9664,23.40,105564001,1326009584746,-1.000,23.864,nan,nan,nan,steady,0.6194,0.4499,0.1133,16.5063,16.2596
105584001,1783507861.375,15.783,0.6317,0.5137,0.1173,0.8226,39.1,1.0090,1.0199,1.1167,1.2833,1.9747,1.9611,21.03,105584001,1326009617416,-1.000,21.635,nan,nan,nan,steady,0.6288,0.4422,0.1131,16.5011,16.1890
105608001,1783507861.407,15.814,0.6369,0.5010,0.1171,0.8188,38.2,1.0096,1.0204,1.1169,1.2858,1.9765,1.9634,22.33,105608001,1326009647909,-1.000,22.879,nan,nan,nan,steady,0.6423,0.4392,0.1132,16.4906,16.1890
105624001,1783507861.437,15.844,0.6438,0.4901,0.1169,0.8175,37.3,1.0094,1.0200,1.1161,1.2824,1.9691,1.9567,20.71,105624001,1326009679650,-1.000,21.177,nan,nan,nan,steady,0.6563,0.4371,0.1133,16.4913,16.1890
105724001,1783507861.475,15.882,0.6521,0.4808,0.1169,0.8186,36.4,1.0103,1.0207,1.1166,1.2797,1.9630,1.9511,20.03,105724001,1326009718473,-1.000,20.522,nan,nan,nan,steady,0.6712,0.4341,0.1141,16.4541,16.1825
105748001,1783507861.504,15.911,0.6627,0.4740,0.1170,0.8232,35.6,1.0106,1.0208,1.1164,1.2719,1.9492,1.9378,19.49,105748001,1326009747861,-1.000,19.932,nan,nan,nan,steady,0.6919,0.4390,0.1146,16.4495,16.1825
105768001,1783507861.535,15.943,0.6759,0.4698,0.1172,0.8315,34.8,1.0114,1.0215,1.1169,1.2713,1.9463,1.9355,21.96,105768001,1326009776923,-1.000,22.471,nan,nan,nan,steady,0.7170,0.4465,0.1151,16.4401,16.1825
105788001,1783507861.566,15.974,0.6920,0.4673,0.1174,0.8432,34.0,1.0130,1.0230,1.1182,1.2648,1.9348,1.9244,21.30,105788001,1326009808318,-1.000,21.808,nan,nan,nan,steady,0.7458,0.4516,0.1157,16.4357,16.0782
105804001,1783507861.578,15.985,0.7100,0.4660,0.1177,0.8574,33.3,1.0138,1.0237,1.1186,1.2602,1.9262,1.9162,2.41,105804001,1326009839044,-1.000,2.861,nan,nan,nan,steady,0.7711,0.4551,0.1159,16.4287,16.0782
105824001,1783507861.601,16.009,0.7292,0.4654,0.1180,0.8731,32.5,1.0137,1.0234,1.1179,1.2514,1.9113,1.9018,5.67,105824001,1326009858985,-1.000,6.154,nan,nan,nan,steady,0.7949,0.4573,0.1163,16.4244,16.0782
105904001,1783507861.626,16.034,0.7492,0.4645,0.1184,0.8894,31.8,1.0153,1.0249,1.1193,1.2527,1.9119,1.9027,3.02,105904001,1326009886493,-1.000,3.559,nan,nan,nan,steady,0.8178,0.4537,0.1171,16.3943,15.9464
105928001,1783507861.638,16.046,0.7703,0.4636,0.1188,0.9069,31.0,1.0158,1.0252,1.1195,1.2495,1.9057,1.8969,2.46,105928001,1326009899489,-1.000,2.857,nan,nan,nan,steady,0.8431,0.4532,0.1176,16.3879,15.9464
105944001,1783507861.676,16.084,0.7921,0.4628,0.1193,0.9251,30.3,1.0167,1.0259,1.1202,1.2420,1.8931,1.8846,20.05,105944001,1326009919661,-1.000,20.624,nan,nan,nan,steady,0.8682,0.4520,0.1180,16.3839,15.9464
105968001,1783507861.707,16.115,0.8149,0.4619,0.1198,0.9443,29.5,1.0179,1.0269,1.1212,1.2367,1.8839,1.8758,21.04,105968001,1326009949432,-1.000,21.627,nan,nan,nan,steady,0.8952,0.4507,0.1190,16.3777,15.9464
105988001,1783507861.737,16.145,0.8380,0.4617,0.1204,0.9644,28.9,1.0180,1.0269,1.1212,1.2256,1.8659,1.8582,21.11,105988001,1326009979981,-1.000,21.533,nan,nan,nan,steady,0.9199,0.4530,0.1197,16.3675,16.0539
106004001,1783507861.766,16.174,0.8608,0.4622,0.1211,0.9845,28.2,1.0181,1.0269,1.1211,1.2231,1.8610,1.8535,19.77,106004001,1326010010339,-1.000,20.155,nan,nan,nan,steady,0.9405,0.4567,0.1205,16.3694,16.0539
106048001,1783507861.802,16.209,0.8825,0.4632,0.1218,1.0041,27.7,1.0183,1.0269,1.1211,1.2063,1.8345,1.8274,21.40,106048001,1326010043943,-1.000,21.975,nan,nan,nan,steady,0.9568,0.4589,0.1211,16.3596,16.0539
106068001,1783507861.831,16.238,0.9030,0.4649,0.1224,1.0230,27.2,1.0175,1.0260,1.1201,1.2167,1.8494,1.8425,19.65,106068001,1326010074835,-1.000,20.112,nan,nan,nan,steady,0.9723,0.4645,0.1214,16.3418,16.0539
106084001,1783507861.874,16.282,0.9224,0.4669,0.1230,1.0411,26.8,1.0177,1.0261,1.1201,1.2118,1.8411,1.8344,23.95,106084001,1326010113756,-1.000,24.396,nan,nan,nan,steady,0.9859,0.4679,0.1217,16.3397,15.8972
106104001,1783507861.903,16.310,0.9409,0.4688,0.1236,1.0585,26.5,1.0160,1.0241,1.1179,1.2071,1.8330,1.8266,19.54,106104001,1326010146969,-1.000,19.958,nan,nan,nan,steady,1.0007,0.4694,0.1219,16.3362,15.8972
106124001,1783507861.934,16.341,0.9585,0.4705,0.1242,1.0750,26.1,1.0160,1.0240,1.1178,1.2065,1.8313,1.8251,21.35,106124001,1326010175753,-1.000,21.835,nan,nan,nan,steady,1.0146,0.4697,0.1223,16.3242,15.8972
106248001,1783507861.975,16.382,0.9740,0.4712,0.1247,1.0892,25.8,1.0162,1.0242,1.1179,1.2072,1.8316,1.8255,22.69,106248001,1326010215246,-1.000,23.271,nan,nan,nan,steady,1.0202,0.4645,0.1228,16.2905,15.9274
106268001,1783507862.003,16.411,0.9884,0.4717,0.1253,1.1023,25.5,1.0159,1.0237,1.1174,1.2024,1.8236,1.8177,19.52,106268001,1326010247315,-1.000,19.983,nan,nan,nan,steady,1.0304,0.4640,0.1232,16.2889,15.9274
106284001,1783507862.036,16.444,1.0022,0.4723,0.1259,1.1150,25.2,1.0149,1.0226,1.1162,1.2016,1.8217,1.8160,23.66,106284001,1326010276074,-1.000,24.108,nan,nan,nan,steady,1.0421,0.4656,0.1237,16.2855,15.8979
106304001,1783507862.059,16.466,1.0159,0.4736,0.1265,1.1280,25.0,1.0138,1.0214,1.1148,1.1970,1.8141,1.8085,12.85,106304001,1326010309227,-1.000,13.419,nan,nan,nan,steady,1.0563,0.4701,0.1242,16.2759,15.8979
106324001,1783507862.073,16.481,1.0296,0.4755,0.1271,1.1412,24.8,1.0141,1.0216,1.1149,1.1926,1.8067,1.8014,4.38,106324001,1326010332626,-1.000,4.792,nan,nan,nan,steady,1.0703,0.4752,0.1248,16.2665,15.8979
106344001,1783507862.091,16.499,1.0428,0.4778,0.1277,1.1541,24.6,1.0145,1.0219,1.1152,1.1884,1.7997,1.7945,3.45,106344001,1326010351482,-1.000,3.875,nan,nan,nan,steady,1.0806,0.4793,0.1249,16.2647,15.8979
106408001,1783507862.117,16.524,1.0550,0.4802,0.1282,1.1662,24.5,1.0146,1.0219,1.1151,1.1891,1.8001,1.7951,2.65,106408001,1326010377462,-1.000,3.141,nan,nan,nan,steady,1.0885,0.4815,0.1252,16.2505,15.8257
106428001,1783507862.132,16.539,1.0666,0.4826,0.1287,1.1778,24.3,1.0148,1.0221,1.1151,1.1854,1.7941,1.7892,2.60,106428001,1326010392874,-1.000,3.042,nan,nan,nan,steady,1.0976,0.4842,0.1252,16.2490,15.8257
106448001,1783507862.153,16.560,1.0772,0.4849,0.1291,1.1883,24.2,1.0166,1.0237,1.1168,1.1846,1.7923,1.7875,4.40,106448001,1326010411820,-1.000,4.878,nan,nan,nan,steady,1.1033,0.4857,0.1253,16.2395,15.8257
106464001,1783507862.170,16.577,1.0872,0.4874,0.1295,1.1985,24.1,1.0144,1.0215,1.1142,1.1818,1.7876,1.7830,1.97,106464001,1326010431640,-1.000,2.325,nan,nan,nan,steady,1.1111,0.4892,0.1256,16.2379,15.8257
106484001,1783507862.191,16.598,1.0968,0.4896,0.1298,1.2081,24.1,1.0153,1.0223,1.1151,1.1830,1.7891,1.7845,2.53,106484001,1326010451778,-1.000,3.015,nan,nan,nan,steady,1.1186,0.4904,0.1258,16.2287,15.7181
106508001,1783507862.211,16.619,1.1067,0.4917,0.1302,1.2180,24.0,1.0143,1.0212,1.1138,1.1786,1.7820,1.7775,2.61,106508001,1326010472155,-1.000,3.101,nan,nan,nan,steady,1.1305,0.4922,0.1262,16.2271,15.7181
106564001,1783507862.255,16.663,1.1165,0.4934,0.1306,1.2277,23.8,1.0145,1.0214,1.1139,1.1734,1.7739,1.7695,20.98,106564001,1326010497597,-1.000,21.559,nan,nan,nan,steady,1.1403,0.4919,0.1264,16.2086,15.7181
106584001,1783507862.295,16.703,1.1265,0.4950,0.1309,1.2374,23.7,1.0152,1.0220,1.1145,1.1702,1.7688,1.7645,31.00,106584001,1326010527939,-1.000,31.430,nan,nan,nan,steady,1.1509,0.4927,0.1266,16.2071,15.7567
106608001,1783507862.324,16.732,1.1361,0.4967,0.1313,1.2469,23.6,1.0155,1.0223,1.1147,1.1687,1.7663,1.7620,19.36,106608001,1326010568189,-1.000,20.031,nan,nan,nan,steady,1.1591,0.4951,0.1269,16.1978,15.7567
106628001,1783507862.356,16.763,1.1454,0.4988,0.1316,1.2563,23.5,1.0137,1.0204,1.1126,1.1634,1.7580,1.7538,21.70,106628001,1326010597665,-1.000,22.249,nan,nan,nan,steady,1.1669,0.4991,0.1271,16.1901,15.7567
106644001,1783507862.387,16.795,1.1539,0.5013,0.1320,1.2650,23.5,1.0132,1.0198,1.1119,1.1622,1.7560,1.7519,21.49,106644001,1326010629021,-1.000,22.019,nan,nan,nan,steady,1.1713,0.5030,0.1271,16.1886,15.7567
106668001,1783507862.418,16.825,1.1617,0.5041,0.1323,1.2732,23.5,1.0116,1.0182,1.1101,1.1600,1.7523,1.7483,21.42,106668001,1326010659959,-1.000,21.858,nan,nan,nan,steady,1.1764,0.5074,0.1274,16.1872,15.7567
106724001,1783507862.454,16.862,1.1687,0.5070,0.1326,1.2808,23.5,1.0089,1.0154,1.1070,1.1480,1.7340,1.7301,22.71,106724001,1326010695048,-1.000,23.416,nan,nan,nan,steady,1.1798,0.5107,0.1276,16.1794,15.7797
106744001,1783507862.484,16.891,1.1750,0.5100,0.1329,1.2878,23.5,1.0085,1.0150,1.1065,1.1542,1.7431,1.7392,18.68,106744001,1326010728435,-1.000,19.171,nan,nan,nan,steady,1.1835,0.5133,0.1276,16.1689,15.7797
106768001,1783507862.514,16.922,1.1808,0.5130,0.1331,1.2943,23.5,1.0069,1.0133,1.1046,1.1507,1.7377,1.7338,21.38,106768001,1326010756398,-1.000,21.757,nan,nan,nan,steady,1.1874,0.5163,0.1277,16.1611,15.7797
106788001,1783507862.543,16.951,1.1868,0.5156,0.1334,1.3008,23.5,1.0063,1.0127,1.1038,1.1491,1.7350,1.7312,19.83,106788001,1326010787002,-1.000,20.307,nan,nan,nan,steady,1.1940,0.5174,0.1278,16.1532,15.6659
106804001,1783507862.576,16.983,1.1929,0.5175,0.1336,1.3072,23.5,1.0061,1.0125,1.1036,1.1490,1.7348,1.7310,23.23,106804001,1326010816135,-1.000,23.646,nan,nan,nan,steady,1.2006,0.5158,0.1279,16.1519,15.6659
106824001,1783507862.605,17.012,1.1990,0.5184,0.1338,1.3131,23.4,1.0059,1.0122,1.1033,1.1455,1.7293,1.7255,19.83,106824001,1326010848633,-1.000,20.327,nan,nan,nan,steady,1.2071,0.5119,0.1277,16.1518,15.6659
106884001,1783507862.625,17.032,1.2050,0.5184,0.1340,1.3186,23.3,1.0058,1.0120,1.1031,1.1392,1.7198,1.7160,4.85,106884001,1326010883442,-1.000,5.400,nan,nan,nan,steady,1.2122,0.5076,0.1278,16.1441,15.6384
106908001,1783507862.639,17.047,1.2117,0.5176,0.1342,1.3244,23.1,1.0045,1.0107,1.1017,1.1410,1.7225,1.7188,3.82,106908001,1326010898461,-1.000,4.664,nan,nan,nan,steady,1.2225,0.5038,0.1282,16.1349,15.6384
106928001,1783507862.660,17.067,1.2189,0.5164,0.1344,1.3306,23.0,1.0051,1.0113,1.1024,1.1388,1.7192,1.7155,2.88,106928001,1326010920134,-1.000,3.431,nan,nan,nan,steady,1.2323,0.5003,0.1285,16.1272,15.6384
106948001,1783507862.677,17.085,1.2269,0.5149,0.1347,1.3373,22.8,1.0035,1.0097,1.1008,1.1339,1.7119,1.7081,2.77,106948001,1326010938033,-1.000,3.228,nan,nan,nan,steady,1.2437,0.4977,0.1289,16.1271,15.6384
106964001,1783507862.697,17.105,1.2352,0.5133,0.1350,1.3444,22.6,1.0040,1.0101,1.1013,1.1312,1.7079,1.7042,2.69,106964001,1326010958156,-1.000,3.192,nan,nan,nan,steady,1.2536,0.4960,0.1292,16.1194,15.6384
106984001,1783507862.717,17.124,1.2444,0.5114,0.1353,1.3522,22.3,1.0043,1.0104,1.1018,1.1295,1.7053,1.7015,2.13,106984001,1326010978306,-1.000,2.538,nan,nan,nan,steady,1.2661,0.4932,0.1296,16.1193,15.5451
107004001,1783507862.739,17.147,1.2543,0.5092,0.1357,1.3605,22.1,1.0045,1.0105,1.1020,1.1266,1.7010,1.6973,4.78,107004001,1326010998146,-1.000,5.303,nan,nan,nan,steady,1.2791,0.4899,0.1301,16.1116,15.5451
107024001,1783507862.777,17.184,1.2647,0.5067,0.1360,1.3692,21.8,1.0049,1.0109,1.1026,1.1232,1.6960,1.6922,21.69,107024001,1326011018310,-1.000,22.229,nan,nan,nan,steady,1.2920,0.4858,0.1304,16.1115,15.5451
107044001,1783507862.805,17.213,1.2756,0.5038,0.1364,1.3783,21.6,1.0041,1.0100,1.1018,1.1201,1.6913,1.6875,19.50,107044001,1326011049425,-1.000,19.964,nan,nan,nan,steady,1.3049,0.4815,0.1307,16.1038,15.5451
107068001,1783507862.836,17.243,1.2867,0.5008,0.1368,1.3874,21.3,1.0047,1.0106,1.1026,1.1174,1.6873,1.6835,20.85,107068001,1326011078380,-1.000,21.360,nan,nan,nan,steady,1.3164,0.4773,0.1310,16.1037,15.5451
107088001,1783507862.872,17.280,1.2980,0.4980,0.1371,1.3970,21.0,1.0027,1.0085,1.1005,1.1138,1.6819,1.6781,20.37,107088001,1326011115307,-1.000,21.023,nan,nan,nan,steady,1.3291,0.4757,0.1313,16.0960,15.5938
107108001,1783507862.902,17.309,1.3094,0.4958,0.1376,1.4068,20.7,1.0029,1.0087,1.1008,1.1079,1.6730,1.6693,19.94,107108001,1326011145334,-1.000,20.381,nan,nan,nan,steady,1.3411,0.4761,0.1321,16.0895,15.5938
107204001,1783507862.941,17.348,1.3204,0.4946,0.1379,1.4167,20.5,1.0015,1.0072,1.0993,1.1074,1.6722,1.6685,21.65,107204001,1326011182514,-1.000,22.174,nan,nan,nan,steady,1.3504,0.4797,0.1318,16.0818,15.6540
107228001,1783507862.969,17.377,1.3303,0.4948,0.1382,1.4260,20.4,1.0018,1.0074,1.0997,1.1037,1.6667,1.6630,19.25,107228001,1326011213502,-1.000,19.684,nan,nan,nan,steady,1.3549,0.4862,0.1316,16.0610,15.6540
107244001,1783507862.998,17.405,1.3385,0.4965,0.1384,1.4343,20.4,1.0017,1.0073,1.0996,1.1037,1.6667,1.6629,19.16,107244001,1326011242021,-1.000,19.618,nan,nan,nan,steady,1.3559,0.4948,0.1315,16.0609,15.6540
107264001,1783507863.029,17.436,1.3451,0.4999,0.1386,1.4417,20.4,1.0005,1.0061,1.0982,1.0998,1.6608,1.6571,21.55,107264001,1326011270484,-1.000,22.058,nan,nan,nan,steady,1.3551,0.5057,0.1314,16.0545,15.6540
107284001,1783507863.058,17.465,1.3511,0.5044,0.1388,1.4489,20.5,1.0001,1.0056,1.0977,1.0981,1.6582,1.6545,19.74,107284001,1326011301416,-1.000,20.178,nan,nan,nan,steady,1.3585,0.5164,0.1315,16.0544,15.5666
107308001,1783507863.090,17.497,1.3572,0.5100,0.1390,1.4565,20.6,0.9985,1.0040,1.0959,1.0923,1.6494,1.6457,22.82,107308001,1326011330439,-1.000,23.265,nan,nan,nan,steady,1.3659,0.5263,0.1315,16.0479,15.5666
107388001,1783507863.124,17.531,1.3642,0.5162,0.1390,1.4652,20.7,0.9992,1.0047,1.0966,1.0958,1.6549,1.6512,20.01,107388001,1326011367126,-1.000,20.520,nan,nan,nan,steady,1.3772,0.5350,0.1309,16.0478,15.5666
107404001,1783507863.154,17.561,1.3720,0.5226,0.1391,1.4748,20.9,0.9991,1.0046,1.0965,1.0847,1.6383,1.6346,20.97,107404001,1326011396474,-1.000,21.378,nan,nan,nan,steady,1.3890,0.5422,0.1308,16.0360,15.5187
107424001,1783507863.167,17.575,1.3813,0.5297,0.1392,1.4859,21.0,0.9976,1.0031,1.0949,1.0771,1.6272,1.6234,2.77,107424001,1326011427892,-1.000,3.301,nan,nan,nan,steady,1.4048,0.5528,0.1312,16.0296,15.5187
107448001,1783507863.187,17.594,1.3919,0.5370,0.1394,1.4984,21.1,0.9972,1.0026,1.0945,1.0738,1.6225,1.6187,2.84,107448001,1326011447211,-1.000,3.381,nan,nan,nan,steady,1.4216,0.5607,0.1316,16.0295,15.5187
107464001,1783507863.206,17.614,1.4039,0.5443,0.1397,1.5122,21.2,0.9958,1.0011,1.0930,1.0664,1.6116,1.6078,2.55,107464001,1326011467085,-1.000,2.991,nan,nan,nan,steady,1.4391,0.5682,0.1326,16.0231,15.5187
107488001,1783507863.229,17.636,1.4167,0.5518,0.1401,1.5268,21.3,0.9960,1.0014,1.0934,1.0609,1.6038,1.5998,5.17,107488001,1326011487078,-1.000,5.860,nan,nan,nan,steady,1.4557,0.5758,0.1336,16.0166,15.5548
107524001,1783507863.257,17.665,1.4298,0.5593,0.1407,1.5418,21.4,0.9958,1.0012,1.0934,1.0545,1.5945,1.5905,3.91,107524001,1326011516804,-1.000,4.570,nan,nan,nan,steady,1.4702,0.5828,0.1344,16.0114,15.5548
107548001,1783507863.270,17.678,1.4431,0.5669,0.1414,1.5569,21.4,0.9946,0.9999,1.0921,1.0490,1.5866,1.5826,3.15,107548001,1326011530649,-1.000,3.723,nan,nan,nan,steady,1.4838,0.5907,0.1359,16.0049,15.5548
107564001,1783507863.291,17.698,1.4564,0.5747,0.1423,1.5722,21.5,0.9947,0.9999,1.0924,1.0441,1.5796,1.5754,3.74,107564001,1326011550571,-1.000,4.311,nan,nan,nan,steady,1.4969,0.6002,0.1374,15.9985,15.5548
107584001,1783507863.312,17.719,1.4699,0.5827,0.1432,1.5876,21.6,0.9933,0.9985,1.0910,1.0364,1.5684,1.5642,4.24,107584001,1326011570709,-1.000,4.809,nan,nan,nan,steady,1.5110,0.6089,0.1388,15.9998,15.5044
107604001,1783507863.332,17.740,1.4833,0.5906,0.1442,1.6030,21.7,0.9925,0.9977,1.0902,1.0322,1.5624,1.5581,3.23,107604001,1326011592108,-1.000,3.974,nan,nan,nan,steady,1.5241,0.6167,0.1395,15.9934,15.5044
107624001,1783507863.369,17.777,1.4966,0.5985,0.1451,1.6184,21.8,0.9919,0.9970,1.0897,1.0277,1.5560,1.5516,21.69,107624001,1326011610956,-1.000,22.278,nan,nan,nan,steady,1.5373,0.6246,0.1397,15.9869,15.5044
107684001,1783507863.404,17.812,1.5108,0.6066,0.1458,1.6346,21.9,0.9911,0.9963,1.0890,1.0266,1.5547,1.5502,22.00,107684001,1326011645747,-1.000,22.621,nan,nan,nan,steady,1.5555,0.6342,0.1399,15.9882,15.4738
107704001,1783507863.436,17.844,1.5251,0.6145,0.1467,1.6508,21.9,0.9920,0.9971,1.0900,1.0173,1.5410,1.5365,21.92,107704001,1326011677492,-1.000,22.536,nan,nan,nan,steady,1.5697,0.6409,0.1407,15.9768,15.4738
107728001,1783507863.468,17.875,1.5396,0.6224,0.1477,1.6672,22.0,0.9897,0.9948,1.0876,1.0095,1.5296,1.5251,22.06,107728001,1326011708983,-1.000,22.578,nan,nan,nan,steady,1.5856,0.6486,0.1425,15.9781,15.4738
107744001,1783507863.499,17.907,1.5542,0.6299,0.1487,1.6836,22.1,0.9890,0.9940,1.0869,1.0055,1.5238,1.5192,22.27,107744001,1326011740639,-1.000,22.870,nan,nan,nan,steady,1.6007,0.6547,0.1435,15.9718,15.4738
107764001,1783507863.533,17.941,1.5688,0.6373,0.1495,1.6999,22.1,0.9870,0.9920,1.0847,0.9957,1.5094,1.5047,24.06,107764001,1326011772500,-1.000,24.625,nan,nan,nan,steady,1.6151,0.6616,0.1433,15.9668,15.4738
107788001,1783507863.567,17.975,1.5830,0.6445,0.1502,1.7158,22.2,0.9866,0.9916,1.0843,0.9938,1.5069,1.5022,24.33,107788001,1326011806345,-1.000,25.078,nan,nan,nan,steady,1.6276,0.6678,0.1428,15.9604,15.4637
107868001,1783507863.603,18.010,1.5981,0.6520,0.1506,1.7326,22.2,0.9861,0.9910,1.0837,0.9987,1.5146,1.5098,19.89,107868001,1326011846427,-1.000,20.569,nan,nan,nan,steady,1.6472,0.6768,0.1420,15.9618,15.4637
107888001,1783507863.633,18.041,1.6131,0.6600,0.1510,1.7495,22.3,0.9863,0.9912,1.0837,0.9798,1.4862,1.4814,20.10,107888001,1326011876312,-1.000,20.873,nan,nan,nan,steady,1.6621,0.6874,0.1418,15.9394,15.5305
107904001,1783507863.663,18.071,1.6281,0.6689,0.1515,1.7666,22.3,0.9853,0.9902,1.0825,0.9729,1.4760,1.4712,20.27,107904001,1326011906412,-1.000,20.864,nan,nan,nan,steady,1.6768,0.6999,0.1427,15.9409,15.5305
107924001,1783507863.695,18.102,1.6427,0.6785,0.1519,1.7838,22.4,0.9835,0.9884,1.0804,0.9662,1.4660,1.4613,21.89,107924001,1326011936443,-1.000,22.523,nan,nan,nan,steady,1.6902,0.7132,0.1428,15.9424,15.5305
107944001,1783507863.725,18.133,1.6568,0.6888,0.1521,1.8007,22.6,0.9826,0.9875,1.0792,0.9619,1.4597,1.4549,20.46,107944001,1326011968056,-1.000,20.993,nan,nan,nan,steady,1.7021,0.7268,0.1418,15.9361,15.5305
107968001,1783507863.757,18.164,1.6701,0.6999,0.1521,1.8172,22.7,0.9821,0.9870,1.0784,0.9554,1.4499,1.4451,22.18,107968001,1326011998157,-1.000,22.842,nan,nan,nan,steady,1.7112,0.7413,0.1407,15.9314,15.5305
107984001,1783507863.788,18.196,1.6829,0.7115,0.1519,1.8335,22.9,0.9818,0.9866,1.0776,0.9506,1.4428,1.4380,21.59,107984001,1326012030101,-1.000,22.200,nan,nan,nan,steady,1.7225,0.7559,0.1392,15.9329,15.4850
108028001,1783507863.821,18.229,1.6958,0.7235,0.1516,1.8499,23.1,0.9813,0.9861,1.0767,0.9434,1.4320,1.4272,22.81,108028001,1326012061761,-1.000,23.719,nan,nan,nan,steady,1.7360,0.7695,0.1384,15.9297,15.4850
108048001,1783507863.852,18.260,1.7087,0.7355,0.1512,1.8664,23.3,0.9814,0.9863,1.0765,0.9359,1.4207,1.4159,20.95,108048001,1326012094951,-1.000,21.509,nan,nan,nan,steady,1.7492,0.7817,0.1376,15.9251,15.4850
108064001,1783507863.883,18.290,1.7219,0.7472,0.1509,1.8831,23.5,0.9806,0.9854,1.0753,0.9316,1.4142,1.4094,20.21,108064001,1326012125793,-1.000,20.911,nan,nan,nan,steady,1.7640,0.7918,0.1376,15.9267,15.4850
108088001,1783507863.925,18.332,1.7349,0.7583,0.1505,1.8993,23.6,0.9815,0.9863,1.0759,0.9254,1.4050,1.4002,21.61,108088001,1326012166639,-1.000,22.300,nan,nan,nan,steady,1.7758,0.7996,0.1366,15.9221,15.5045
108108001,1783507863.955,18.362,1.7473,0.7687,0.1501,1.9148,23.7,0.9813,0.9861,1.0753,0.9232,1.4018,1.3970,20.02,108108001,1326012198215,-1.000,20.737,nan,nan,nan,steady,1.7861,0.8067,0.1358,15.9158,15.5045
108144001,1783507863.997,18.405,1.7594,0.7784,0.1496,1.9297,23.9,0.9815,0.9863,1.0752,0.9196,1.3965,1.3917,25.25,108144001,1326012235285,-1.000,25.994,nan,nan,nan,steady,1.7968,0.8134,0.1350,15.9129,15.5045
108168001,1783507864.027,18.435,1.7711,0.7876,0.1492,1.9440,24.0,0.9808,0.9856,1.0740,0.9147,1.3891,1.3843,19.98,108168001,1326012270580,-1.000,20.611,nan,nan,nan,steady,1.8068,0.8208,0.1352,15.9084,15.5045
108184001,1783507864.059,18.466,1.7824,0.7970,0.1489,1.9581,24.1,0.9802,0.9851,1.0730,0.9105,1.3827,1.3780,22.15,108184001,1326012300272,-1.000,22.699,nan,nan,nan,steady,1.8173,0.8307,0.1353,15.9101,15.5698
108208001,1783507864.093,18.501,1.7934,0.8065,0.1487,1.9721,24.2,0.9803,0.9851,1.0726,0.9057,1.3754,1.3707,23.55,108208001,1326012333137,-1.000,24.109,nan,nan,nan,steady,1.8275,0.8414,0.1352,15.9057,15.5698
108224001,1783507864.122,18.530,1.8047,0.8166,0.1486,1.9865,24.3,0.9817,0.9865,1.0737,0.9019,1.3697,1.3649,19.32,108224001,1326012366460,-1.000,19.948,nan,nan,nan,steady,1.8404,0.8543,0.1356,15.9074,15.5698
108244001,1783507864.157,18.564,1.8165,0.8272,0.1486,2.0015,24.5,0.9810,0.9859,1.0726,0.8945,1.3585,1.3538,24.90,108244001,1326012395423,-1.000,25.407,nan,nan,nan,steady,1.8543,0.8671,0.1359,15.9029,15.5698
108344001,1783507864.174,18.582,1.8300,0.8382,0.1487,2.0184,24.6,0.9814,0.9862,1.0724,0.8889,1.3499,1.3452,2.52,108344001,1326012435214,-1.000,2.974,nan,nan,nan,steady,1.8769,0.8809,0.1358,15.8935,15.5467
108364001,1783507864.207,18.614,1.8440,0.8496,0.1488,2.0357,24.7,0.9822,0.9870,1.0727,0.8826,1.3405,1.3358,20.15,108364001,1326012449902,-1.000,20.714,nan,nan,nan,steady,1.8918,0.8939,0.1362,15.8893,15.5467
108384001,1783507864.238,18.645,1.8580,0.8605,0.1489,2.0530,24.9,0.9829,0.9878,1.0730,0.8813,1.3384,1.3337,21.65,108384001,1326012479727,-1.000,22.221,nan,nan,nan,steady,1.9051,0.9029,0.1362,15.8911,15.4875
108404001,1783507864.268,18.676,1.8720,0.8709,0.1490,2.0701,24.9,0.9824,0.9873,1.0719,0.8744,1.3279,1.3233,20.78,108404001,1326012510872,-1.000,21.251,nan,nan,nan,steady,1.9197,0.9118,0.1362,15.8948,15.4875
108424001,1783507864.300,18.708,1.8863,0.8811,0.1492,2.0873,25.0,0.9832,0.9880,1.0722,0.8698,1.3209,1.3163,21.85,108424001,1326012542086,-1.000,22.235,nan,nan,nan,steady,1.9350,0.9210,0.1365,15.8827,15.4875
108444001,1783507864.334,18.741,1.9007,0.8907,0.1494,2.1043,25.1,0.9840,0.9889,1.0727,0.8635,1.3114,1.3068,24.32,108444001,1326012573146,-1.000,24.780,nan,nan,nan,steady,1.9503,0.9281,0.1367,15.8865,15.4875
108544001,1783507864.365,18.773,1.9178,0.9001,0.1494,2.1238,25.1,0.9855,0.9905,1.0738,0.8786,1.3343,1.3297,19.56,108544001,1326012608977,-1.000,20.037,nan,nan,nan,steady,1.9802,0.9371,0.1367,15.8884,15.4875
108564001,1783507864.392,18.799,1.9349,0.9101,0.1496,2.1435,25.2,0.9848,0.9898,1.0724,0.8504,1.2914,1.2869,17.35,108564001,1326012637923,-1.000,17.843,nan,nan,nan,steady,1.9976,0.9486,0.1369,15.8743,15.6174
108588001,1783507864.422,18.830,1.9520,0.9214,0.1499,2.1637,25.3,0.9855,0.9904,1.0726,0.8458,1.2844,1.2800,21.20,108588001,1326012664741,-1.000,21.674,nan,nan,nan,steady,2.0149,0.9661,0.1374,15.8703,15.6540
108608001,1783507864.453,18.861,1.9682,0.9341,0.1502,2.1837,25.4,0.9849,0.9899,1.0713,0.8386,1.2734,1.2690,21.39,108608001,1326012695341,-1.000,21.825,nan,nan,nan,steady,2.0274,0.9848,0.1376,15.8664,15.6540
108628001,1783507864.486,18.894,1.9835,0.9480,0.1505,2.2036,25.5,0.9856,0.9906,1.0713,0.8332,1.2649,1.2606,24.07,108628001,1326012725974,-1.000,24.479,nan,nan,nan,steady,2.0392,1.0050,0.1377,15.8625,15.6540
108648001,1783507864.516,18.923,1.9980,0.9632,0.1508,2.2232,25.7,0.9853,0.9902,1.0702,0.8261,1.2540,1.2498,19.70,108648001,1326012759385,-1.000,20.155,nan,nan,nan,steady,2.0505,1.0258,0.1380,15.8667,15.6540
108664001,1783507864.544,18.952,2.0118,0.9792,0.1510,2.2425,26.0,0.9844,0.9894,1.0685,0.8227,1.2487,1.2445,19.43,108664001,1326012788429,-1.000,19.828,nan,nan,nan,steady,2.0610,1.0455,0.1381,15.8688,15.6540
108724001,1783507864.578,18.985,2.0259,0.9948,0.1512,2.2620,26.2,0.9858,0.9909,1.0693,0.8239,1.2503,1.2461,24.08,108724001,1326012817120,-1.000,24.515,nan,nan,nan,steady,2.0766,1.0605,0.1378,15.8574,15.5098
108744001,1783507864.608,19.016,2.0398,1.0098,0.1513,2.2811,26.3,0.9869,0.9920,1.0697,0.8203,1.2446,1.2405,19.90,108744001,1326012851628,-1.000,20.401,nan,nan,nan,steady,2.0897,1.0733,0.1377,15.8537,15.5098
108764001,1783507864.641,19.049,2.0539,1.0238,0.1514,2.2999,26.5,0.9877,0.9928,1.0698,0.8166,1.2388,1.2348,24.05,108764001,1326012880948,-1.000,24.538,nan,nan,nan,steady,2.1046,1.0831,0.1376,15.8500,15.5098
108784001,1783507864.672,19.080,2.0677,1.0375,0.1515,2.3183,26.6,0.9880,0.9931,1.0694,0.8052,1.2215,1.2176,21.44,108784001,1326012914534,-1.000,21.922,nan,nan,nan,steady,2.1181,1.0943,0.1377,15.8464,15.6470
108804001,1783507864.701,19.109,2.0808,1.0507,0.1516,2.3360,26.8,0.9883,0.9934,1.0690,0.8007,1.2144,1.2105,19.33,108804001,1326012945316,-1.000,19.726,nan,nan,nan,steady,2.1289,1.1049,0.1376,15.8508,15.6470
108828001,1783507864.734,19.142,2.0934,1.0635,0.1517,2.3530,26.9,0.9892,0.9943,1.0693,0.8006,1.2141,1.2102,23.97,108828001,1326012973843,-1.000,24.502,nan,nan,nan,steady,2.1394,1.1160,0.1377,15.8450,15.6470
108924001,1783507864.770,19.178,2.1077,1.0753,0.1517,2.3710,27.0,0.9901,0.9953,1.0696,0.8005,1.2138,1.2100,21.25,108924001,1326013012610,-1.000,21.701,nan,nan,nan,steady,2.1616,1.1252,0.1378,15.8356,15.5450
108948001,1783507864.803,19.211,2.1217,1.0861,0.1518,2.3884,27.1,0.9910,0.9962,1.0699,0.7981,1.2101,1.2064,23.97,108948001,1326013043072,-1.000,24.370,nan,nan,nan,steady,2.1737,1.1320,0.1377,15.8322,15.5450
108964001,1783507864.835,19.243,2.1355,1.0958,0.1518,2.4050,27.2,0.9914,0.9967,1.0698,0.7956,1.2061,1.2024,22.11,108964001,1326013076560,-1.000,22.697,nan,nan,nan,steady,2.1868,1.1369,0.1378,15.8369,15.5450
108988001,1783507864.865,19.272,2.1492,1.1037,0.1518,2.4208,27.2,0.9907,0.9960,1.0685,0.8040,1.2188,1.2151,19.91,108988001,1326013108259,-1.000,20.521,nan,nan,nan,steady,2.1997,1.1385,0.1380,15.8254,15.4555
109004001,1783507864.899,19.307,2.1627,1.1097,0.1519,2.4355,27.2,0.9914,0.9967,1.0688,0.8019,1.2156,1.2119,24.93,109004001,1326013137937,-1.000,25.555,nan,nan,nan,steady,2.2125,1.1362,0.1382,15.8303,15.4555
109024001,1783507864.931,19.339,2.1761,1.1138,0.1519,2.4493,27.1,0.9917,0.9970,1.0687,0.7977,1.2093,1.2055,22.16,109024001,1326013172501,-1.000,22.612,nan,nan,nan,steady,2.2257,1.1321,0.1383,15.8188,15.4555
109104001,1783507864.966,19.374,2.1902,1.1164,0.1520,2.4631,27.0,0.9911,0.9964,1.0676,0.7851,1.1901,1.1864,19.43,109104001,1326013210544,-1.000,19.844,nan,nan,nan,steady,2.2446,1.1279,0.1383,15.8085,15.5026
109128001,1783507865.000,19.408,2.2045,1.1183,0.1521,2.4765,26.9,0.9930,0.9984,1.0693,0.7851,1.1901,1.1864,24.44,109128001,1326013239358,-1.000,24.925,nan,nan,nan,steady,2.2590,1.1267,0.1386,15.8111,15.5026
109148001,1783507865.014,19.421,2.2186,1.1195,0.1523,2.4898,26.8,0.9931,0.9984,1.0689,0.7825,1.1861,1.1825,3.89,109148001,1326013273163,-1.000,4.353,nan,nan,nan,steady,2.2732,1.1261,0.1387,15.8080,15.5026
109164001,1783507865.050,19.458,2.2325,1.1205,0.1524,2.5026,26.7,0.9928,0.9981,1.0683,0.7801,1.1823,1.1787,20.22,109164001,1326013293359,-1.000,20.752,nan,nan,nan,steady,2.2857,1.1262,0.1389,15.8049,15.5026
109188001,1783507865.081,19.489,2.2461,1.1208,0.1525,2.5149,26.5,0.9928,0.9981,1.0679,0.7881,1.1945,1.1909,21.48,109188001,1326013323135,-1.000,21.987,nan,nan,nan,steady,2.2983,1.1244,0.1392,15.8019,15.4291
109208001,1783507865.111,19.518,2.2598,1.1205,0.1527,2.5269,26.4,0.9944,0.9997,1.0693,0.7860,1.1913,1.1877,19.44,109208001,1326013355014,-1.000,19.981,nan,nan,nan,steady,2.3122,1.1218,0.1393,15.7989,15.4291
109308001,1783507865.147,19.555,2.2746,1.1205,0.1528,2.5402,26.2,0.9942,0.9995,1.0686,0.7681,1.1640,1.1605,21.51,109308001,1326013389193,-1.000,22.015,nan,nan,nan,steady,2.3340,1.1217,0.1391,15.7899,15.5738
109324001,1783507865.176,19.583,2.2888,1.1214,0.1529,2.5533,26.1,0.9943,0.9996,1.0682,0.7668,1.1618,1.1584,19.18,109324001,1326013420206,-1.000,19.645,nan,nan,nan,steady,2.3454,1.1266,0.1390,15.7870,15.5738
109348001,1783507865.206,19.614,2.3021,1.1234,0.1530,2.5661,26.0,0.9957,1.0010,1.0691,0.7666,1.1614,1.1580,21.04,109348001,1326013448637,-1.000,21.462,nan,nan,nan,steady,2.3549,1.1333,0.1388,15.7843,15.5738
109364001,1783507865.238,19.645,2.3144,1.1265,0.1530,2.5785,26.0,0.9959,1.0012,1.0686,0.7663,1.1607,1.1574,22.24,109364001,1326013479063,-1.000,22.790,nan,nan,nan,steady,2.3626,1.1419,0.1385,15.7815,15.5738
109384001,1783507865.267,19.674,2.3256,1.1312,0.1529,2.5906,25.9,0.9962,1.0016,1.0683,0.7653,1.1588,1.1555,19.37,109384001,1326013510795,-1.000,19.778,nan,nan,nan,steady,2.3699,1.1534,0.1383,15.7843,15.6143
109408001,1783507865.299,19.706,2.3364,1.1379,0.1529,2.6033,26.0,0.9971,1.0024,1.0685,0.7647,1.1577,1.1544,22.61,109408001,1326013539498,-1.000,23.136,nan,nan,nan,steady,2.3796,1.1699,0.1385,15.7760,15.6143
109488001,1783507865.331,19.738,2.3488,1.1468,0.1530,2.6182,26.0,0.9996,1.0050,1.0704,0.7708,1.1665,1.1634,19.62,109488001,1326013574670,-1.000,20.063,nan,nan,nan,steady,2.3993,1.1876,0.1386,15.7789,15.6143
109504001,1783507865.359,19.767,2.3611,1.1567,0.1530,2.6336,26.1,0.9997,1.0051,1.0697,0.7725,1.1688,1.1657,19.15,109504001,1326013603593,-1.000,19.522,nan,nan,nan,steady,2.4110,1.2039,0.1389,15.7684,15.5443
109524001,1783507865.390,19.798,2.3728,1.1673,0.1530,2.6488,26.2,1.0003,1.0058,1.0697,0.7744,1.1713,1.1682,21.57,109524001,1326013632080,-1.000,22.027,nan,nan,nan,steady,2.4204,1.2171,0.1391,15.7659,15.5443
109544001,1783507865.419,19.827,2.3838,1.1777,0.1531,2.6632,26.3,1.0005,1.0059,1.0692,0.7765,1.1743,1.1713,19.65,109544001,1326013663091,-1.000,20.111,nan,nan,nan,steady,2.4281,1.2267,0.1393,15.7688,15.5443
109568001,1783507865.451,19.858,2.3940,1.1877,0.1531,2.6768,26.4,1.0016,1.0071,1.0697,0.7666,1.1591,1.1562,22.04,109568001,1326013692060,-1.000,22.464,nan,nan,nan,steady,2.4354,1.2339,0.1394,15.7609,15.6073
109584001,1783507865.480,19.887,2.4030,1.1970,0.1532,2.6890,26.5,1.0009,1.0064,1.0685,0.7678,1.1607,1.1578,19.59,109584001,1326013723755,-1.000,20.122,nan,nan,nan,steady,2.4399,1.2394,0.1394,15.7639,15.6073
109608001,1783507865.509,19.917,2.4108,1.2052,0.1532,2.6996,26.6,1.0011,1.0066,1.0682,0.7692,1.1627,1.1598,19.53,109608001,1326013753085,-1.000,19.997,nan,nan,nan,steady,2.4422,1.2429,0.1392,15.7614,15.6073
109688001,1783507865.542,19.949,2.4189,1.2127,0.1531,2.7102,26.6,1.0028,1.0084,1.0694,0.7756,1.1722,1.1693,24.49,109688001,1326013780827,-1.000,24.940,nan,nan,nan,steady,2.4532,1.2484,0.1392,15.7413,15.5659
109704001,1783507865.571,19.978,2.4262,1.2194,0.1530,2.7197,26.7,1.0038,1.0094,1.0700,0.7746,1.1704,1.1676,19.52,109704001,1326013814610,-1.000,19.957,nan,nan,nan,steady,2.4563,1.2516,0.1392,15.7444,15.5659
109728001,1783507865.604,20.011,2.4326,1.2249,0.1529,2.7278,26.7,1.0043,1.0100,1.0701,0.7757,1.1719,1.1691,23.90,109728001,1326013843497,-1.000,24.363,nan,nan,nan,steady,2.4587,1.2522,0.1390,15.7475,15.5659
109748001,1783507865.633,20.040,2.4382,1.2295,0.1527,2.7349,26.8,1.0055,1.0112,1.0710,0.7771,1.1739,1.1711,19.52,109748001,1326013876763,-1.000,19.978,nan,nan,nan,steady,2.4613,1.2532,0.1390,15.7400,15.5659
109764001,1783507865.661,20.068,2.4431,1.2334,0.1526,2.7410,26.8,1.0058,1.0115,1.0709,0.7714,1.1652,1.1625,18.94,109764001,1326013905528,-1.000,19.321,nan,nan,nan,steady,2.4637,1.2533,0.1389,15.7347,15.6014
109784001,1783507865.694,20.102,2.4472,1.2364,0.1525,2.7461,26.8,1.0064,1.0122,1.0711,0.7693,1.1619,1.1592,23.94,109784001,1326013933756,-1.000,24.498,nan,nan,nan,steady,2.4646,1.2523,0.1385,15.7325,15.6014
109868001,1783507865.731,20.138,2.4518,1.2390,0.1523,2.7513,26.8,1.0069,1.0127,1.0712,0.7711,1.1646,1.1619,20.47,109868001,1326013973912,-1.000,21.035,nan,nan,nan,steady,2.4718,1.2542,0.1385,15.7295,15.5997
109888001,1783507865.760,20.167,2.4555,1.2414,0.1521,2.7557,26.8,1.0071,1.0129,1.0710,0.7710,1.1642,1.1616,19.78,109888001,1326014003742,-1.000,20.240,nan,nan,nan,steady,2.4715,1.2556,0.1384,15.7243,15.5997
109904001,1783507865.791,20.199,2.4584,1.2435,0.1519,2.7592,26.8,1.0069,1.0127,1.0704,0.7721,1.1658,1.1632,21.70,109904001,1326014032999,-1.000,22.144,nan,nan,nan,steady,2.4708,1.2561,0.1382,15.7223,15.5997
109928001,1783507865.822,20.229,2.4606,1.2450,0.1517,2.7618,26.8,1.0067,1.0125,1.0698,0.7698,1.1622,1.1596,21.05,109928001,1326014064128,-1.000,21.507,nan,nan,nan,steady,2.4696,1.2554,0.1378,15.7256,15.5997
109944001,1783507865.855,20.263,2.4631,1.2469,0.1515,2.7648,26.9,1.0088,1.0146,1.0717,0.7706,1.1633,1.1608,24.18,109944001,1326014094445,-1.000,24.663,nan,nan,nan,steady,2.4741,1.2596,0.1378,15.7151,15.5997
109964001,1783507865.875,20.282,2.4665,1.2494,0.1513,2.7690,26.9,1.0080,1.0139,1.0706,0.7720,1.1654,1.1629,10.23,109964001,1326014128087,-1.000,10.818,nan,nan,nan,steady,2.4820,1.2651,0.1382,15.7184,15.5997
110048001,1783507865.910,20.317,2.4714,1.2523,0.1512,2.7747,26.9,1.0085,1.0144,1.0708,0.7692,1.1611,1.1585,19.66,110048001,1326014153743,-1.000,20.204,nan,nan,nan,steady,2.4944,1.2695,0.1382,15.6991,15.6204
110064001,1783507865.950,20.357,2.4766,1.2555,0.1511,2.7807,26.9,1.0087,1.0147,1.0707,0.7687,1.1602,1.1577,20.28,110064001,1326014192864,-1.000,20.823,nan,nan,nan,steady,2.5001,1.2739,0.1381,15.6973,15.6204
110084001,1783507865.978,20.386,2.4820,1.2584,0.1509,2.7869,26.9,1.0088,1.0148,1.0705,0.7780,1.1743,1.1718,19.19,110084001,1326014222567,-1.000,19.602,nan,nan,nan,steady,2.5062,1.2760,0.1380,15.7007,15.5667
110104001,1783507866.011,20.418,2.4880,1.2614,0.1508,2.7936,26.9,1.0096,1.0155,1.0711,0.7788,1.1755,1.1729,23.61,110104001,1326014250965,-1.000,24.008,nan,nan,nan,steady,2.5149,1.2799,0.1383,15.6904,15.5667
110124001,1783507866.040,20.447,2.4943,1.2643,0.1507,2.8005,26.9,1.0098,1.0158,1.0710,0.7806,1.1783,1.1757,19.21,110124001,1326014284153,-1.000,19.692,nan,nan,nan,steady,2.5227,1.2822,0.1382,15.6938,15.5667
110148001,1783507866.069,20.476,2.4997,1.2666,0.1506,2.8063,26.9,1.0083,1.0143,1.0693,0.7920,1.1954,1.1928,19.86,110148001,1326014312637,-1.000,20.237,nan,nan,nan,steady,2.5248,1.2819,0.1382,15.6736,15.5667
110268001,1783507866.103,20.511,2.5064,1.2685,0.1506,2.8131,26.8,1.0096,1.0156,1.0703,0.7791,1.1758,1.1733,24.11,110268001,1326014342936,-1.000,24.553,nan,nan,nan,steady,2.5370,1.2814,0.1383,15.6685,15.5874
110288001,1783507866.132,20.540,2.5128,1.2705,0.1507,2.8197,26.8,1.0088,1.0148,1.0692,0.7751,1.1698,1.1673,19.46,110288001,1326014376387,-1.000,19.949,nan,nan,nan,steady,2.5418,1.2834,0.1386,15.6720,15.6283
110304001,1783507866.163,20.571,2.5191,1.2728,0.1509,2.8264,26.8,1.0101,1.0161,1.0704,0.7769,1.1724,1.1699,21.52,110304001,1326014405213,-1.000,21.927,nan,nan,nan,steady,2.5479,1.2876,0.1388,15.6619,15.6283
110328001,1783507866.197,20.604,2.5254,1.2757,0.1511,2.8333,26.8,1.0092,1.0152,1.0692,0.7787,1.1751,1.1726,24.17,110328001,1326014436055,-1.000,24.686,nan,nan,nan,steady,2.5545,1.2928,0.1391,15.6654,15.6283
110348001,1783507866.225,20.633,2.5316,1.2790,0.1513,2.8404,26.8,1.0100,1.0161,1.0699,0.7807,1.1780,1.1755,19.11,110348001,1326014469530,-1.000,19.553,nan,nan,nan,steady,2.5607,1.2982,0.1394,15.6553,15.6283
110364001,1783507866.254,20.662,2.5381,1.2829,0.1515,2.8480,26.8,1.0115,1.0176,1.0713,0.7820,1.1799,1.1774,19.78,110364001,1326014498026,-1.000,20.158,nan,nan,nan,steady,2.5686,1.3046,0.1397,15.6502,15.6283
110444001,1783507866.289,20.697,2.5454,1.2867,0.1517,2.8562,26.8,1.0102,1.0164,1.0696,0.7867,1.1868,1.1844,21.17,110444001,1326014531497,-1.000,21.710,nan,nan,nan,steady,2.5790,1.3086,0.1394,15.6474,15.5947
110468001,1783507866.321,20.729,2.5525,1.2908,0.1518,2.8643,26.8,1.0103,1.0165,1.0694,0.7872,1.1873,1.1849,19.43,110468001,1326014565153,-1.000,19.950,nan,nan,nan,steady,2.5848,1.3135,0.1392,15.6424,15.5947
110484001,1783507866.352,20.760,2.5596,1.2960,0.1520,2.8730,26.9,1.0105,1.0167,1.0693,0.7820,1.1794,1.1770,21.87,110484001,1326014594090,-1.000,22.391,nan,nan,nan,steady,2.5926,1.3231,0.1395,15.6323,15.6855
110508001,1783507866.381,20.789,2.5666,1.3022,0.1522,2.8821,26.9,1.0114,1.0176,1.0699,0.7850,1.1838,1.1814,19.58,110508001,1326014625397,-1.000,20.009,nan,nan,nan,steady,2.5999,1.3339,0.1396,15.6360,15.6855
110528001,1783507866.411,20.818,2.5737,1.3095,0.1523,2.8917,27.0,1.0119,1.0181,1.0700,0.7877,1.1876,1.1853,19.82,110528001,1326014654343,-1.000,20.233,nan,nan,nan,steady,2.6076,1.3462,0.1398,15.6310,15.6855
110548001,1783507866.442,20.849,2.5807,1.3177,0.1525,2.9017,27.0,1.0116,1.0179,1.0693,0.7900,1.1909,1.1886,21.77,110548001,1326014683556,-1.000,22.290,nan,nan,nan,steady,2.6140,1.3582,0.1399,15.6260,15.6855
110628001,1783507866.478,20.885,2.5882,1.3258,0.1526,2.9120,27.1,1.0121,1.0184,1.0695,0.8076,1.2171,1.2149,19.87,110628001,1326014721226,-1.000,20.305,nan,nan,nan,steady,2.6235,1.3664,0.1399,15.6185,15.5792
110648001,1783507866.508,20.916,2.5951,1.3332,0.1527,2.9215,27.2,1.0126,1.0190,1.0695,0.8064,1.2152,1.2130,21.55,110648001,1326014750341,-1.000,22.007,nan,nan,nan,steady,2.6273,1.3713,0.1398,15.6135,15.5792
110668001,1783507866.537,20.945,2.6017,1.3401,0.1528,2.9305,27.3,1.0129,1.0192,1.0694,0.8076,1.2168,1.2146,19.56,110668001,1326014781276,-1.000,19.998,nan,nan,nan,steady,2.6324,1.3760,0.1400,15.6085,15.5792
110688001,1783507866.568,20.976,2.6077,1.3460,0.1528,2.9386,27.3,1.0123,1.0187,1.0685,0.8129,1.2244,1.2223,21.59,110688001,1326014810149,-1.000,22.019,nan,nan,nan,steady,2.6361,1.3775,0.1400,15.6123,15.5614
110704001,1783507866.599,21.007,2.6128,1.3505,0.1529,2.9452,27.3,1.0112,1.0176,1.0669,0.8117,1.2226,1.2205,21.50,110704001,1326014841088,-1.000,21.961,nan,nan,nan,steady,2.6371,1.3755,0.1399,15.6073,15.5614
110728001,1783507866.628,21.036,2.6174,1.3537,0.1530,2.9507,27.3,1.0122,1.0186,1.0677,0.8114,1.2220,1.2199,19.96,110728001,1326014871874,-1.000,20.368,nan,nan,nan,steady,2.6397,1.3729,0.1400,15.6024,15.5614
110804001,1783507866.663,21.070,2.6227,1.3559,0.1531,2.9564,27.3,1.0129,1.0194,1.0681,0.8057,1.2132,1.2111,20.64,110804001,1326014905723,-1.000,21.165,nan,nan,nan,steady,2.6483,1.3709,0.1401,15.6062,15.5899
110828001,1783507866.692,21.099,2.6274,1.3573,0.1532,2.9612,27.3,1.0120,1.0184,1.0668,0.8102,1.2198,1.2178,19.69,110828001,1326014935659,-1.000,20.131,nan,nan,nan,steady,2.6507,1.3681,0.1401,15.5952,15.5899
110848001,1783507866.703,21.111,2.6317,1.3578,0.1533,2.9653,27.3,1.0117,1.0182,1.0662,0.8099,1.2192,1.2172,2.25,110848001,1326014964683,-1.000,2.675,nan,nan,nan,steady,2.6530,1.3653,0.1401,15.5903,15.5899
110864001,1783507866.743,21.151,2.6355,1.3578,0.1535,2.9687,27.3,1.0126,1.0191,1.0668,0.8101,1.2193,1.2174,22.07,110864001,1326014984865,-1.000,22.596,nan,nan,nan,steady,2.6551,1.3633,0.1401,15.5854,15.5899
110884001,1783507866.773,21.180,2.6392,1.3574,0.1536,2.9717,27.2,1.0135,1.0200,1.0674,0.8162,1.2283,1.2264,19.92,110884001,1326015016373,-1.000,20.470,nan,nan,nan,steady,2.6582,1.3611,0.1401,15.5805,15.5461
110908001,1783507866.804,21.211,2.6424,1.3564,0.1537,2.9741,27.2,1.0125,1.0190,1.0660,0.8176,1.2302,1.2283,21.62,110908001,1326015045774,-1.000,22.023,nan,nan,nan,steady,2.6592,1.3582,0.1402,15.5844,15.5461
111004001,1783507866.841,21.249,2.6457,1.3550,0.1538,2.9765,27.1,1.0121,1.0186,1.0653,0.8177,1.2302,1.2284,19.44,111004001,1326015085534,-1.000,19.938,nan,nan,nan,steady,2.6635,1.3552,0.1405,15.5736,15.5575
111028001,1783507866.869,21.276,2.6484,1.3533,0.1541,2.9781,27.1,1.0122,1.0188,1.0652,0.8166,1.2282,1.2264,17.64,111028001,1326015114472,-1.000,18.048,nan,nan,nan,steady,2.6627,1.3519,0.1406,15.5736,15.5575
111044001,1783507866.910,21.318,2.6505,1.3514,0.1543,2.9791,27.0,1.0132,1.0197,1.0660,0.8167,1.2282,1.2264,32.12,111044001,1326015141463,-1.000,32.575,nan,nan,nan,steady,2.6627,1.3491,0.1408,15.5687,15.5575
111068001,1783507866.941,21.349,2.6518,1.3492,0.1544,2.9793,27.0,1.0123,1.0188,1.0648,0.8131,1.2226,1.2209,21.64,111068001,1326015182992,-1.000,22.066,nan,nan,nan,steady,2.6601,1.3454,0.1405,15.5639,15.5575
111088001,1783507866.980,21.388,2.6527,1.3467,0.1545,2.9790,26.9,1.0124,1.0190,1.0648,0.8225,1.2365,1.2349,23.18,111088001,1326015220437,-1.000,23.673,nan,nan,nan,steady,2.6594,1.3423,0.1406,15.5639,15.4887
111104001,1783507867.009,21.417,2.6536,1.3441,0.1546,2.9786,26.9,1.0143,1.0209,1.0665,0.8235,1.2379,1.2363,19.76,111104001,1326015253173,-1.000,20.230,nan,nan,nan,steady,2.6606,1.3397,0.1404,15.5591,15.4887
111184001,1783507867.038,21.446,2.6551,1.3413,0.1546,2.9787,26.8,1.0138,1.0203,1.0657,0.8272,1.2432,1.2416,19.59,111184001,1326015282186,-1.000,19.984,nan,nan,nan,steady,2.6648,1.3369,0.1403,15.5581,15.4638
111208001,1783507867.082,21.490,2.6566,1.3384,0.1546,2.9787,26.7,1.0131,1.0197,1.0648,0.8270,1.2428,1.2412,33.22,111208001,1326015312596,-1.000,33.654,nan,nan,nan,steady,2.6657,1.3333,0.1404,15.5533,15.4638
111228001,1783507867.111,21.519,2.6583,1.3355,0.1546,2.9789,26.7,1.0154,1.0219,1.0670,0.8272,1.2430,1.2414,19.63,111228001,1326015355215,-1.000,20.057,nan,nan,nan,steady,2.6688,1.3301,0.1404,15.5533,15.4638
111244001,1783507867.151,21.558,2.6604,1.3325,0.1546,2.9795,26.6,1.0152,1.0217,1.0665,0.8250,1.2395,1.2380,29.32,111244001,1326015384369,-1.000,30.572,nan,nan,nan,steady,2.6727,1.3273,0.1405,15.5485,15.4638
111264001,1783507867.181,21.589,2.6628,1.3297,0.1547,2.9804,26.5,1.0150,1.0216,1.0662,0.8246,1.2387,1.2373,20.98,111264001,1326015423899,-1.000,21.409,nan,nan,nan,steady,2.6765,1.3247,0.1407,15.5485,15.4638
111288001,1783507867.212,21.620,2.6651,1.3260,0.1546,2.9807,26.5,1.0154,1.0219,1.0664,0.8375,1.2580,1.2566,20.39,111288001,1326015455325,-1.000,20.817,nan,nan,nan,steady,2.6772,1.3181,0.1404,15.5437,15.3896
111368001,1783507867.245,21.653,2.6674,1.3224,0.1545,2.9812,26.4,1.0160,1.0225,1.0667,0.8223,1.2350,1.2336,21.38,111368001,1326015487431,-1.000,21.890,nan,nan,nan,steady,2.6803,1.3139,0.1401,15.5437,15.4534
111388001,1783507867.274,21.682,2.6702,1.3193,0.1545,2.9823,26.3,1.0175,1.0241,1.0680,0.8268,1.2415,1.2401,19.61,111388001,1326015518191,-1.000,20.024,nan,nan,nan,steady,2.6855,1.3135,0.1403,15.5477,15.4534
111408001,1783507867.304,21.711,2.6732,1.3165,0.1545,2.9838,26.2,1.0179,1.0245,1.0681,0.8258,1.2398,1.2385,20.01,111408001,1326015547177,-1.000,20.520,nan,nan,nan,steady,2.6893,1.3120,0.1402,15.5429,15.4534
111428001,1783507867.334,21.741,2.6766,1.3141,0.1544,2.9858,26.1,1.0185,1.0251,1.0685,0.8265,1.2407,1.2394,19.57,111428001,1326015577656,-1.000,19.991,nan,nan,nan,steady,2.6950,1.3115,0.1403,15.5429,15.4534
111448001,1783507867.363,21.770,2.6804,1.3119,0.1544,2.9882,26.1,1.0175,1.0241,1.0672,0.8264,1.2405,1.2392,19.84,111448001,1326015606622,-1.000,20.275,nan,nan,nan,steady,2.7001,1.3104,0.1406,15.5429,15.4534
111468001,1783507867.394,21.802,2.6839,1.3097,0.1544,2.9905,26.0,1.0183,1.0249,1.0677,0.8273,1.2416,1.2404,22.04,111468001,1326015635819,-1.000,22.559,nan,nan,nan,steady,2.7027,1.3075,0.1405,15.5381,15.4534
111548001,1783507867.431,21.838,2.6878,1.3083,0.1546,2.9933,26.0,1.0196,1.0261,1.0688,0.8171,1.2261,1.2250,19.62,111548001,1326015674927,-1.000,20.071,nan,nan,nan,steady,2.7088,1.3086,0.1408,15.5381,15.5499
111568001,1783507867.464,21.871,2.6913,1.3075,0.1547,2.9961,25.9,1.0184,1.0250,1.0673,0.8167,1.2253,1.2242,23.30,111568001,1326015703760,-1.000,23.760,nan,nan,nan,steady,2.7103,1.3100,0.1408,15.5333,15.5499
111588001,1783507867.492,21.899,2.6944,1.3069,0.1547,2.9986,25.9,1.0196,1.0262,1.0683,0.8266,1.2399,1.2388,19.09,111588001,1326015736406,-1.000,19.573,nan,nan,nan,steady,2.7116,1.3107,0.1406,15.5333,15.4729
111604001,1783507867.521,21.928,2.6975,1.3066,0.1548,3.0013,25.8,1.0202,1.0268,1.0687,0.8303,1.2452,1.2442,19.63,111604001,1326015764767,-1.000,20.022,nan,nan,nan,steady,2.7145,1.3122,0.1408,15.5333,15.4729
111624001,1783507867.539,21.947,2.7003,1.3066,0.1549,3.0038,25.8,1.0192,1.0258,1.0673,0.8290,1.2431,1.2421,8.66,111624001,1326015793854,-1.000,9.336,nan,nan,nan,steady,2.7165,1.3134,0.1410,15.5245,15.4729
111648001,1783507867.572,21.979,2.7028,1.3067,0.1550,3.0061,25.8,1.0195,1.0261,1.0674,0.8298,1.2441,1.2432,21.02,111648001,1326015813878,-1.000,21.663,nan,nan,nan,steady,2.7173,1.3141,0.1410,15.5245,15.4729
111744001,1783507867.610,22.017,2.7049,1.3076,0.1552,3.0084,25.8,1.0199,1.0265,1.0676,0.8240,1.2352,1.2343,22.18,111744001,1326015851114,-1.000,22.707,nan,nan,nan,steady,2.7183,1.3178,0.1410,15.5245,15.5530
111764001,1783507867.641,22.049,2.7066,1.3094,0.1554,3.0107,25.8,1.0197,1.0263,1.0671,0.8254,1.2371,1.2362,21.52,111764001,1326015882865,-1.000,22.181,nan,nan,nan,steady,2.7183,1.3231,0.1410,15.5245,15.5530
111788001,1783507867.672,22.079,2.7078,1.3129,0.1555,3.0133,25.9,1.0199,1.0265,1.0669,0.8219,1.2316,1.2308,21.35,111788001,1326015913922,-1.000,21.818,nan,nan,nan,steady,2.7180,1.3328,0.1409,15.5245,15.6822
111804001,1783507867.706,22.114,2.7086,1.3183,0.1557,3.0165,26.0,1.0207,1.0273,1.0673,0.8244,1.2349,1.2342,24.94,111804001,1326015944819,-1.000,25.394,nan,nan,nan,steady,2.7178,1.3470,0.1409,15.5245,15.6822
111824001,1783507867.737,22.144,2.7088,1.3256,0.1558,3.0198,26.1,1.0200,1.0266,1.0661,0.8287,1.2410,1.2403,21.26,111824001,1326015979137,-1.000,21.734,nan,nan,nan,steady,2.7152,1.3622,0.1407,15.5245,15.6822
111848001,1783507867.768,22.175,2.7087,1.3348,0.1560,3.0238,26.2,1.0204,1.0271,1.0661,0.8288,1.2407,1.2401,21.25,111848001,1326016009925,-1.000,21.764,nan,nan,nan,steady,2.7136,1.3802,0.1408,15.5205,15.6822
111948001,1783507867.804,22.211,2.7083,1.3446,0.1560,3.0277,26.4,1.0211,1.0278,1.0663,0.8489,1.2704,1.2699,19.93,111948001,1326016047287,-1.000,20.438,nan,nan,nan,steady,2.7106,1.3947,0.1408,15.5254,15.4930
111968001,1783507867.833,22.240,2.7073,1.3544,0.1561,3.0312,26.6,1.0212,1.0279,1.0660,0.8496,1.2711,1.2707,19.74,111968001,1326016076569,-1.000,20.169,nan,nan,nan,steady,2.7072,1.4045,0.1408,15.5166,15.4930
111984001,1783507867.865,22.272,2.7060,1.3630,0.1561,3.0339,26.7,1.0218,1.0286,1.0664,0.8595,1.2856,1.2853,22.44,111984001,1326016105917,-1.000,22.919,nan,nan,nan,steady,2.7040,1.4082,0.1409,15.5166,15.4443
112004001,1783507867.895,22.303,2.7042,1.3700,0.1561,3.0354,26.9,1.0225,1.0294,1.0668,0.8593,1.2853,1.2850,21.22,112004001,1326016137737,-1.000,21.632,nan,nan,nan,steady,2.6993,1.4074,0.1409,15.5214,15.4443
112028001,1783507867.929,22.337,2.7019,1.3751,0.1561,3.0358,27.0,1.0232,1.0300,1.0673,0.8595,1.2854,1.2851,24.77,112028001,1326016168256,-1.000,25.182,nan,nan,nan,steady,2.6956,1.4045,0.1409,15.5214,15.4443
112048001,1783507867.960,22.367,2.6995,1.3784,0.1561,3.0351,27.1,1.0233,1.0301,1.0672,0.8559,1.2799,1.2796,21.01,112048001,1326016202338,-1.000,21.438,nan,nan,nan,steady,2.6921,1.3993,0.1408,15.5175,15.4443
112128001,1783507867.994,22.402,2.6968,1.3810,0.1562,3.0339,27.1,1.0233,1.0302,1.0672,0.8454,1.2642,1.2639,20.49,112128001,1326016237224,-1.000,21.043,nan,nan,nan,steady,2.6897,1.3984,0.1411,15.5175,15.5447
112148001,1783507868.024,22.431,2.6944,1.3833,0.1563,3.0328,27.2,1.0235,1.0304,1.0672,0.8396,1.2554,1.2551,19.71,112148001,1326016267380,-1.000,20.214,nan,nan,nan,steady,2.6886,1.3989,0.1410,15.5184,15.5447
112164001,1783507868.054,22.461,2.6922,1.3853,0.1564,3.0318,27.2,1.0251,1.0320,1.0686,0.8406,1.2567,1.2565,20.84,112164001,1326016296636,-1.000,21.351,nan,nan,nan,steady,2.6869,1.4006,0.1406,15.5233,15.5447
112184001,1783507868.085,22.493,2.6903,1.3873,0.1563,3.0310,27.3,1.0249,1.0319,1.0681,0.8485,1.2685,1.2683,21.95,112184001,1326016326961,-1.000,22.381,nan,nan,nan,steady,2.6861,1.4029,0.1404,15.5233,15.5017
112204001,1783507868.117,22.525,2.6890,1.3893,0.1563,3.0307,27.3,1.0259,1.0329,1.0689,0.8500,1.2706,1.2704,21.06,112204001,1326016359454,-1.000,21.589,nan,nan,nan,steady,2.6871,1.4054,0.1404,15.5281,15.5017
112228001,1783507868.146,22.553,2.6881,1.3915,0.1563,3.0310,27.4,1.0257,1.0327,1.0684,0.8502,1.2706,1.2705,19.39,112228001,1326016389944,-1.000,19.813,nan,nan,nan,steady,2.6888,1.4086,0.1406,15.5194,15.5017
112308001,1783507868.185,22.592,2.6873,1.3939,0.1564,3.0313,27.4,1.0269,1.0339,1.0694,0.8501,1.2703,1.2702,21.83,112308001,1326016426328,-1.000,22.335,nan,nan,nan,steady,2.6875,1.4120,0.1407,15.5252,15.5183
112324001,1783507868.215,22.623,2.6867,1.3962,0.1564,3.0318,27.5,1.0266,1.0336,1.0688,0.8511,1.2718,1.2717,21.47,112324001,1326016457445,-1.000,21.846,nan,nan,nan,steady,2.6877,1.4138,0.1407,15.5301,15.5183
112348001,1783507868.249,22.656,2.6860,1.3986,0.1565,3.0323,27.5,1.0265,1.0336,1.0685,0.8505,1.2706,1.2706,24.08,112348001,1326016488104,-1.000,24.507,nan,nan,nan,steady,2.6867,1.4159,0.1406,15.5262,15.5183
112368001,1783507868.279,22.686,2.6853,1.4009,0.1566,3.0328,27.6,1.0266,1.0337,1.0683,0.8525,1.2735,1.2735,20.98,112368001,1326016521479,-1.000,21.436,nan,nan,nan,steady,2.6860,1.4181,0.1408,15.5262,15.5183
112388001,1783507868.307,22.715,2.6850,1.4035,0.1568,3.0337,27.6,1.0273,1.0344,1.0689,0.8539,1.2755,1.2755,19.22,112388001,1326016551724,-1.000,19.570,nan,nan,nan,steady,2.6877,1.4224,0.1412,15.5224,15.5108
112404001,1783507868.341,22.749,2.6848,1.4061,0.1569,3.0348,27.6,1.0283,1.0354,1.0697,0.8535,1.2747,1.2747,24.95,112404001,1326016580068,-1.000,25.348,nan,nan,nan,steady,2.6878,1.4253,0.1413,15.5273,15.5108
112508001,1783507868.377,22.785,2.6841,1.4083,0.1570,3.0352,27.7,1.0282,1.0353,1.0695,0.8750,1.3067,1.3068,19.95,112508001,1326016620989,-1.000,20.400,nan,nan,nan,steady,2.6838,1.4266,0.1414,15.5295,15.3959
112528001,1783507868.389,22.797,2.6835,1.4096,0.1570,3.0352,27.7,1.0282,1.0353,1.0694,0.8732,1.3039,1.3040,2.35,112528001,1326016650392,-1.000,2.804,nan,nan,nan,steady,2.6833,1.4238,0.1416,15.5345,15.3959
112548001,1783507868.428,22.835,2.6827,1.4097,0.1571,3.0346,27.7,1.0285,1.0355,1.0696,0.8707,1.3001,1.3002,20.49,112548001,1326016670475,-1.000,21.196,nan,nan,nan,steady,2.6824,1.4182,0.1416,15.5307,15.3959
112564001,1783507868.461,22.869,2.6820,1.4085,0.1571,3.0334,27.7,1.0288,1.0359,1.0700,0.8702,1.2993,1.2994,23.36,112564001,1326016701594,-1.000,23.872,nan,nan,nan,steady,2.6816,1.4111,0.1416,15.5357,15.3959
112588001,1783507868.491,22.898,2.6811,1.4057,0.1571,3.0314,27.7,1.0279,1.0350,1.0691,0.8696,1.2986,1.2986,20.14,112588001,1326016734377,-1.000,20.617,nan,nan,nan,steady,2.6794,1.4017,0.1416,15.5319,15.3784
112608001,1783507868.520,22.927,2.6802,1.4019,0.1571,3.0287,27.6,1.0296,1.0367,1.0709,0.8670,1.2947,1.2948,19.52,112608001,1326016763914,-1.000,20.054,nan,nan,nan,steady,2.6787,1.3929,0.1416,15.5369,15.3784
112684001,1783507868.553,22.961,2.6781,1.3972,0.1571,3.0248,27.6,1.0296,1.0366,1.0709,0.8646,1.2910,1.2911,20.56,112684001,1326016796096,-1.000,20.991,nan,nan,nan,steady,2.6718,1.3849,0.1414,15.5332,15.4031
112708001,1783507868.584,22.992,2.6762,1.3925,0.1572,3.0209,27.5,1.0299,1.0369,1.0713,0.8577,1.2808,1.2809,21.94,112708001,1326016825905,-1.000,22.412,nan,nan,nan,steady,2.6703,1.3798,0.1415,15.5407,15.4031
112728001,1783507868.617,23.024,2.6745,1.3879,0.1572,3.0173,27.4,1.0296,1.0366,1.0709,0.8556,1.2776,1.2777,23.12,112728001,1326016857226,-1.000,23.567,nan,nan,nan,steady,2.6698,1.3765,0.1414,15.5370,15.4031
112748001,1783507868.647,23.054,2.6733,1.3840,0.1572,3.0144,27.4,1.0305,1.0375,1.0719,0.8543,1.2756,1.2757,19.63,112748001,1326016890675,-1.000,20.053,nan,nan,nan,steady,2.6710,1.3759,0.1416,15.5421,15.4031
112764001,1783507868.678,23.085,2.6725,1.3809,0.1572,3.0123,27.3,1.0306,1.0375,1.0720,0.8534,1.2741,1.2743,21.53,112764001,1326016919623,-1.000,22.020,nan,nan,nan,steady,2.6723,1.3764,0.1417,15.5384,15.4031
112788001,1783507868.707,23.114,2.6718,1.3786,0.1573,3.0106,27.3,1.0297,1.0366,1.0712,0.8427,1.2582,1.2583,19.75,112788001,1326016950428,-1.000,20.174,nan,nan,nan,steady,2.6717,1.3768,0.1416,15.5434,15.4725
112864001,1783507868.744,23.151,2.6698,1.3772,0.1573,3.0082,27.3,1.0307,1.0376,1.0722,0.8476,1.2655,1.2657,23.55,112864001,1326016983803,-1.000,23.984,nan,nan,nan,steady,2.6641,1.3792,0.1415,15.5448,15.4725
112884001,1783507868.774,23.182,2.6675,1.3763,0.1572,3.0057,27.3,1.0306,1.0375,1.0721,0.8471,1.2646,1.2648,21.11,112884001,1326017016802,-1.000,21.535,nan,nan,nan,steady,2.6598,1.3809,0.1413,15.5528,15.4345
112908001,1783507868.804,23.212,2.6649,1.3762,0.1572,3.0033,27.3,1.0322,1.0391,1.0736,0.8474,1.2650,1.2652,20.91,112908001,1326017047176,-1.000,21.302,nan,nan,nan,steady,2.6558,1.3838,0.1409,15.5492,15.4345
112928001,1783507868.835,23.242,2.6623,1.3769,0.1570,3.0014,27.3,1.0315,1.0384,1.0728,0.8463,1.2633,1.2635,20.94,112928001,1326017077445,-1.000,21.475,nan,nan,nan,steady,2.6537,1.3887,0.1408,15.5594,15.4345
112948001,1783507868.864,23.272,2.6604,1.3785,0.1569,3.0004,27.4,1.0317,1.0385,1.0729,0.8467,1.2638,1.2640,19.64,112948001,1326017107884,-1.000,20.159,nan,nan,nan,steady,2.6549,1.3945,0.1410,15.5558,15.4345
112968001,1783507868.895,23.303,2.6590,1.3809,0.1568,3.0002,27.4,1.0319,1.0388,1.0732,0.8464,1.2634,1.2636,21.80,112968001,1326017136978,-1.000,22.258,nan,nan,nan,steady,2.6554,1.4000,0.1411,15.5574,15.4345
112984001,1783507868.926,23.333,2.6575,1.3835,0.1567,3.0001,27.5,1.0317,1.0385,1.0728,0.8465,1.2633,1.2636,21.15,112984001,1326017168222,-1.000,21.680,nan,nan,nan,steady,2.6536,1.4032,0.1409,15.5625,15.4448
113064001,1783507868.955,23.362,2.6555,1.3865,0.1567,2.9997,27.6,1.0322,1.0391,1.0733,0.8473,1.2646,1.2648,19.55,113064001,1326017198916,-1.000,19.984,nan,nan,nan,steady,2.6486,1.4079,0.1411,15.5673,15.4448
113088001,1783507868.996,23.404,2.6536,1.3899,0.1567,2.9996,27.6,1.0328,1.0397,1.0740,0.8396,1.2530,1.2533,24.83,113088001,1326017234557,-1.000,25.434,nan,nan,nan,steady,2.6477,1.4120,0.1412,15.5690,15.4867
113104001,1783507869.025,23.432,2.6515,1.3934,0.1567,2.9994,27.7,1.0318,1.0387,1.0728,0.8391,1.2522,1.2525,19.46,113104001,1326017268887,-1.000,19.885,nan,nan,nan,steady,2.6449,1.4159,0.1409,15.5656,15.4867
113124001,1783507869.056,23.463,2.6497,1.3974,0.1567,2.9997,27.8,1.0314,1.0383,1.0723,0.8405,1.2543,1.2546,21.99,113124001,1326017297586,-1.000,22.395,nan,nan,nan,steady,2.6443,1.4221,0.1409,15.5759,15.4867
113148001,1783507869.085,23.493,2.6480,1.4020,0.1567,3.0003,27.9,1.0319,1.0388,1.0727,0.8417,1.2561,1.2564,19.96,113148001,1326017329018,-1.000,20.415,nan,nan,nan,steady,2.6434,1.4298,0.1411,15.5725,15.4867
113164001,1783507869.114,23.522,2.6467,1.4072,0.1567,3.0016,28.0,1.0333,1.0401,1.0741,0.8422,1.2567,1.2570,19.45,113164001,1326017358203,-1.000,19.830,nan,nan,nan,steady,2.6438,1.4379,0.1412,15.5743,15.4867
113248001,1783507869.146,23.553,2.6446,1.4128,0.1567,3.0024,28.1,1.0335,1.0403,1.0742,0.8527,1.2723,1.2726,22.39,113248001,1326017386941,-1.000,22.863,nan,nan,nan,steady,2.6372,1.4454,0.1413,15.5798,15.4347
113264001,1783507869.175,23.583,2.6426,1.4183,0.1566,3.0032,28.2,1.0329,1.0398,1.0736,0.8522,1.2716,1.2719,18.93,113264001,1326017419726,-1.000,19.429,nan,nan,nan,steady,2.6357,1.4507,0.1412,15.5817,15.4347
113288001,1783507869.204,23.611,2.6406,1.4234,0.1566,3.0039,28.3,1.0334,1.0403,1.0740,0.8593,1.2821,1.2824,19.22,113288001,1326017447971,-1.000,19.687,nan,nan,nan,steady,2.6336,1.4545,0.1412,15.5837,15.3999
113304001,1783507869.224,23.631,2.6385,1.4278,0.1565,3.0041,28.4,1.0324,1.0392,1.0729,0.8607,1.2841,1.2845,10.69,113304001,1326017476518,-1.000,11.375,nan,nan,nan,steady,2.6305,1.4551,0.1411,15.5889,15.3999
113324001,1783507869.248,23.655,2.6358,1.4312,0.1564,3.0033,28.5,1.0329,1.0398,1.0735,0.8593,1.2821,1.2824,14.16,113324001,1326017496911,-1.000,14.745,nan,nan,nan,steady,2.6252,1.4540,0.1410,15.5909,15.3999
113348001,1783507869.277,23.685,2.6322,1.4334,0.1562,3.0013,28.6,1.0332,1.0401,1.0737,0.8580,1.2802,1.2805,19.91,113348001,1326017520735,-1.000,20.439,nan,nan,nan,steady,2.6181,1.4508,0.1406,15.5877,15.3999
113424001,1783507869.312,23.719,2.6269,1.4348,0.1561,2.9973,28.6,1.0335,1.0403,1.0740,0.8638,1.2889,1.2892,21.10,113424001,1326017554393,-1.000,21.559,nan,nan,nan,steady,2.6047,1.4493,0.1406,15.5950,15.4001
113444001,1783507869.341,23.748,2.6215,1.4358,0.1560,2.9930,28.7,1.0339,1.0408,1.0746,0.8558,1.2769,1.2772,19.47,113444001,1326017584963,-1.000,19.967,nan,nan,nan,steady,2.5991,1.4482,0.1408,15.6067,15.4001
113468001,1783507869.370,23.778,2.6161,1.4362,0.1560,2.9885,28.8,1.0338,1.0406,1.0745,0.8542,1.2746,1.2749,19.89,113468001,1326017613739,-1.000,20.306,nan,nan,nan,steady,2.5935,1.4463,0.1408,15.6035,15.4001
113488001,1783507869.404,23.811,2.6107,1.4364,0.1560,2.9839,28.8,1.0331,1.0399,1.0740,0.8477,1.2648,1.2651,24.30,113488001,1326017642850,-1.000,24.779,nan,nan,nan,steady,2.5887,1.4452,0.1409,15.6111,15.4225
113504001,1783507869.433,23.840,2.6055,1.4364,0.1559,2.9793,28.9,1.0333,1.0401,1.0743,0.8462,1.2628,1.2631,19.60,113504001,1326017676598,-1.000,20.040,nan,nan,nan,steady,2.5840,1.4445,0.1408,15.6080,15.4225
113524001,1783507869.461,23.869,2.6001,1.4364,0.1559,2.9745,28.9,1.0330,1.0398,1.0742,0.8477,1.2650,1.2653,19.62,113524001,1326017705383,-1.000,20.010,nan,nan,nan,steady,2.5771,1.4445,0.1406,15.6102,15.4225
113644001,1783507869.500,23.907,2.5930,1.4368,0.1558,2.9685,29.0,1.0338,1.0406,1.0752,0.8518,1.2712,1.2715,21.38,113644001,1326017741948,-1.000,21.901,nan,nan,nan,steady,2.5615,1.4474,0.1407,15.6330,15.3896
113668001,1783507869.529,23.936,2.5862,1.4372,0.1557,2.9628,29.1,1.0349,1.0417,1.0765,0.8516,1.2710,1.2712,19.42,113668001,1326017772708,-1.000,19.813,nan,nan,nan,steady,2.5570,1.4482,0.1405,15.6355,15.3896
113688001,1783507869.558,23.966,2.5801,1.4380,0.1557,2.9579,29.1,1.0346,1.0414,1.0763,0.8473,1.2646,1.2648,20.40,113688001,1326017801272,-1.000,20.803,nan,nan,nan,steady,2.5545,1.4500,0.1404,15.6380,15.4167
113704001,1783507869.587,23.994,2.5751,1.4392,0.1556,2.9541,29.2,1.0357,1.0424,1.0775,0.8475,1.2649,1.2652,19.45,113704001,1326017831003,-1.000,19.919,nan,nan,nan,steady,2.5543,1.4532,0.1405,15.6405,15.4167
113728001,1783507869.613,24.021,2.5710,1.4408,0.1555,2.9513,29.3,1.0355,1.0423,1.0775,0.8473,1.2648,1.2650,16.93,113728001,1326017860105,-1.000,17.320,nan,nan,nan,steady,2.5540,1.4564,0.1405,15.6486,15.4167
113748001,1783507869.647,24.054,2.5676,1.4425,0.1555,2.9491,29.3,1.0345,1.0413,1.0765,0.8464,1.2634,1.2636,23.86,113748001,1326017886342,-1.000,24.273,nan,nan,nan,steady,2.5528,1.4585,0.1403,15.6458,15.4167
113824001,1783507869.682,24.090,2.5638,1.4445,0.1554,2.9468,29.4,1.0361,1.0429,1.0782,0.8542,1.2752,1.2754,19.71,113824001,1326017926128,-1.000,20.252,nan,nan,nan,steady,2.5468,1.4622,0.1403,15.6704,15.4067
113848001,1783507869.716,24.123,2.5609,1.4468,0.1554,2.9454,29.5,1.0357,1.0424,1.0778,0.8519,1.2718,1.2719,23.69,113848001,1326017955523,-1.000,24.151,nan,nan,nan,steady,2.5482,1.4659,0.1405,15.6704,15.4067
113868001,1783507869.745,24.152,2.5586,1.4491,0.1555,2.9446,29.5,1.0367,1.0434,1.0790,0.8562,1.2783,1.2785,19.76,113868001,1326017988626,-1.000,20.351,nan,nan,nan,steady,2.5491,1.4677,0.1408,15.6759,15.4067
113888001,1783507869.777,24.184,2.5566,1.4508,0.1556,2.9436,29.6,1.0342,1.0409,1.0766,0.8480,1.2661,1.2662,21.98,113888001,1326018018183,-1.000,22.416,nan,nan,nan,steady,2.5474,1.4660,0.1410,15.6761,15.4247
113904001,1783507869.806,24.214,2.5546,1.4518,0.1557,2.9424,29.6,1.0356,1.0423,1.0782,0.8494,1.2683,1.2684,20.01,113904001,1326018049700,-1.000,20.521,nan,nan,nan,steady,2.5457,1.4638,0.1410,15.6873,15.4247
113928001,1783507869.835,24.242,2.5524,1.4521,0.1558,2.9406,29.6,1.0346,1.0413,1.0774,0.8478,1.2660,1.2661,19.43,113928001,1326018079085,-1.000,19.910,nan,nan,nan,steady,2.5418,1.4606,0.1410,15.6819,15.4247
113984001,1783507869.871,24.278,2.5485,1.4512,0.1558,2.9369,29.7,1.0339,1.0405,1.0768,0.8662,1.2935,1.2936,21.82,113984001,1326018112284,-1.000,22.406,nan,nan,nan,steady,2.5305,1.4552,0.1408,15.6848,15.3450
114004001,1783507869.899,24.307,2.5445,1.4494,0.1558,2.9325,29.7,1.0332,1.0398,1.0763,0.8634,1.2895,1.2895,19.20,114004001,1326018143677,-1.000,19.645,nan,nan,nan,steady,2.5251,1.4498,0.1409,15.7052,15.3450
114024001,1783507869.929,24.336,2.5398,1.4466,0.1558,2.9270,29.7,1.0336,1.0402,1.0769,0.8628,1.2887,1.2887,20.34,114024001,1326018172197,-1.000,20.788,nan,nan,nan,steady,2.5173,1.4423,0.1405,15.7026,15.3450
114044001,1783507869.957,24.365,2.5349,1.4434,0.1557,2.9212,29.7,1.0339,1.0404,1.0773,0.8623,1.2879,1.2879,19.24,114044001,1326018201769,-1.000,19.727,nan,nan,nan,steady,2.5116,1.4381,0.1403,15.7115,15.3450
114068001,1783507869.987,24.395,2.5301,1.4406,0.1557,2.9156,29.7,1.0345,1.0410,1.0781,0.8621,1.2876,1.2876,20.75,114068001,1326018230279,-1.000,21.138,nan,nan,nan,steady,2.5074,1.4377,0.1404,15.7146,15.3450
114184001,1783507870.037,24.445,2.5233,1.4385,0.1557,2.9087,29.7,1.0340,1.0405,1.0779,0.8536,1.2750,1.2750,21.67,114184001,1326018279006,-1.000,22.230,nan,nan,nan,steady,2.4907,1.4385,0.1405,15.7517,15.3878
114204001,1783507870.069,24.477,2.5166,1.4371,0.1557,2.9022,29.7,1.0349,1.0414,1.0790,0.8550,1.2772,1.2772,21.52,114204001,1326018311217,-1.000,21.968,nan,nan,nan,steady,2.4852,1.4399,0.1403,15.7609,15.3878
114228001,1783507870.083,24.491,2.5102,1.4361,0.1556,2.8962,29.8,1.0346,1.0411,1.0789,0.8568,1.2799,1.2799,4.73,114228001,1326018342100,-1.000,5.324,nan,nan,nan,steady,2.4805,1.4412,0.1402,15.7585,15.3878
114248001,1783507870.121,24.529,2.5040,1.4356,0.1556,2.8905,29.8,1.0347,1.0412,1.0791,0.8579,1.2817,1.2817,21.25,114248001,1326018363570,-1.000,21.847,nan,nan,nan,steady,2.4750,1.4422,0.1401,15.7678,15.3878
114264001,1783507870.152,24.559,2.4980,1.4354,0.1555,2.8852,29.9,1.0357,1.0421,1.0803,0.8507,1.2708,1.2708,21.13,114264001,1326018394260,-1.000,21.542,nan,nan,nan,steady,2.4701,1.4429,0.1399,15.7714,15.4196
114284001,1783507870.183,24.590,2.4922,1.4356,0.1554,2.8803,29.9,1.0361,1.0425,1.0807,0.8520,1.2729,1.2729,21.52,114284001,1326018424715,-1.000,22.042,nan,nan,nan,steady,2.4645,1.4449,0.1394,15.7808,15.4196
114364001,1783507870.216,24.624,2.4854,1.4366,0.1553,2.8750,30.0,1.0364,1.0429,1.0812,0.8556,1.2782,1.2782,19.63,114364001,1326018460055,-1.000,20.077,nan,nan,nan,steady,2.4530,1.4501,0.1393,15.8050,15.4196
114384001,1783507870.246,24.654,2.4796,1.4379,0.1551,2.8706,30.1,1.0363,1.0428,1.0812,0.8698,1.2994,1.2994,20.42,114384001,1326018489128,-1.000,20.951,nan,nan,nan,steady,2.4518,1.4525,0.1394,15.8168,15.3715
114404001,1783507870.275,24.683,2.4744,1.4387,0.1550,2.8665,30.2,1.0366,1.0430,1.0816,0.8702,1.3002,1.3001,19.70,114404001,1326018519153,-1.000,20.193,nan,nan,nan,steady,2.4487,1.4511,0.1394,15.8185,15.3715
114428001,1783507870.307,24.714,2.4697,1.4390,0.1549,2.8626,30.2,1.0380,1.0444,1.0831,0.8696,1.2993,1.2993,21.13,114428001,1326018549246,-1.000,21.578,nan,nan,nan,steady,2.4465,1.4482,0.1393,15.8224,15.3715
114444001,1783507870.341,24.748,2.4653,1.4384,0.1548,2.8584,30.3,1.0361,1.0425,1.0812,0.8689,1.2983,1.2983,24.61,114444001,1326018579596,-1.000,25.008,nan,nan,nan,steady,2.4427,1.4437,0.1391,15.8322,15.3715
114464001,1783507870.371,24.779,2.4610,1.4379,0.1547,2.8545,30.3,1.0374,1.0437,1.0826,0.8494,1.2692,1.2692,21.29,114464001,1326018613475,-1.000,21.706,nan,nan,nan,steady,2.4392,1.4437,0.1392,15.8361,15.4542
114548001,1783507870.408,24.816,2.4556,1.4377,0.1547,2.8497,30.3,1.0370,1.0433,1.0824,0.8523,1.2736,1.2735,22.48,114548001,1326018649356,-1.000,22.925,nan,nan,nan,steady,2.4280,1.4444,0.1393,15.8701,15.4542
114564001,1783507870.438,24.845,2.4504,1.4377,0.1547,2.8452,30.4,1.0380,1.0443,1.0836,0.8517,1.2729,1.2728,20.01,114564001,1326018681308,-1.000,20.511,nan,nan,nan,steady,2.4244,1.4456,0.1393,15.8723,15.4542
114584001,1783507870.466,24.874,2.4456,1.4376,0.1545,2.8410,30.4,1.0380,1.0443,1.0838,0.8705,1.3011,1.3010,19.38,114584001,1326018710659,-1.000,19.820,nan,nan,nan,steady,2.4207,1.4458,0.1391,15.8825,15.3831
114604001,1783507870.508,24.915,2.4412,1.4374,0.1544,2.8371,30.5,1.0370,1.0433,1.0829,0.8712,1.3023,1.3021,31.41,114604001,1326018739333,-1.000,32.206,nan,nan,nan,steady,2.4180,1.4447,0.1389,15.8928,15.3831
114628001,1783507870.536,24.944,2.4369,1.4368,0.1542,2.8331,30.5,1.0368,1.0430,1.0828,0.8710,1.3022,1.3020,19.20,114628001,1326018780580,-1.000,19.721,nan,nan,nan,steady,2.4138,1.4426,0.1388,15.8970,15.3831
114644001,1783507870.569,24.977,2.4325,1.4358,0.1540,2.8288,30.6,1.0363,1.0426,1.0825,0.8696,1.3002,1.3000,23.79,114644001,1326018809201,-1.000,24.252,nan,nan,nan,steady,2.4091,1.4397,0.1385,15.8995,15.3831
114708001,1783507870.605,25.012,2.4274,1.4349,0.1539,2.8240,30.6,1.0362,1.0424,1.0826,0.8668,1.2962,1.2959,19.35,114708001,1326018848994,-1.000,19.826,nan,nan,nan,steady,2.3998,1.4398,0.1387,15.9248,15.4148
114724001,1783507870.636,25.043,2.4223,1.4346,0.1538,2.8194,30.6,1.0365,1.0427,1.0831,0.8667,1.2961,1.2958,21.59,114724001,1326018877737,-1.000,22.030,nan,nan,nan,steady,2.3954,1.4415,0.1388,15.9275,15.4148
114744001,1783507870.666,25.074,2.4174,1.4349,0.1538,2.8154,30.7,1.0358,1.0420,1.0827,0.8671,1.2969,1.2966,19.74,114744001,1326018909860,-1.000,20.253,nan,nan,nan,steady,2.3917,1.4452,0.1391,15.9320,15.4148
114764001,1783507870.695,25.103,2.4127,1.4353,0.1538,2.8115,30.7,1.0346,1.0408,1.0817,0.8701,1.3015,1.3012,19.70,114764001,1326018939045,-1.000,20.205,nan,nan,nan,steady,2.3871,1.4460,0.1391,15.9489,15.4148
114788001,1783507870.727,25.135,2.4079,1.4353,0.1538,2.8075,30.8,1.0348,1.0410,1.0822,0.8817,1.3190,1.3186,22.38,114788001,1326018968170,-1.000,22.936,nan,nan,nan,steady,2.3818,1.4442,0.1389,15.9534,15.3699
114808001,1783507870.756,25.163,2.4032,1.4350,0.1537,2.8032,30.8,1.0346,1.0407,1.0823,0.8810,1.3182,1.3178,19.45,114808001,1326019000024,-1.000,19.887,nan,nan,nan,steady,2.3771,1.4421,0.1388,15.9564,15.3699
114884001,1783507870.793,25.200,2.3972,1.4346,0.1536,2.7979,30.9,1.0350,1.0411,1.0830,0.8705,1.3027,1.3022,22.35,114884001,1326019034061,-1.000,22.785,nan,nan,nan,steady,2.3647,1.4413,0.1388,15.9924,15.4273
114904001,1783507870.820,25.228,2.3915,1.4342,0.1535,2.7928,31.0,1.0340,1.0401,1.0823,0.8702,1.3024,1.3019,18.20,114904001,1326019065813,-1.000,18.700,nan,nan,nan,steady,2.3614,1.4408,0.1388,15.9972,15.4273
114928001,1783507870.851,25.258,2.3862,1.4339,0.1535,2.7881,31.0,1.0342,1.0402,1.0827,0.8698,1.3021,1.3015,21.27,114928001,1326019093263,-1.000,21.671,nan,nan,nan,steady,2.3577,1.4408,0.1389,16.0006,15.4273
114948001,1783507870.884,25.291,2.3810,1.4334,0.1534,2.7834,31.0,1.0339,1.0400,1.0828,0.8697,1.3021,1.3015,23.35,114948001,1326019123849,-1.000,23.756,nan,nan,nan,steady,2.3525,1.4392,0.1388,16.0055,15.4273
114964001,1783507870.912,25.319,2.3758,1.4326,0.1534,2.7785,31.1,1.0333,1.0393,1.0824,0.8708,1.3039,1.3033,18.47,114964001,1326019156812,-1.000,18.944,nan,nan,nan,steady,2.3470,1.4372,0.1388,16.0154,15.4273
114984001,1783507870.937,25.345,2.3706,1.4317,0.1533,2.7736,31.1,1.0336,1.0396,1.0831,0.8752,1.3107,1.3100,15.96,114984001,1326019184740,-1.000,16.466,nan,nan,nan,steady,2.3419,1.4354,0.1385,16.0203,15.4111
115064001,1783507870.971,25.378,2.3628,1.4296,0.1531,2.7659,31.2,1.0342,1.0402,1.0840,0.8728,1.3073,1.3065,20.56,115064001,1326019213505,-1.000,21.085,nan,nan,nan,steady,2.3223,1.4288,0.1385,16.0240,15.4111
115088001,1783507871.006,25.414,2.3552,1.4266,0.1529,2.7578,31.2,1.0331,1.0390,1.0832,0.8944,1.3399,1.3391,19.62,115088001,1326019250133,-1.000,20.067,nan,nan,nan,steady,2.3151,1.4208,0.1383,16.0547,15.3482
115108001,1783507871.035,25.443,2.3482,1.4226,0.1528,2.7497,31.2,1.0334,1.0394,1.0839,0.8933,1.3384,1.3376,19.64,115108001,1326019279012,-1.000,20.035,nan,nan,nan,steady,2.3104,1.4131,0.1383,16.0600,15.3482
115128001,1783507871.065,25.472,2.3418,1.4182,0.1526,2.7420,31.2,1.0327,1.0386,1.0835,0.8915,1.3360,1.3352,20.08,115128001,1326019308025,-1.000,20.541,nan,nan,nan,steady,2.3071,1.4072,0.1383,16.0640,15.3482
115148001,1783507871.094,25.501,2.3364,1.4137,0.1524,2.7350,31.2,1.0340,1.0399,1.0853,0.8926,1.3379,1.3370,19.75,115148001,1326019337558,-1.000,20.201,nan,nan,nan,steady,2.3056,1.4024,0.1384,16.0758,15.3482
115168001,1783507871.123,25.530,2.3318,1.4091,0.1522,2.7288,31.1,1.0327,1.0386,1.0843,0.8883,1.3317,1.3307,19.54,115168001,1326019366693,-1.000,19.964,nan,nan,nan,steady,2.3049,1.3972,0.1382,16.0800,15.3482
115268001,1783507871.155,25.562,2.3254,1.4041,0.1521,2.7207,31.1,1.0340,1.0398,1.0861,0.8667,1.2996,1.2986,21.36,115268001,1326019396730,-1.000,21.903,nan,nan,nan,steady,2.2907,1.3910,0.1386,16.0778,15.3963
115288001,1783507871.184,25.591,2.3190,1.3997,0.1520,2.7129,31.1,1.0332,1.0390,1.0857,0.8478,1.2716,1.2705,19.67,115288001,1326019427469,-1.000,20.154,nan,nan,nan,steady,2.2840,1.3879,0.1384,16.1155,15.5067
115308001,1783507871.215,25.622,2.3128,1.3966,0.1520,2.7060,31.1,1.0337,1.0395,1.0868,0.8503,1.2755,1.2744,21.84,115308001,1326019456541,-1.000,22.270,nan,nan,nan,steady,2.2792,1.3903,0.1386,16.1278,15.5067
115324001,1783507871.244,25.652,2.3066,1.3947,0.1519,2.6997,31.2,1.0332,1.0389,1.0866,0.8516,1.2778,1.2767,20.05,115324001,1326019487781,-1.000,20.590,nan,nan,nan,steady,2.2725,1.3935,0.1385,16.1326,15.5067
115348001,1783507871.273,25.681,2.3009,1.3941,0.1518,2.6946,31.2,1.0325,1.0382,1.0863,0.8514,1.2777,1.2765,19.73,115348001,1326019517367,-1.000,20.129,nan,nan,nan,steady,2.2691,1.3993,0.1385,16.1375,15.5067
115364001,1783507871.305,25.713,2.2957,1.3949,0.1517,2.6905,31.3,1.0318,1.0375,1.0860,0.8529,1.2802,1.2790,22.19,115364001,1326019546492,-1.000,22.630,nan,nan,nan,steady,2.2661,1.4059,0.1383,16.1424,15.5067
115444001,1783507871.340,25.747,2.2893,1.3957,0.1516,2.6855,31.4,1.0315,1.0371,1.0862,0.8678,1.3028,1.3015,19.77,115444001,1326019583606,-1.000,20.216,nan,nan,nan,steady,2.2539,1.4076,0.1387,16.1549,15.4397
115468001,1783507871.370,25.777,2.2840,1.3966,0.1516,2.6814,31.4,1.0317,1.0374,1.0870,0.8755,1.3148,1.3134,20.48,115468001,1326019612827,-1.000,21.084,nan,nan,nan,steady,2.2536,1.4083,0.1391,16.1832,15.4397
115484001,1783507871.401,25.808,2.2803,1.3968,0.1516,2.6784,31.5,1.0302,1.0358,1.0860,0.8833,1.3267,1.3252,21.21,115484001,1326019642982,-1.000,21.669,nan,nan,nan,steady,2.2567,1.4044,0.1394,16.1886,15.4037
115504001,1783507871.429,25.837,2.2781,1.3958,0.1516,2.6760,31.5,1.0295,1.0350,1.0858,0.8778,1.3189,1.3174,19.60,115504001,1326019673510,-1.000,20.004,nan,nan,nan,steady,2.2606,1.3980,0.1394,16.1873,15.4037
115524001,1783507871.461,25.868,2.2770,1.3935,0.1515,2.6739,31.5,1.0281,1.0336,1.0849,0.8765,1.3174,1.3157,22.13,115524001,1326019702386,-1.000,22.545,nan,nan,nan,steady,2.2644,1.3894,0.1392,16.1997,15.4037
115548001,1783507871.490,25.897,2.2772,1.3904,0.1515,2.6725,31.4,1.0277,1.0331,1.0850,0.8727,1.3120,1.3103,19.63,115548001,1326019733870,-1.000,20.087,nan,nan,nan,steady,2.2701,1.3833,0.1394,16.2059,15.4037
115564001,1783507871.518,25.926,2.2781,1.3874,0.1516,2.6717,31.3,1.0275,1.0330,1.0854,0.8437,1.2687,1.2670,19.14,115564001,1326019762759,-1.000,19.571,nan,nan,nan,steady,2.2740,1.3802,0.1394,16.2110,15.5104
115624001,1783507871.552,25.959,2.2790,1.3856,0.1516,2.6715,31.3,1.0281,1.0335,1.0864,0.8497,1.2782,1.2763,24.10,115624001,1326019791043,-1.000,24.506,nan,nan,nan,steady,2.2741,1.3837,0.1395,16.2351,15.5104
115644001,1783507871.582,25.989,2.2806,1.3854,0.1517,2.6727,31.3,1.0264,1.0317,1.0849,0.8485,1.2767,1.2748,20.98,115644001,1326019824437,-1.000,21.428,nan,nan,nan,steady,2.2790,1.3914,0.1398,16.2412,15.5104
115664001,1783507871.611,26.018,2.2826,1.3873,0.1519,2.6754,31.3,1.0278,1.0331,1.0867,0.8427,1.2682,1.2662,19.62,115664001,1326019854672,-1.000,20.118,nan,nan,nan,steady,2.2831,1.4028,0.1399,16.2474,15.5365
115684001,1783507871.644,26.052,2.2848,1.3912,0.1520,2.6794,31.3,1.0271,1.0324,1.0863,0.8441,1.2704,1.2684,23.92,115684001,1326019883759,-1.000,24.457,nan,nan,nan,steady,2.2862,1.4159,0.1399,16.2608,15.5365
115708001,1783507871.673,26.081,2.2871,1.3969,0.1521,2.6843,31.4,1.0262,1.0315,1.0855,0.8448,1.2716,1.2696,19.62,115708001,1326019917036,-1.000,20.033,nan,nan,nan,steady,2.2884,1.4293,0.1399,16.2599,15.5365
115724001,1783507871.716,26.123,2.2886,1.4037,0.1521,2.6891,31.5,1.0260,1.0313,1.0854,0.8456,1.2730,1.2709,33.36,115724001,1326019945810,-1.000,33.757,nan,nan,nan,steady,2.2861,1.4411,0.1397,16.2666,15.5365
115804001,1783507871.751,26.159,2.2883,1.4121,0.1522,2.6932,31.7,1.0261,1.0314,1.0858,0.8421,1.2678,1.2657,19.68,115804001,1326019994941,-1.000,20.122,nan,nan,nan,steady,2.2778,1.4561,0.1402,16.2928,15.5644
115824001,1783507871.763,26.171,2.2876,1.4213,0.1523,2.6975,31.9,1.0245,1.0297,1.0843,0.8438,1.2707,1.2685,2.56,115824001,1326020024116,-1.000,3.010,nan,nan,nan,steady,2.2760,1.4682,0.1401,16.2995,15.5644
115848001,1783507871.801,26.208,2.2863,1.4307,0.1523,2.7013,32.0,1.0242,1.0294,1.0841,0.8469,1.2754,1.2732,20.02,115848001,1326020044180,-1.000,20.624,nan,nan,nan,steady,2.2720,1.4781,0.1398,16.3064,15.5644
115864001,1783507871.831,26.239,2.2844,1.4396,0.1521,2.7044,32.2,1.0241,1.0292,1.0841,0.8644,1.3018,1.2996,21.09,115864001,1326020073702,-1.000,21.571,nan,nan,nan,steady,2.2667,1.4851,0.1394,16.3133,15.5077
115888001,1783507871.865,26.272,2.2815,1.4475,0.1520,2.7062,32.4,1.0239,1.0291,1.0840,0.8656,1.3038,1.3016,24.15,115888001,1326020104096,-1.000,24.575,nan,nan,nan,steady,2.2596,1.4883,0.1391,16.3203,15.5077
115904001,1783507871.894,26.301,2.2783,1.4547,0.1518,2.7074,32.6,1.0235,1.0287,1.0838,0.8675,1.3067,1.3045,19.43,115904001,1326020137639,-1.000,20.023,nan,nan,nan,steady,2.2550,1.4923,0.1392,16.3274,15.5077
115928001,1783507871.922,26.330,2.2760,1.4618,0.1517,2.7093,32.7,1.0244,1.0295,1.0848,0.8881,1.3379,1.3355,19.32,115928001,1326020166464,-1.000,19.753,nan,nan,nan,steady,2.2564,1.4986,0.1393,16.3566,15.4946
116004001,1783507871.954,26.361,2.2726,1.4681,0.1516,2.7098,32.9,1.0242,1.0293,1.0849,0.8749,1.3182,1.3158,22.31,116004001,1326020194997,-1.000,22.743,nan,nan,nan,steady,2.2476,1.5021,0.1397,16.3569,15.4946
116024001,1783507871.984,26.391,2.2694,1.4731,0.1516,2.7098,33.0,1.0244,1.0295,1.0854,0.8773,1.3220,1.3196,20.98,116024001,1326020226540,-1.000,21.401,nan,nan,nan,steady,2.2459,1.5011,0.1396,16.3647,15.4946
116044001,1783507872.014,26.422,2.2660,1.4763,0.1516,2.7088,33.1,1.0233,1.0284,1.0844,0.8762,1.3204,1.3180,20.95,116044001,1326020256736,-1.000,21.424,nan,nan,nan,steady,2.2422,1.4959,0.1395,16.3721,15.4946
116064001,1783507872.055,26.462,2.2627,1.4775,0.1516,2.7066,33.1,1.0240,1.0290,1.0853,0.8848,1.3336,1.3311,21.08,116064001,1326020297028,-1.000,21.625,nan,nan,nan,steady,2.2387,1.4874,0.1395,16.3801,15.4694
116088001,1783507872.082,26.489,2.2590,1.4763,0.1516,2.7028,33.2,1.0249,1.0300,1.0866,0.8838,1.3321,1.3296,17.53,116088001,1326020327578,-1.000,17.948,nan,nan,nan,steady,2.2328,1.4755,0.1395,16.3876,15.4694
116204001,1783507872.115,26.523,2.2521,1.4742,0.1517,2.6960,33.2,1.0250,1.0300,1.0871,0.8812,1.3285,1.3260,20.11,116204001,1326020358789,-1.000,20.592,nan,nan,nan,steady,2.2109,1.4709,0.1395,16.4212,15.4909
116228001,1783507872.144,26.551,2.2447,1.4702,0.1517,2.6877,33.2,1.0250,1.0300,1.0876,0.8819,1.3297,1.3271,19.19,116228001,1326020388269,-1.000,19.612,nan,nan,nan,steady,2.2025,1.4579,0.1395,16.4291,15.4909
116244001,1783507872.177,26.584,2.2366,1.4642,0.1517,2.6775,33.2,1.0255,1.0305,1.0886,0.8833,1.3319,1.3293,23.80,116244001,1326020416700,-1.000,24.208,nan,nan,nan,steady,2.1910,1.4421,0.1392,16.4379,15.4909
116268001,1783507872.206,26.614,2.2277,1.4565,0.1517,2.6659,33.2,1.0256,1.0305,1.0892,0.8818,1.3298,1.3271,19.97,116268001,1326020449916,-1.000,20.524,nan,nan,nan,steady,2.1791,1.4269,0.1389,16.4389,15.4909
116284001,1783507872.238,26.645,2.2180,1.4478,0.1517,2.6530,33.1,1.0259,1.0308,1.0900,0.8691,1.3108,1.3082,21.69,116284001,1326020479481,-1.000,22.355,nan,nan,nan,steady,2.1655,1.4135,0.1386,16.4548,15.5642
116308001,1783507872.269,26.677,2.2072,1.4384,0.1516,2.6389,33.1,1.0252,1.0301,1.0897,0.8689,1.3105,1.3078,21.34,116308001,1326020511289,-1.000,22.020,nan,nan,nan,steady,2.1504,1.4014,0.1382,16.4560,15.5642
116404001,1783507872.305,26.713,2.1944,1.4300,0.1516,2.6236,33.1,1.0255,1.0303,1.0905,0.8829,1.3318,1.3291,20.08,116404001,1326020548380,-1.000,20.783,nan,nan,nan,steady,2.1278,1.3984,0.1383,16.4941,15.5479
116424001,1783507872.339,26.747,2.1820,1.4219,0.1515,2.6088,33.1,1.0255,1.0303,1.0911,0.8860,1.3365,1.3337,22.78,116424001,1326020579665,-1.000,23.639,nan,nan,nan,steady,2.1180,1.3915,0.1382,16.5098,15.5479
116444001,1783507872.373,26.780,2.1702,1.4141,0.1515,2.5946,33.1,1.0255,1.0303,1.0916,0.8883,1.3401,1.3374,23.60,116444001,1326020612585,-1.000,24.405,nan,nan,nan,steady,2.1091,1.3849,0.1382,16.5123,15.5479
116468001,1783507872.403,26.810,2.1594,1.4069,0.1515,2.5817,33.1,1.0245,1.0292,1.0910,0.8894,1.3419,1.3391,19.80,116468001,1326020646427,-1.000,20.352,nan,nan,nan,steady,2.1030,1.3807,0.1384,16.5215,15.5479
116484001,1783507872.435,26.843,2.1498,1.3997,0.1515,2.5698,33.1,1.0229,1.0276,1.0899,0.9072,1.3689,1.3660,22.70,116484001,1326020675902,-1.000,23.339,nan,nan,nan,steady,2.0980,1.3732,0.1383,16.5241,15.4739
116508001,1783507872.466,26.874,2.1412,1.3923,0.1515,2.5586,33.0,1.0227,1.0274,1.0903,0.9094,1.3723,1.3694,21.37,116508001,1326020708237,-1.000,21.894,nan,nan,nan,steady,2.0934,1.3651,0.1381,16.5336,15.4739
116588001,1783507872.504,26.911,2.1322,1.3852,0.1514,2.5472,33.0,1.0220,1.0267,1.0902,0.9084,1.3711,1.3682,22.20,116588001,1326020744794,-1.000,22.720,nan,nan,nan,steady,2.0815,1.3592,0.1380,16.5652,15.4972
116604001,1783507872.533,26.941,2.1242,1.3782,0.1514,2.5367,33.0,1.0215,1.0261,1.0902,0.9079,1.3705,1.3675,20.17,116604001,1326020776503,-1.000,20.700,nan,nan,nan,steady,2.0784,1.3527,0.1378,16.5684,15.4972
116624001,1783507872.563,26.970,2.1174,1.3714,0.1514,2.5273,32.9,1.0199,1.0244,1.0890,0.9102,1.3742,1.3711,19.92,116624001,1326020806375,-1.000,20.572,nan,nan,nan,steady,2.0769,1.3463,0.1377,16.5849,15.4972
116648001,1783507872.594,27.001,2.1121,1.3654,0.1515,2.5196,32.9,1.0191,1.0236,1.0886,0.9108,1.3752,1.3721,20.81,116648001,1326020836135,-1.000,21.545,nan,nan,nan,steady,2.0783,1.3444,0.1381,16.5959,15.4972
116664001,1783507872.615,27.023,2.1081,1.3600,0.1515,2.5133,32.8,1.0190,1.0235,1.0891,0.9091,1.3728,1.3697,11.28,116664001,1326020867003,-1.000,12.186,nan,nan,nan,steady,2.0795,1.3417,0.1381,16.5982,15.4972
116688001,1783507872.647,27.055,2.1055,1.3554,0.1516,2.5086,32.8,1.0186,1.0231,1.0891,0.9203,1.3899,1.3867,22.06,116688001,1326020888420,-1.000,22.718,nan,nan,nan,steady,2.0828,1.3412,0.1382,16.6094,15.4563
116768001,1783507872.688,27.096,2.1032,1.3519,0.1517,2.5048,32.7,1.0189,1.0233,1.0899,0.9243,1.3962,1.3929,24.38,116768001,1326020927049,-1.000,25.084,nan,nan,nan,steady,2.0809,1.3430,0.1385,16.6441,15.4563
116788001,1783507872.716,27.123,2.1016,1.3494,0.1518,2.5021,32.7,1.0189,1.0233,1.0904,0.8933,1.3495,1.3463,17.90,116788001,1326020961282,-1.000,18.610,nan,nan,nan,steady,2.0832,1.3437,0.1385,16.6545,15.5833
116804001,1783507872.745,27.153,2.1004,1.3481,0.1520,2.5005,32.7,1.0174,1.0217,1.0891,0.8927,1.3488,1.3456,19.77,116804001,1326020989037,-1.000,20.388,nan,nan,nan,steady,2.0840,1.3479,0.1385,16.6587,15.5833
116824001,1783507872.777,27.185,2.0995,1.3480,0.1522,2.4996,32.7,1.0178,1.0221,1.0899,0.8943,1.3513,1.3481,22.21,116824001,1326021018494,-1.000,22.776,nan,nan,nan,steady,2.0836,1.3527,0.1387,16.6693,15.5833
116844001,1783507872.810,27.218,2.0983,1.3488,0.1524,2.4991,32.7,1.0168,1.0211,1.0892,0.8975,1.3564,1.3531,23.32,116844001,1326021050380,-1.000,23.793,nan,nan,nan,steady,2.0811,1.3573,0.1387,16.6814,15.5833
116864001,1783507872.843,27.250,2.0963,1.3501,0.1524,2.4981,32.8,1.0172,1.0215,1.0898,0.8995,1.3595,1.3562,22.47,116864001,1326021083344,-1.000,23.169,nan,nan,nan,steady,2.0751,1.3604,0.1383,16.6859,15.5833
116944001,1783507872.877,27.284,2.0914,1.3506,0.1524,2.4942,32.9,1.0179,1.0221,1.0908,0.9147,1.3826,1.3792,19.84,116944001,1326021120227,-1.000,20.431,nan,nan,nan,steady,2.0563,1.3576,0.1381,16.7030,15.5006
116964001,1783507872.906,27.314,2.0865,1.3501,0.1524,2.4899,32.9,1.0184,1.0226,1.0917,0.9354,1.4139,1.4104,19.97,116964001,1326021149724,-1.000,20.701,nan,nan,nan,steady,2.0518,1.3524,0.1381,16.7426,15.5006
116984001,1783507872.938,27.346,2.0812,1.3494,0.1525,2.4851,33.0,1.0181,1.0223,1.0917,0.8941,1.3515,1.3481,21.65,116984001,1326021179800,-1.000,22.335,nan,nan,nan,steady,2.0462,1.3493,0.1381,16.7458,15.6661
117004001,1783507872.968,27.375,2.0756,1.3485,0.1526,2.4799,33.0,1.0179,1.0221,1.0918,0.8991,1.3591,1.3557,19.97,117004001,1326021211300,-1.000,20.654,nan,nan,nan,steady,2.0391,1.3470,0.1380,16.7588,15.6661
117024001,1783507873.000,27.408,2.0700,1.3478,0.1527,2.4748,33.1,1.0180,1.0221,1.0921,0.8987,1.3586,1.3552,22.32,117024001,1326021241209,-1.000,22.916,nan,nan,nan,steady,2.0340,1.3472,0.1382,16.7623,15.6661
117048001,1783507873.028,27.436,2.0646,1.3474,0.1528,2.4701,33.1,1.0173,1.0214,1.0916,0.9030,1.3651,1.3617,18.37,117048001,1326021273330,-1.000,18.929,nan,nan,nan,steady,2.0294,1.3486,0.1382,16.7755,15.6661
117144001,1783507873.067,27.474,2.0585,1.3467,0.1528,2.4646,33.2,1.0184,1.0226,1.0933,0.9357,1.4147,1.4111,19.74,117144001,1326021310374,-1.000,20.344,nan,nan,nan,steady,2.0184,1.3472,0.1383,16.8217,15.5579
117164001,1783507873.099,27.506,2.0539,1.3453,0.1527,2.4600,33.2,1.0173,1.0214,1.0925,0.9345,1.4132,1.4096,22.54,117164001,1326021339793,-1.000,23.070,nan,nan,nan,steady,2.0215,1.3423,0.1380,16.8276,15.5579
117188001,1783507873.130,27.537,2.0507,1.3433,0.1527,2.4563,33.2,1.0178,1.0218,1.0933,0.9107,1.3774,1.3738,21.60,117188001,1326021371824,-1.000,22.096,nan,nan,nan,steady,2.0254,1.3369,0.1379,16.8396,15.6583
117208001,1783507873.162,27.569,2.0487,1.3407,0.1528,2.4531,33.2,1.0169,1.0210,1.0928,0.9088,1.3747,1.3711,21.14,117208001,1326021403969,-1.000,21.562,nan,nan,nan,steady,2.0281,1.3312,0.1379,16.8457,15.6583
117224001,1783507873.193,27.600,2.0477,1.3376,0.1529,2.4507,33.2,1.0163,1.0203,1.0925,0.9096,1.3760,1.3724,21.57,117224001,1326021434582,-1.000,22.058,nan,nan,nan,steady,2.0321,1.3261,0.1380,16.8578,15.6583
117244001,1783507873.222,27.629,2.0475,1.3343,0.1529,2.4487,33.1,1.0157,1.0197,1.0922,0.9091,1.3754,1.3718,19.63,117244001,1326021465538,-1.000,20.047,nan,nan,nan,steady,2.0346,1.3219,0.1381,16.8641,15.6583
117324001,1783507873.260,27.667,2.0462,1.3310,0.1530,2.4458,33.0,1.0175,1.0215,1.0945,0.9124,1.3806,1.3769,21.92,117324001,1326021501089,-1.000,22.426,nan,nan,nan,steady,2.0270,1.3185,0.1380,16.9100,15.6758
117348001,1783507873.290,27.697,2.0452,1.3273,0.1530,2.4429,33.0,1.0164,1.0204,1.0937,0.9100,1.3773,1.3735,20.99,117348001,1326021532430,-1.000,21.420,nan,nan,nan,steady,2.0279,1.3130,0.1376,16.9145,15.6758
117368001,1783507873.324,27.731,2.0449,1.3237,0.1530,2.4408,32.9,1.0156,1.0195,1.0931,0.9118,1.3801,1.3763,24.59,117368001,1326021562619,-1.000,25.021,nan,nan,nan,steady,2.0316,1.3102,0.1376,16.9236,15.6758
117384001,1783507873.354,27.761,2.0462,1.3195,0.1528,2.4396,32.8,1.0159,1.0197,1.0935,0.9573,1.4491,1.4450,20.90,117384001,1326021596504,-1.000,21.295,nan,nan,nan,steady,2.0389,1.3043,0.1374,16.9281,15.4662
117408001,1783507873.384,27.791,2.0491,1.3146,0.1526,2.4393,32.7,1.0167,1.0205,1.0946,0.9577,1.4499,1.4458,20.76,117408001,1326021626529,-1.000,21.156,nan,nan,nan,steady,2.0481,1.2964,0.1372,16.9433,15.4662
117424001,1783507873.416,27.824,2.0534,1.3087,0.1524,2.4398,32.5,1.0157,1.0195,1.0938,0.9522,1.4417,1.4376,21.77,117424001,1326021657816,-1.000,22.314,nan,nan,nan,steady,2.0587,1.2861,0.1372,16.9481,15.4662
117528001,1783507873.435,27.842,2.0570,1.3027,0.1524,2.4395,32.3,1.0167,1.0204,1.0953,0.9208,1.3944,1.3904,4.64,117528001,1326021693532,-1.000,5.142,nan,nan,nan,steady,2.0579,1.2790,0.1376,16.9991,15.6221
117544001,1783507873.465,27.872,2.0612,1.2961,0.1525,2.4396,32.2,1.0158,1.0195,1.0947,0.9158,1.3870,1.3830,19.28,117544001,1326021709098,-1.000,19.793,nan,nan,nan,steady,2.0663,1.2688,0.1381,16.9986,15.6221
117564001,1783507873.497,27.905,2.0656,1.2888,0.1528,2.4395,32.0,1.0161,1.0197,1.0953,0.9176,1.3900,1.3859,22.67,117564001,1326021738247,-1.000,23.249,nan,nan,nan,steady,2.0714,1.2581,0.1386,17.0147,15.6221
117584001,1783507873.526,27.933,2.0696,1.2812,0.1531,2.4389,31.8,1.0159,1.0195,1.0954,0.9027,1.3676,1.3635,19.22,117584001,1326021770298,-1.000,19.618,nan,nan,nan,steady,2.0736,1.2493,0.1391,17.0199,15.6708
117604001,1783507873.554,27.961,2.0729,1.2738,0.1534,2.4378,31.6,1.0160,1.0195,1.0958,0.9039,1.3694,1.3653,18.92,117604001,1326021798634,-1.000,19.277,nan,nan,nan,steady,2.0733,1.2421,0.1396,17.0279,15.6708
117628001,1783507873.586,27.994,2.0749,1.2664,0.1538,2.4357,31.4,1.0160,1.0195,1.0961,0.9060,1.3727,1.3686,23.04,117628001,1326021826880,-1.000,23.540,nan,nan,nan,steady,2.0696,1.2355,0.1397,17.0360,15.6708
117704001,1783507873.621,28.029,2.0746,1.2597,0.1540,2.4320,31.3,1.0178,1.0213,1.0984,0.9315,1.4114,1.4072,19.31,117704001,1326021865735,-1.000,19.751,nan,nan,nan,steady,2.0580,1.2326,0.1398,17.0748,15.5836
117724001,1783507873.652,28.060,2.0742,1.2532,0.1542,2.4283,31.1,1.0169,1.0204,1.0977,0.9319,1.4120,1.4078,21.65,117724001,1326021894240,-1.000,22.053,nan,nan,nan,steady,2.0582,1.2268,0.1398,17.0834,15.5836
117744001,1783507873.683,28.090,2.0744,1.2471,0.1542,2.4253,31.0,1.0174,1.0208,1.0984,0.9313,1.4112,1.4069,21.08,117744001,1326021925386,-1.000,21.533,nan,nan,nan,steady,2.0612,1.2231,0.1397,17.0975,15.5836
117764001,1783507873.715,28.122,2.0750,1.2415,0.1543,2.4230,30.9,1.0176,1.0210,1.0988,0.9310,1.4109,1.4066,22.71,117764001,1326021955702,-1.000,23.064,nan,nan,nan,steady,2.0639,1.2192,0.1396,17.1008,15.5836
117788001,1783507873.746,28.154,2.0756,1.2364,0.1544,2.4209,30.8,1.0171,1.0205,1.0985,0.9065,1.3738,1.3697,22.05,117788001,1326021987572,-1.000,22.464,nan,nan,nan,steady,2.0646,1.2161,0.1396,17.1067,15.6766
117804001,1783507873.773,28.181,2.0760,1.2320,0.1544,2.4190,30.7,1.0177,1.0210,1.0993,0.9110,1.3806,1.3764,18.05,117804001,1326022018950,-1.000,18.449,nan,nan,nan,steady,2.0641,1.2146,0.1396,17.1241,15.6766
117888001,1783507873.808,28.215,2.0744,1.2287,0.1546,2.4160,30.6,1.0194,1.0227,1.1013,0.8960,1.3579,1.3538,20.82,117888001,1326022050754,-1.000,21.214,nan,nan,nan,steady,2.0541,1.2178,0.1398,17.1246,15.6735
117904001,1783507873.835,28.243,2.0725,1.2254,0.1546,2.4127,30.6,1.0185,1.0218,1.1006,0.9130,1.3837,1.3794,17.80,117904001,1326022080879,-1.000,18.313,nan,nan,nan,steady,2.0508,1.2126,0.1397,17.1586,15.6735
117924001,1783507873.868,28.275,2.0706,1.2220,0.1546,2.4093,30.5,1.0193,1.0226,1.1017,0.9182,1.3916,1.3874,23.28,117924001,1326022108223,-1.000,23.757,nan,nan,nan,steady,2.0484,1.2084,0.1397,17.1714,15.6735
117948001,1783507873.900,28.307,2.0688,1.2188,0.1545,2.4060,30.5,1.0185,1.0217,1.1010,0.9154,1.3873,1.3831,22.05,117948001,1326022141209,-1.000,22.623,nan,nan,nan,steady,2.0475,1.2054,0.1396,17.1777,15.6735
117964001,1783507873.929,28.336,2.0673,1.2158,0.1545,2.4033,30.5,1.0176,1.0208,1.1002,0.9164,1.3889,1.3847,19.36,117964001,1326022172810,-1.000,19.787,nan,nan,nan,steady,2.0477,1.2041,0.1396,17.1822,15.6735
117984001,1783507873.957,28.364,2.0658,1.2137,0.1545,2.4009,30.4,1.0179,1.0211,1.1007,0.8970,1.3595,1.3554,19.13,117984001,1326022201435,-1.000,19.535,nan,nan,nan,steady,2.0462,1.2048,0.1397,17.1973,15.7768
118084001,1783507873.995,28.402,2.0636,1.2134,0.1545,2.3989,30.5,1.0178,1.0209,1.1009,0.9187,1.3925,1.3882,19.50,118084001,1326022238673,-1.000,19.989,nan,nan,nan,steady,2.0403,1.2147,0.1398,17.2342,15.6896
118104001,1783507874.026,28.433,2.0626,1.2135,0.1544,2.3981,30.5,1.0186,1.0217,1.1021,0.9166,1.3895,1.3852,21.62,118104001,1326022267561,-1.000,22.248,nan,nan,nan,steady,2.0454,1.2159,0.1397,17.2411,15.6896
118124001,1783507874.059,28.466,2.0629,1.2140,0.1544,2.3986,30.5,1.0179,1.0211,1.1017,0.9145,1.3864,1.3821,23.60,118124001,1326022298738,-1.000,24.056,nan,nan,nan,steady,2.0514,1.2175,0.1397,17.2465,15.6896
118144001,1783507874.089,28.497,2.0643,1.2147,0.1544,2.4001,30.5,1.0182,1.0212,1.1022,0.9118,1.3825,1.3782,20.98,118144001,1326022331747,-1.000,21.483,nan,nan,nan,steady,2.0575,1.2193,0.1397,17.2536,15.6896
118164001,1783507874.118,28.525,2.0663,1.2155,0.1543,2.4023,30.5,1.0181,1.0211,1.1022,0.9150,1.3873,1.3830,19.16,118164001,1326022362076,-1.000,19.704,nan,nan,nan,steady,2.0620,1.2203,0.1396,17.2678,15.6896
118184001,1783507874.151,28.558,2.0694,1.2164,0.1543,2.4054,30.4,1.0182,1.0213,1.1026,0.9069,1.3752,1.3708,23.82,118184001,1326022390521,-1.000,24.254,nan,nan,nan,steady,2.0698,1.2218,0.1396,17.2750,15.7033
118248001,1783507874.183,28.591,2.0720,1.2174,0.1543,2.4081,30.4,1.0199,1.0229,1.1046,0.8977,1.3613,1.3570,19.82,118248001,1326022426900,-1.000,20.263,nan,nan,nan,steady,2.0704,1.2237,0.1396,17.2809,15.7033
118268001,1783507874.224,28.631,2.0756,1.2181,0.1543,2.4116,30.4,1.0194,1.0224,1.1043,0.9067,1.3752,1.3708,31.33,118268001,1326022455926,-1.000,31.798,nan,nan,nan,steady,2.0785,1.2224,0.1396,17.3055,15.7033
118284001,1783507874.256,28.664,2.0806,1.2190,0.1543,2.4163,30.4,1.0182,1.0212,1.1032,0.8965,1.3597,1.3554,22.93,118284001,1326022496622,-1.000,23.401,nan,nan,nan,steady,2.0897,1.2236,0.1398,17.3118,15.7394
118304001,1783507874.279,28.686,2.0862,1.2198,0.1544,2.4216,30.3,1.0182,1.0211,1.1035,0.8934,1.3551,1.3507,12.30,118304001,1326022529917,-1.000,12.781,nan,nan,nan,steady,2.0980,1.2237,0.1399,17.3194,15.7394
118324001,1783507874.311,28.718,2.0922,1.2205,0.1544,2.4270,30.3,1.0182,1.0211,1.1038,0.8910,1.3516,1.3472,21.54,118324001,1326022552803,-1.000,22.135,nan,nan,nan,steady,2.1052,1.2241,0.1399,17.3259,15.7394
118348001,1783507874.340,28.748,2.0981,1.2213,0.1544,2.4326,30.2,1.0178,1.0207,1.1036,0.8881,1.3472,1.3429,19.74,118348001,1326022583986,-1.000,20.271,nan,nan,nan,steady,2.1109,1.2252,0.1399,17.3288,15.7394
118444001,1783507874.377,28.785,2.1024,1.2231,0.1544,2.4372,30.2,1.0188,1.0216,1.1049,0.9037,1.3710,1.3666,19.95,118444001,1326022620776,-1.000,20.567,nan,nan,nan,steady,2.1066,1.2333,0.1398,17.3657,15.6781
118468001,1783507874.408,28.816,2.1069,1.2244,0.1543,2.4417,30.2,1.0187,1.0215,1.1050,0.9008,1.3667,1.3622,21.40,118468001,1326022650226,-1.000,21.832,nan,nan,nan,steady,2.1127,1.2314,0.1396,17.3690,15.6781
118488001,1783507874.439,28.847,2.1124,1.2252,0.1542,2.4469,30.1,1.0186,1.0214,1.1051,0.9170,1.3913,1.3867,21.97,118488001,1326022680900,-1.000,22.419,nan,nan,nan,steady,2.1227,1.2303,0.1396,17.3765,15.6073
118508001,1783507874.470,28.877,2.1185,1.2252,0.1540,2.4521,30.0,1.0188,1.0216,1.1055,0.9126,1.3846,1.3801,21.22,118508001,1326022712256,-1.000,21.687,nan,nan,nan,steady,2.1312,1.2264,0.1395,17.3847,15.6073
118524001,1783507874.498,28.906,2.1253,1.2243,0.1538,2.4576,29.9,1.0199,1.0226,1.1067,0.9144,1.3874,1.3828,19.31,118524001,1326022742713,-1.000,19.752,nan,nan,nan,steady,2.1411,1.2220,0.1394,17.4013,15.6073
118548001,1783507874.531,28.939,2.1330,1.2227,0.1537,2.4634,29.8,1.0206,1.0233,1.1076,0.9108,1.3817,1.3772,23.35,118548001,1326022771413,-1.000,23.851,nan,nan,nan,steady,2.1524,1.2166,0.1394,17.4050,15.6073
118628001,1783507874.566,28.974,2.1392,1.2212,0.1537,2.4680,29.7,1.0214,1.0241,1.1086,0.8855,1.3434,1.3391,19.35,118628001,1326022810632,-1.000,19.856,nan,nan,nan,steady,2.1521,1.2157,0.1393,17.4336,15.7123
118644001,1783507874.596,29.003,2.1449,1.2186,0.1536,2.4717,29.6,1.0220,1.0246,1.1093,0.8832,1.3397,1.3354,19.59,118644001,1326022839547,-1.000,20.080,nan,nan,nan,steady,2.1563,1.2072,0.1393,17.4331,15.7123
118664001,1783507874.626,29.033,2.1499,1.2153,0.1536,2.4744,29.5,1.0217,1.0243,1.1089,0.8821,1.3380,1.3337,20.35,118664001,1326022868682,-1.000,21.010,nan,nan,nan,steady,2.1580,1.2004,0.1392,17.4373,15.7123
118684001,1783507874.659,29.067,2.1545,1.2115,0.1535,2.4765,29.3,1.0226,1.0252,1.1100,0.8973,1.3607,1.3564,24.05,118684001,1326022898434,-1.000,24.627,nan,nan,nan,steady,2.1608,1.1947,0.1392,17.4460,15.6549
118708001,1783507874.688,29.095,2.1591,1.2075,0.1535,2.4786,29.2,1.0240,1.0265,1.1114,0.8958,1.3583,1.3541,19.42,118708001,1326022932069,-1.000,19.842,nan,nan,nan,steady,2.1655,1.1910,0.1393,17.4503,15.6549
118728001,1783507874.719,29.126,2.1642,1.2040,0.1535,2.4813,29.1,1.0232,1.0258,1.1106,0.8955,1.3576,1.3534,21.27,118728001,1326022960750,-1.000,21.768,nan,nan,nan,steady,2.1735,1.1893,0.1393,17.4592,15.6549
118808001,1783507874.752,29.160,2.1684,1.2002,0.1536,2.4831,29.0,1.0266,1.0291,1.1143,0.8721,1.3219,1.3178,19.62,118808001,1326022996061,-1.000,20.211,nan,nan,nan,steady,2.1741,1.1854,0.1390,17.4682,15.7036
118828001,1783507874.783,29.191,2.1732,1.1955,0.1535,2.4851,28.8,1.0268,1.0293,1.1146,0.8850,1.3411,1.3371,21.54,118828001,1326023025238,-1.000,21.954,nan,nan,nan,steady,2.1823,1.1748,0.1386,17.4872,15.7036
118848001,1783507874.818,29.226,2.1785,1.1900,0.1535,2.4871,28.6,1.0267,1.0292,1.1145,0.8828,1.3376,1.3336,25.73,118848001,1326023056104,-1.000,26.169,nan,nan,nan,steady,2.1891,1.1654,0.1382,17.4968,15.7036
118868001,1783507874.849,29.256,2.1838,1.1837,0.1534,2.4887,28.5,1.0266,1.0291,1.1143,0.8826,1.3368,1.3329,21.15,118868001,1326023091281,-1.000,21.595,nan,nan,nan,steady,2.1947,1.1547,0.1379,17.5018,15.7036
118884001,1783507874.878,29.285,2.1883,1.1771,0.1532,2.4895,28.3,1.0277,1.0302,1.1154,0.8767,1.3275,1.3237,19.56,118884001,1326023121781,-1.000,20.091,nan,nan,nan,steady,2.1954,1.1462,0.1375,17.5116,15.7491
118908001,1783507874.911,29.318,2.1918,1.1704,0.1531,2.4895,28.1,1.0278,1.0302,1.1152,0.8773,1.3279,1.3242,23.47,118908001,1326023150930,-1.000,23.942,nan,nan,nan,steady,2.1945,1.1399,0.1373,17.5168,15.7491
119008001,1783507874.950,29.358,2.1943,1.1654,0.1528,2.4893,28.0,1.0289,1.0313,1.1163,0.8995,1.3611,1.3574,21.36,119008001,1326023192323,-1.000,21.829,nan,nan,nan,steady,2.1915,1.1440,0.1368,17.5495,15.6559
119028001,1783507874.984,29.392,2.1973,1.1612,0.1525,2.4899,27.9,1.0303,1.0327,1.1175,0.8981,1.3587,1.3551,24.72,119028001,1326023223067,-1.000,25.233,nan,nan,nan,steady,2.1973,1.1433,0.1365,17.5552,15.6559
119044001,1783507875.016,29.424,2.2010,1.1581,0.1522,2.4918,27.8,1.0303,1.0327,1.1173,0.8941,1.3522,1.3487,22.67,119044001,1326023257191,-1.000,23.123,nan,nan,nan,steady,2.2050,1.1453,0.1363,17.5569,15.6559
119068001,1783507875.049,29.457,2.2059,1.1563,0.1520,2.4952,27.7,1.0305,1.0329,1.1174,0.8912,1.3475,1.3441,23.42,119068001,1326023289190,-1.000,23.898,nan,nan,nan,steady,2.2146,1.1498,0.1363,17.5627,15.6559
119088001,1783507875.085,29.492,2.2117,1.1555,0.1517,2.4999,27.6,1.0316,1.0340,1.1184,0.8888,1.3435,1.3402,19.73,119088001,1326023328515,-1.000,20.147,nan,nan,nan,steady,2.2249,1.1531,0.1361,17.5737,15.6676
119108001,1783507875.116,29.524,2.2184,1.1557,0.1515,2.5059,27.5,1.0324,1.0348,1.1191,0.8860,1.3390,1.3357,22.34,119108001,1326023357672,-1.000,22.797,nan,nan,nan,steady,2.2356,1.1574,0.1360,17.5798,15.6676
119184001,1783507875.130,29.537,2.2262,1.1578,0.1512,2.5139,27.5,1.0344,1.0368,1.1212,0.9067,1.3701,1.3667,5.13,119184001,1326023388303,-1.000,5.603,nan,nan,nan,steady,2.2476,1.1696,0.1357,17.6083,15.5886
119204001,1783507875.167,29.574,2.2360,1.1606,0.1509,2.5238,27.4,1.0348,1.0371,1.1215,0.9013,1.3618,1.3585,19.71,119204001,1326023410596,-1.000,20.288,nan,nan,nan,steady,2.2664,1.1741,0.1354,17.6149,15.5886
119224001,1783507875.198,29.606,2.2477,1.1638,0.1506,2.5356,27.4,1.0354,1.0377,1.1221,0.8956,1.3530,1.3497,21.87,119224001,1326023440020,-1.000,22.448,nan,nan,nan,steady,2.2863,1.1791,0.1351,17.6136,15.5886
119248001,1783507875.230,29.637,2.2608,1.1673,0.1502,2.5488,27.3,1.0351,1.0374,1.1216,0.8875,1.3406,1.3374,21.62,119248001,1326023471516,-1.000,22.187,nan,nan,nan,steady,2.3052,1.1835,0.1348,17.6243,15.5886
119264001,1783507875.259,29.666,2.2748,1.1708,0.1499,2.5628,27.2,1.0364,1.0386,1.1228,0.8839,1.3351,1.3319,19.59,119264001,1326023502695,-1.000,20.033,nan,nan,nan,steady,2.3230,1.1866,0.1346,17.6233,15.5886
119284001,1783507875.292,29.699,2.2876,1.1742,0.1498,2.5757,27.2,1.0370,1.0393,1.1232,0.8446,1.2755,1.2725,22.29,119284001,1326023532848,-1.000,22.801,nan,nan,nan,steady,2.3316,1.1877,0.1343,17.6301,15.7670
119368001,1783507875.324,29.731,2.2978,1.1785,0.1496,2.5867,27.2,1.0382,1.0405,1.1243,0.8429,1.2728,1.2698,19.45,119368001,1326023567822,-1.000,20.008,nan,nan,nan,steady,2.3298,1.1966,0.1341,17.6508,15.7670
119384001,1783507875.354,29.761,2.3072,1.1829,0.1494,2.5970,27.1,1.0376,1.0398,1.1234,0.8681,1.3106,1.3076,20.76,119384001,1326023596791,-1.000,21.169,nan,nan,nan,steady,2.3354,1.2019,0.1342,17.6599,15.6489
119404001,1783507875.383,29.791,2.3155,1.1872,0.1493,2.6064,27.1,1.0398,1.0420,1.1257,0.8651,1.3058,1.3028,19.80,119404001,1326023626856,-1.000,20.220,nan,nan,nan,steady,2.3392,1.2057,0.1342,17.6580,15.6489
119424001,1783507875.415,29.822,2.3235,1.1912,0.1492,2.6153,27.1,1.0389,1.0411,1.1246,0.8657,1.3066,1.3036,21.45,119424001,1326023657064,-1.000,21.841,nan,nan,nan,steady,2.3462,1.2085,0.1341,17.6710,15.6489
119444001,1783507875.447,29.854,2.3309,1.1944,0.1490,2.6234,27.1,1.0391,1.0413,1.1247,0.8599,1.2977,1.2947,22.21,119444001,1326023687930,-1.000,22.672,nan,nan,nan,steady,2.3514,1.2071,0.1338,17.6693,15.6489
119464001,1783507875.477,29.884,2.3378,1.1968,0.1488,2.6306,27.1,1.0409,1.0431,1.1265,0.8620,1.3007,1.2978,21.21,119464001,1326023719383,-1.000,21.618,nan,nan,nan,steady,2.3560,1.2060,0.1336,17.6789,15.6489
119564001,1783507875.515,29.923,2.3415,1.1992,0.1486,2.6350,27.1,1.0429,1.0450,1.1286,0.8313,1.2542,1.2514,21.04,119564001,1326023757542,-1.000,21.490,nan,nan,nan,steady,2.3464,1.2088,0.1331,17.6994,15.7900
119588001,1783507875.546,29.953,2.3444,1.2003,0.1484,2.6380,27.1,1.0439,1.0460,1.1296,0.8513,1.2842,1.2813,20.96,119588001,1326023788016,-1.000,21.571,nan,nan,nan,steady,2.3463,1.2031,0.1330,17.6981,15.6783
119608001,1783507875.576,29.983,2.3467,1.1997,0.1482,2.6397,27.1,1.0438,1.0459,1.1294,0.8510,1.2835,1.2806,20.13,119608001,1326023818984,-1.000,20.903,nan,nan,nan,steady,2.3459,1.1955,0.1328,17.7027,15.6783
119628001,1783507875.615,30.023,2.3484,1.1972,0.1480,2.6401,27.0,1.0460,1.0481,1.1319,0.8531,1.2865,1.2837,30.17,119628001,1326023848784,-1.000,30.587,nan,nan,nan,steady,2.3455,1.1840,0.1325,17.7109,15.6783
119648001,1783507875.646,30.053,2.3495,1.1930,0.1478,2.6392,26.9,1.0458,1.0479,1.1317,0.8541,1.2879,1.2850,21.05,119648001,1326023888357,-1.000,21.507,nan,nan,nan,steady,2.3440,1.1716,0.1321,17.7122,15.6783
119664001,1783507875.678,30.085,2.3505,1.1874,0.1476,2.6375,26.8,1.0474,1.0495,1.1334,0.8552,1.2893,1.2864,22.23,119664001,1326023918854,-1.000,22.688,nan,nan,nan,steady,2.3444,1.1604,0.1320,17.7206,15.6783
119764001,1783507875.714,30.122,2.3511,1.1818,0.1473,2.6356,26.7,1.0493,1.0514,1.1356,0.8776,1.3229,1.3200,20.69,119764001,1326023957016,-1.000,21.198,nan,nan,nan,steady,2.3430,1.1562,0.1314,17.7406,15.5851
119788001,1783507875.743,30.150,2.3523,1.1748,0.1470,2.6335,26.5,1.0499,1.0519,1.1365,0.8558,1.2900,1.2871,19.33,119788001,1326023987046,-1.000,19.724,nan,nan,nan,steady,2.3478,1.1416,0.1309,17.7495,15.6821
119804001,1783507875.776,30.184,2.3538,1.1665,0.1467,2.6311,26.4,1.0502,1.0523,1.1370,0.8566,1.2910,1.2881,23.88,119804001,1326024015765,-1.000,24.353,nan,nan,nan,steady,2.3506,1.1268,0.1305,17.7518,15.6821
119824001,1783507875.805,30.212,2.3553,1.1571,0.1464,2.6283,26.2,1.0498,1.0518,1.1365,0.8542,1.2872,1.2843,19.35,119824001,1326024049049,-1.000,19.769,nan,nan,nan,steady,2.3525,1.1126,0.1301,17.7514,15.6821
119848001,1783507875.836,30.243,2.3566,1.1471,0.1461,2.6251,26.0,1.0506,1.0527,1.1375,0.8606,1.2966,1.2937,21.91,119848001,1326024077620,-1.000,22.331,nan,nan,nan,steady,2.3527,1.0998,0.1297,17.7634,15.6821
119864001,1783507875.864,30.272,2.3582,1.1374,0.1459,2.6223,25.7,1.0487,1.0508,1.1355,0.8568,1.2906,1.2878,18.72,119864001,1326024108901,-1.000,19.288,nan,nan,nan,steady,2.3560,1.0921,0.1297,17.7631,15.6821
119944001,1783507875.904,30.311,2.3594,1.1294,0.1456,2.6198,25.6,1.0494,1.0515,1.1363,0.8634,1.3003,1.2975,23.81,119944001,1326024143668,-1.000,24.292,nan,nan,nan,steady,2.3543,1.0930,0.1293,17.7817,15.6429
119968001,1783507875.935,30.342,2.3612,1.1219,0.1453,2.6182,25.4,1.0500,1.0521,1.1371,0.8635,1.3004,1.2976,21.25,119968001,1326024176965,-1.000,21.756,nan,nan,nan,steady,2.3592,1.0872,0.1291,17.7850,15.6429
119984001,1783507875.955,30.363,2.3644,1.1147,0.1450,2.6180,25.2,1.0504,1.0524,1.1375,0.8827,1.3293,1.3263,10.97,119984001,1326024207626,-1.000,11.490,nan,nan,nan,steady,2.3683,1.0822,0.1287,17.7852,15.5270
120004001,1783507875.986,30.393,2.3691,1.1078,0.1446,2.6194,25.1,1.0490,1.0510,1.1360,0.8807,1.3261,1.3231,21.17,120004001,1326024228121,-1.000,21.699,nan,nan,nan,steady,2.3791,1.0760,0.1282,17.7888,15.5270
120024001,1783507876.013,30.420,2.3751,1.1012,0.1441,2.6219,24.9,1.0503,1.0523,1.1372,0.8786,1.3227,1.3197,17.55,120024001,1326024258892,-1.000,18.081,nan,nan,nan,steady,2.3902,1.0706,0.1277,17.7987,15.5270
120048001,1783507876.042,30.449,2.3819,1.0955,0.1438,2.6257,24.7,1.0500,1.0520,1.1367,0.8765,1.3194,1.3164,19.40,120048001,1326024285894,-1.000,19.822,nan,nan,nan,steady,2.4007,1.0691,0.1275,17.8025,15.5270
120128001,1783507876.082,30.489,2.3879,1.0917,0.1434,2.6296,24.6,1.0499,1.0519,1.1366,0.8591,1.2930,1.2901,23.87,120128001,1326024321456,-1.000,24.381,nan,nan,nan,steady,2.4032,1.0740,0.1270,17.8247,15.6099
120144001,1783507876.113,30.520,2.3939,1.0884,0.1431,2.6336,24.4,1.0511,1.0530,1.1376,0.8552,1.2872,1.2843,21.31,120144001,1326024354781,-1.000,21.782,nan,nan,nan,steady,2.4094,1.0724,0.1268,17.8255,15.6099
120168001,1783507876.145,30.552,2.3995,1.0858,0.1428,2.6376,24.3,1.0508,1.0527,1.1371,0.8553,1.2872,1.2842,22.57,120168001,1326024385525,-1.000,23.270,nan,nan,nan,steady,2.4135,1.0725,0.1268,17.8301,15.6099
120188001,1783507876.174,30.581,2.4033,1.0837,0.1426,2.6402,24.3,1.0524,1.0544,1.1386,0.8378,1.2606,1.2577,19.69,120188001,1326024417695,-1.000,20.239,nan,nan,nan,steady,2.4104,1.0711,0.1267,17.8310,15.7134
120208001,1783507876.213,30.621,2.4051,1.0817,0.1425,2.6410,24.2,1.0530,1.0549,1.1390,0.8434,1.2689,1.2660,28.73,120208001,1326024447867,-1.000,29.186,nan,nan,nan,steady,2.4036,1.0693,0.1266,17.8455,15.7134
120228001,1783507876.246,30.654,2.4049,1.0804,0.1423,2.6403,24.2,1.0536,1.0555,1.1394,0.8405,1.2643,1.2615,23.52,120228001,1326024486045,-1.000,23.996,nan,nan,nan,steady,2.3951,1.0712,0.1267,17.8466,15.7134
120324001,1783507876.284,30.692,2.4022,1.0811,0.1422,2.6381,24.2,1.0550,1.0569,1.1408,0.8498,1.2782,1.2753,23.67,120324001,1326024524318,-1.000,24.130,nan,nan,nan,steady,2.3804,1.0823,0.1266,17.8681,15.6857
120348001,1783507876.314,30.721,2.3987,1.0820,0.1421,2.6352,24.3,1.0548,1.0567,1.1405,0.8496,1.2778,1.2749,19.09,120348001,1326024558292,-1.000,19.480,nan,nan,nan,steady,2.3742,1.0832,0.1265,17.8669,15.6857
120368001,1783507876.342,30.750,2.3949,1.0829,0.1420,2.6322,24.3,1.0537,1.0556,1.1393,0.8510,1.2799,1.2770,19.15,120368001,1326024586737,-1.000,19.640,nan,nan,nan,steady,2.3703,1.0829,0.1265,17.8755,15.6857
120388001,1783507876.372,30.779,2.3916,1.0833,0.1418,2.6293,24.4,1.0544,1.0563,1.1400,0.8621,1.2965,1.2936,19.85,120388001,1326024615278,-1.000,20.353,nan,nan,nan,steady,2.3683,1.0813,0.1263,17.8842,15.6317
120408001,1783507876.401,30.809,2.3890,1.0835,0.1416,2.6271,24.4,1.0549,1.0568,1.1405,0.8614,1.2954,1.2925,19.91,120408001,1326024644497,-1.000,20.542,nan,nan,nan,steady,2.3690,1.0809,0.1262,17.8930,15.6317
120424001,1783507876.431,30.838,2.3876,1.0832,0.1415,2.6256,24.4,1.0556,1.0575,1.1413,0.8609,1.2947,1.2917,19.20,120424001,1326024675232,-1.000,19.674,nan,nan,nan,steady,2.3727,1.0778,0.1261,17.8922,15.6317
120508001,1783507876.468,30.875,2.3866,1.0839,0.1412,2.6250,24.4,1.0558,1.0577,1.1416,0.8651,1.3011,1.2980,23.01,120508001,1326024708266,-1.000,23.577,nan,nan,nan,steady,2.3728,1.0839,0.1258,17.9167,15.6191
120528001,1783507876.496,30.904,2.3871,1.0843,0.1410,2.6256,24.4,1.0550,1.0568,1.1408,0.8612,1.2952,1.2921,19.20,120528001,1326024740726,-1.000,19.619,nan,nan,nan,steady,2.3808,1.0822,0.1256,17.9164,15.6191
120548001,1783507876.526,30.933,2.3890,1.0841,0.1408,2.6272,24.4,1.0544,1.0562,1.1401,0.8570,1.2889,1.2858,20.21,120548001,1326024769291,-1.000,20.694,nan,nan,nan,steady,2.3884,1.0795,0.1254,17.9187,15.6191
120568001,1783507876.557,30.965,2.3917,1.0835,0.1406,2.6294,24.4,1.0545,1.0563,1.1401,0.8597,1.2929,1.2898,21.49,120568001,1326024799047,-1.000,21.964,nan,nan,nan,steady,2.3946,1.0765,0.1252,17.9259,15.6191
120588001,1783507876.590,30.998,2.3945,1.0828,0.1404,2.6317,24.3,1.0534,1.0551,1.1387,0.8510,1.2799,1.2768,24.00,120588001,1326024829872,-1.000,24.458,nan,nan,nan,steady,2.3982,1.0748,0.1250,17.9235,15.6632
120608001,1783507876.620,31.027,2.3970,1.0821,0.1402,2.6337,24.3,1.0538,1.0555,1.1390,0.8505,1.2791,1.2760,19.90,120608001,1326024863290,-1.000,20.323,nan,nan,nan,steady,2.3987,1.0749,0.1250,17.9358,15.6632
120688001,1783507876.657,31.064,2.3984,1.0827,0.1401,2.6352,24.3,1.0548,1.0564,1.1399,0.8568,1.2885,1.2853,21.05,120688001,1326024899099,-1.000,21.486,nan,nan,nan,steady,2.3940,1.0825,0.1248,17.9470,15.6124
120708001,1783507876.690,31.097,2.4000,1.0832,0.1399,2.6368,24.3,1.0542,1.0558,1.1392,0.8534,1.2835,1.2803,23.86,120708001,1326024929522,-1.000,24.353,nan,nan,nan,steady,2.3976,1.0815,0.1245,17.9499,15.6124
120728001,1783507876.723,31.130,2.4018,1.0833,0.1396,2.6385,24.3,1.0541,1.0557,1.1390,0.8548,1.2855,1.2823,23.29,120728001,1326024962818,-1.000,23.738,nan,nan,nan,steady,2.4004,1.0801,0.1243,17.9581,15.6124
120744001,1783507876.753,31.160,2.4037,1.0835,0.1394,2.6403,24.3,1.0545,1.0559,1.1392,0.8563,1.2877,1.2845,19.43,120744001,1326024996625,-1.000,19.936,nan,nan,nan,steady,2.4026,1.0799,0.1242,17.9664,15.6124
120768001,1783507876.783,31.191,2.4055,1.0837,0.1392,2.6420,24.3,1.0544,1.0558,1.1391,0.8519,1.2812,1.2779,21.43,120768001,1326025025433,-1.000,21.858,nan,nan,nan,steady,2.4036,1.0811,0.1241,17.9696,15.6124
120788001,1783507876.797,31.204,2.4082,1.0838,0.1389,2.6445,24.2,1.0533,1.0546,1.1378,0.8648,1.3006,1.2973,4.02,120788001,1326025056026,-1.000,4.534,nan,nan,nan,steady,2.4102,1.0810,0.1240,17.9728,15.5366
120884001,1783507876.838,31.246,2.4099,1.0857,0.1387,2.6468,24.3,1.0550,1.0562,1.1397,0.8531,1.2831,1.2797,19.65,120884001,1326025082059,-1.000,20.251,nan,nan,nan,steady,2.4069,1.0916,0.1236,17.9945,15.6082
120908001,1783507876.867,31.275,2.4124,1.0872,0.1385,2.6497,24.3,1.0541,1.0553,1.1388,0.8522,1.2818,1.2784,19.59,120908001,1326025111248,-1.000,20.043,nan,nan,nan,steady,2.4144,1.0903,0.1235,17.9961,15.6082
120924001,1783507876.899,31.306,2.4154,1.0878,0.1384,2.6526,24.2,1.0549,1.0561,1.1397,0.8509,1.2798,1.2764,21.84,120924001,1326025140308,-1.000,22.336,nan,nan,nan,steady,2.4193,1.0857,0.1233,17.9978,15.6082
120948001,1783507876.930,31.337,2.4185,1.0876,0.1382,2.6554,24.2,1.0547,1.0557,1.1395,0.8507,1.2796,1.2761,21.27,120948001,1326025171664,-1.000,21.907,nan,nan,nan,steady,2.4229,1.0820,0.1232,18.0114,15.6082
120964001,1783507876.958,31.366,2.4219,1.0867,0.1381,2.6581,24.2,1.0545,1.0555,1.1392,0.8519,1.2814,1.2779,19.36,120964001,1326025202488,-1.000,19.790,nan,nan,nan,steady,2.4277,1.0777,0.1230,18.0113,15.6082
120988001,1783507876.992,31.399,2.4268,1.0852,0.1379,2.6619,24.1,1.0549,1.0558,1.1397,0.8744,1.3153,1.3117,24.18,120988001,1326025231219,-1.000,24.644,nan,nan,nan,steady,2.4382,1.0742,0.1227,18.0153,15.4705
121064001,1783507877.030,31.437,2.4326,1.0843,0.1376,2.6668,24.0,1.0549,1.0557,1.1398,0.8716,1.3111,1.3075,21.82,121064001,1326025271239,-1.000,22.314,nan,nan,nan,steady,2.4471,1.0778,0.1223,18.0320,15.4705
121088001,1783507877.067,31.475,2.4391,1.0824,0.1373,2.6720,23.9,1.0546,1.0553,1.1394,0.8541,1.2848,1.2813,21.79,121088001,1326025309090,-1.000,22.347,nan,nan,nan,steady,2.4578,1.0694,0.1219,18.0425,15.5649
121108001,1783507877.097,31.504,2.4459,1.0793,0.1370,2.6770,23.8,1.0542,1.0548,1.1390,0.8493,1.2777,1.2741,19.86,121108001,1326025340281,-1.000,20.332,nan,nan,nan,steady,2.4664,1.0601,0.1214,18.0469,15.5649
121124001,1783507877.124,31.531,2.4525,1.0753,0.1367,2.6814,23.7,1.0537,1.0542,1.1383,0.8505,1.2794,1.2758,17.74,121124001,1326025369524,-1.000,18.126,nan,nan,nan,steady,2.4715,1.0526,0.1212,18.0478,15.5649
121148001,1783507877.155,31.562,2.4583,1.0710,0.1365,2.6849,23.5,1.0533,1.0537,1.1378,0.8492,1.2775,1.2738,21.56,121148001,1326025396562,-1.000,22.029,nan,nan,nan,steady,2.4737,1.0468,0.1210,18.0505,15.5649
121168001,1783507877.185,31.593,2.4632,1.0661,0.1362,2.6874,23.4,1.0524,1.0527,1.1366,0.8513,1.2805,1.2769,21.21,121168001,1326025427697,-1.000,21.779,nan,nan,nan,steady,2.4745,1.0393,0.1206,18.0615,15.5821
121248001,1783507877.217,31.624,2.4661,1.0630,0.1359,2.6889,23.3,1.0515,1.0517,1.1354,0.8578,1.2902,1.2865,22.02,121248001,1326025458363,-1.000,22.426,nan,nan,nan,steady,2.4685,1.0448,0.1203,18.0873,15.5821
121264001,1783507877.248,31.656,2.4685,1.0605,0.1356,2.6900,23.2,1.0514,1.0515,1.1350,0.8633,1.2985,1.2947,20.14,121264001,1326025491064,-1.000,21.027,nan,nan,nan,steady,2.4688,1.0447,0.1201,18.0891,15.5533
121288001,1783507877.277,31.685,2.4706,1.0589,0.1353,2.6914,23.2,1.0509,1.0509,1.1341,0.8605,1.2941,1.2904,19.74,121288001,1326025521059,-1.000,20.189,nan,nan,nan,steady,2.4704,1.0477,0.1200,18.0943,15.5533
121304001,1783507877.308,31.716,2.4730,1.0587,0.1350,2.6934,23.2,1.0517,1.0516,1.1347,0.8619,1.2963,1.2925,21.70,121304001,1326025550209,-1.000,22.144,nan,nan,nan,steady,2.4735,1.0533,0.1199,18.1062,15.5533
121328001,1783507877.339,31.747,2.4752,1.0596,0.1348,2.6958,23.2,1.0517,1.0515,1.1344,0.8585,1.2910,1.2873,21.46,121328001,1326025581316,-1.000,21.904,nan,nan,nan,steady,2.4755,1.0597,0.1198,18.1115,15.5533
121348001,1783507877.369,31.776,2.4773,1.0618,0.1346,2.6986,23.2,1.0513,1.0511,1.1336,0.8559,1.2871,1.2834,19.96,121348001,1326025612132,-1.000,20.480,nan,nan,nan,steady,2.4767,1.0675,0.1198,18.1139,15.5627
121428001,1783507877.405,31.813,2.4785,1.0664,0.1344,2.7015,23.3,1.0525,1.0522,1.1347,0.8600,1.2933,1.2895,20.36,121428001,1326025648290,-1.000,20.890,nan,nan,nan,steady,2.4739,1.0837,0.1197,18.1387,15.5627
121448001,1783507877.436,31.843,2.4804,1.0718,0.1343,2.7054,23.4,1.0519,1.0516,1.1340,0.8528,1.2825,1.2787,20.97,121448001,1326025678164,-1.000,21.369,nan,nan,nan,steady,2.4799,1.0925,0.1197,18.1346,15.5627
121464001,1783507877.465,31.873,2.4829,1.0780,0.1342,2.7101,23.5,1.0519,1.0515,1.1337,0.8492,1.2772,1.2734,20.28,121464001,1326025708382,-1.000,20.732,nan,nan,nan,steady,2.4850,1.1013,0.1198,18.1475,15.5841
121484001,1783507877.496,31.903,2.4859,1.0843,0.1342,2.7154,23.6,1.0514,1.0509,1.1331,0.8485,1.2761,1.2723,20.86,121484001,1326025738312,-1.000,21.356,nan,nan,nan,steady,2.4908,1.1074,0.1197,18.1521,15.5841
121504001,1783507877.524,31.932,2.4889,1.0904,0.1342,2.7205,23.7,1.0524,1.0519,1.1340,0.8487,1.2764,1.2726,19.39,121504001,1326025768539,-1.000,19.838,nan,nan,nan,steady,2.4929,1.1119,0.1197,18.1554,15.5841
121528001,1783507877.555,31.962,2.4917,1.0956,0.1342,2.7252,23.7,1.0524,1.0518,1.1337,0.8462,1.2726,1.2688,21.10,121528001,1326025797176,-1.000,21.540,nan,nan,nan,steady,2.4951,1.1127,0.1195,18.1614,15.5841
121628001,1783507877.588,31.996,2.4929,1.1009,0.1342,2.7285,23.8,1.0540,1.0534,1.1354,0.8417,1.2657,1.2619,19.00,121628001,1326025832895,-1.000,19.399,nan,nan,nan,steady,2.4889,1.1205,0.1190,18.1800,15.5941
121648001,1783507877.622,32.029,2.4938,1.1046,0.1341,2.7307,23.9,1.0558,1.0551,1.1371,0.8451,1.2707,1.2669,24.07,121648001,1326025861049,-1.000,24.483,nan,nan,nan,steady,2.4887,1.1152,0.1188,18.1841,15.5941
121668001,1783507877.638,32.045,2.4941,1.1066,0.1340,2.7318,23.9,1.0576,1.0568,1.1389,0.8450,1.2705,1.2667,6.60,121668001,1326025894496,-1.000,7.041,nan,nan,nan,steady,2.4869,1.1094,0.1186,18.1894,15.5941
121684001,1783507877.671,32.079,2.4941,1.1063,0.1340,2.7317,23.9,1.0580,1.0571,1.1391,0.8529,1.2822,1.2783,19.56,121684001,1326025914900,-1.000,20.217,nan,nan,nan,steady,2.4853,1.0987,0.1184,18.2036,15.5984
121704001,1783507877.705,32.113,2.4933,1.1037,0.1338,2.7299,23.9,1.0589,1.0580,1.1398,0.8525,1.2814,1.2776,24.35,121704001,1326025944136,-1.000,24.994,nan,nan,nan,steady,2.4813,1.0847,0.1180,18.2003,15.5984
121728001,1783507877.734,32.141,2.4919,1.0989,0.1337,2.7267,23.8,1.0602,1.0592,1.1410,0.8611,1.2941,1.2903,19.54,121728001,1326025977986,-1.000,19.953,nan,nan,nan,steady,2.4769,1.0711,0.1177,18.2148,15.5984
121804001,1783507877.773,32.181,2.4893,1.0939,0.1335,2.7223,23.7,1.0592,1.0581,1.1397,0.8679,1.3042,1.3004,23.67,121804001,1326026013307,-1.000,24.116,nan,nan,nan,steady,2.4689,1.0656,0.1171,18.2363,15.5982
121828001,1783507877.804,32.212,2.4863,1.0875,0.1333,2.7170,23.6,1.0592,1.0580,1.1395,0.8675,1.3034,1.2995,21.24,121828001,1326026046399,-1.000,21.874,nan,nan,nan,steady,2.4645,1.0530,0.1167,18.2334,15.5982
121844001,1783507877.835,32.242,2.4830,1.0805,0.1331,2.7112,23.5,1.0585,1.0572,1.1385,0.8744,1.3136,1.3097,21.20,121844001,1326026077144,-1.000,21.708,nan,nan,nan,steady,2.4599,1.0434,0.1165,18.2477,15.5982
121868001,1783507877.866,32.274,2.4794,1.0730,0.1330,2.7049,23.4,1.0576,1.0562,1.1374,0.8754,1.3150,1.3112,22.24,121868001,1326026107661,-1.000,22.679,nan,nan,nan,steady,2.4552,1.0334,0.1163,18.2450,15.5982
121888001,1783507877.897,32.305,2.4756,1.0653,0.1328,2.6983,23.3,1.0571,1.0556,1.1366,0.8777,1.3184,1.3145,21.62,121888001,1326026139335,-1.000,22.056,nan,nan,nan,steady,2.4505,1.0251,0.1160,18.2605,15.6175
121908001,1783507877.928,32.336,2.4716,1.0577,0.1326,2.6917,23.2,1.0560,1.0544,1.1353,0.8757,1.3153,1.3114,21.61,121908001,1326026170343,-1.000,22.050,nan,nan,nan,steady,2.4460,1.0184,0.1157,18.2570,15.6175
121988001,1783507877.963,32.370,2.4666,1.0506,0.1324,2.6843,23.1,1.0571,1.0554,1.1365,0.8639,1.2976,1.2937,21.57,121988001,1326026204723,-1.000,22.110,nan,nan,nan,steady,2.4360,1.0156,0.1153,18.2727,15.6175
122008001,1783507877.992,32.399,2.4608,1.0439,0.1323,2.6764,23.0,1.0575,1.0558,1.1369,0.8788,1.3200,1.3160,19.60,122008001,1326026235708,-1.000,20.021,nan,nan,nan,steady,2.4273,1.0089,0.1154,18.2894,15.6784
122024001,1783507878.025,32.433,2.4548,1.0375,0.1322,2.6683,22.9,1.0557,1.0539,1.1351,0.8789,1.3201,1.3161,23.89,122024001,1326026264575,-1.000,24.436,nan,nan,nan,steady,2.4206,1.0035,0.1155,18.2972,15.6784
122048001,1783507878.054,32.461,2.4487,1.0316,0.1322,2.6605,22.8,1.0545,1.0526,1.1339,0.8831,1.3266,1.3225,19.51,122048001,1326026298029,-1.000,19.924,nan,nan,nan,steady,2.4148,0.9998,0.1154,18.3030,15.6784
122068001,1783507878.083,32.491,2.4434,1.0270,0.1321,2.6537,22.8,1.0530,1.0510,1.1323,0.8844,1.3286,1.3244,19.72,122068001,1326026326906,-1.000,20.530,nan,nan,nan,steady,2.4126,1.0005,0.1154,18.3096,15.6784
122188001,1783507878.134,32.542,2.4372,1.0259,0.1321,2.6476,22.8,1.0527,1.0506,1.1321,0.8776,1.3185,1.3143,21.39,122188001,1326026376361,-1.000,21.929,nan,nan,nan,steady,2.4028,1.0176,0.1153,18.3449,15.7284
122208001,1783507878.164,32.572,2.4321,1.0260,0.1321,2.6429,22.9,1.0536,1.0514,1.1331,0.8805,1.3229,1.3187,19.21,122208001,1326026408393,-1.000,19.681,nan,nan,nan,steady,2.4027,1.0218,0.1153,18.3623,15.7284
122224001,1783507878.195,32.602,2.4281,1.0272,0.1320,2.6397,22.9,1.0526,1.0504,1.1319,0.8749,1.3146,1.3104,21.22,122224001,1326026437002,-1.000,21.706,nan,nan,nan,steady,2.4041,1.0276,0.1152,18.3604,15.7284
122248001,1783507878.227,32.634,2.4250,1.0296,0.1320,2.6379,23.0,1.0527,1.0504,1.1319,0.8753,1.3153,1.3110,21.34,122248001,1326026468788,-1.000,21.768,nan,nan,nan,steady,2.4049,1.0346,0.1151,18.3681,15.7284
122264001,1783507878.260,32.668,2.4228,1.0329,0.1319,2.6371,23.1,1.0535,1.0511,1.1324,0.8741,1.3134,1.3091,24.51,122264001,1326026499461,-1.000,24.948,nan,nan,nan,steady,2.4062,1.0423,0.1150,18.3764,15.7284
122284001,1783507878.291,32.698,2.4217,1.0373,0.1318,2.6378,23.2,1.0520,1.0496,1.1306,0.8839,1.3281,1.3238,21.01,122284001,1326026533299,-1.000,21.431,nan,nan,nan,steady,2.4087,1.0515,0.1149,18.3843,15.6707
122364001,1783507878.324,32.731,2.4210,1.0441,0.1317,2.6399,23.3,1.0541,1.0517,1.1327,0.8833,1.3272,1.3229,19.39,122364001,1326026567968,-1.000,19.791,nan,nan,nan,steady,2.4095,1.0703,0.1149,18.4081,15.6707
122384001,1783507878.353,32.760,2.4220,1.0514,0.1316,2.6437,23.5,1.0539,1.0514,1.1322,0.8748,1.3145,1.3102,19.51,122384001,1326026596638,-1.000,20.000,nan,nan,nan,steady,2.4184,1.0792,0.1148,18.4172,15.6949
122408001,1783507878.380,32.787,2.4245,1.0588,0.1315,2.6488,23.6,1.0551,1.0525,1.1333,0.8764,1.3168,1.3125,17.49,122408001,1326026625706,-1.000,17.958,nan,nan,nan,steady,2.4271,1.0858,0.1147,18.4257,15.6949
122424001,1783507878.412,32.819,2.4280,1.0661,0.1314,2.6550,23.7,1.0543,1.0517,1.1322,0.8685,1.3049,1.3006,21.72,122424001,1326026653667,-1.000,22.187,nan,nan,nan,steady,2.4355,1.0925,0.1147,18.4249,15.6949
122448001,1783507878.441,32.849,2.4324,1.0732,0.1313,2.6618,23.8,1.0547,1.0520,1.1323,0.8697,1.3068,1.3024,19.67,122448001,1326026684871,-1.000,20.148,nan,nan,nan,steady,2.4429,1.0988,0.1146,18.4336,15.6949
122464001,1783507878.473,32.880,2.4368,1.0799,0.1313,2.6686,23.9,1.0548,1.0521,1.1321,0.8614,1.2942,1.2899,21.24,122464001,1326026714845,-1.000,21.672,nan,nan,nan,steady,2.4478,1.1031,0.1146,18.4431,15.7304
122548001,1783507878.503,32.910,2.4401,1.0868,0.1313,2.6745,24.0,1.0553,1.0525,1.1324,0.8481,1.2742,1.2699,18.55,122548001,1326026747801,-1.000,19.073,nan,nan,nan,steady,2.4457,1.1140,0.1147,18.4421,15.7304
122564001,1783507878.533,32.940,2.4433,1.0929,0.1313,2.6799,24.1,1.0561,1.0532,1.1330,0.8610,1.2935,1.2892,20.43,122564001,1326026775878,-1.000,20.974,nan,nan,nan,steady,2.4487,1.1142,0.1147,18.4703,15.7304
122584001,1783507878.563,32.971,2.4472,1.0983,0.1312,2.6856,24.2,1.0571,1.0541,1.1338,0.8820,1.3249,1.3205,21.11,122584001,1326026805687,-1.000,21.511,nan,nan,nan,steady,2.4543,1.1161,0.1146,18.4702,15.6168
122604001,1783507878.592,33.000,2.4514,1.1030,0.1310,2.6913,24.2,1.0557,1.0527,1.1321,0.8825,1.3257,1.3213,19.59,122604001,1326026836177,-1.000,20.052,nan,nan,nan,steady,2.4594,1.1176,0.1145,18.4801,15.6168
122624001,1783507878.622,33.029,2.4557,1.1071,0.1309,2.6969,24.3,1.0572,1.0541,1.1334,0.8772,1.3177,1.3133,19.91,122624001,1326026865293,-1.000,20.449,nan,nan,nan,steady,2.4643,1.1196,0.1145,18.4801,15.6168
122644001,1783507878.651,33.058,2.4603,1.1107,0.1307,2.7026,24.3,1.0557,1.0525,1.1316,0.8775,1.3181,1.3136,19.46,122644001,1326026894675,-1.000,19.866,nan,nan,nan,steady,2.4702,1.1213,0.1144,18.4902,15.6168
122724001,1783507878.688,33.096,2.4640,1.1155,0.1306,2.7079,24.4,1.0553,1.0521,1.1311,0.8683,1.3044,1.2999,19.49,122724001,1326026932368,-1.000,20.109,nan,nan,nan,steady,2.4694,1.1326,0.1145,18.5117,15.6552
122744001,1783507878.718,33.126,2.4679,1.1199,0.1305,2.7132,24.4,1.0574,1.0541,1.1333,0.8664,1.3016,1.2972,19.67,122744001,1326026962371,-1.000,20.080,nan,nan,nan,steady,2.4750,1.1344,0.1145,18.5123,15.6552
122768001,1783507878.750,33.157,2.4722,1.1238,0.1304,2.7188,24.4,1.0542,1.0509,1.1299,0.8656,1.3005,1.2960,21.64,122768001,1326026991391,-1.000,22.279,nan,nan,nan,steady,2.4814,1.1362,0.1146,18.5231,15.6552
122788001,1783507878.779,33.186,2.4762,1.1274,0.1304,2.7239,24.5,1.0550,1.0516,1.1308,0.8513,1.2791,1.2746,19.62,122788001,1326027022509,-1.000,20.122,nan,nan,nan,steady,2.4846,1.1382,0.1146,18.5239,15.7125
122808001,1783507878.808,33.216,2.4800,1.1307,0.1304,2.7287,24.5,1.0524,1.0489,1.1281,0.8505,1.2780,1.2735,20.43,122808001,1326027051538,-1.000,20.943,nan,nan,nan,steady,2.4882,1.1398,0.1146,18.5250,15.7125
122828001,1783507878.838,33.245,2.4831,1.1337,0.1305,2.7328,24.5,1.0528,1.0492,1.1285,0.8462,1.2716,1.2671,19.64,122828001,1326027081438,-1.000,20.127,nan,nan,nan,steady,2.4875,1.1423,0.1147,18.5260,15.7125
122908001,1783507878.872,33.280,2.4853,1.1382,0.1304,2.7366,24.6,1.0532,1.0496,1.1291,0.8668,1.3026,1.2980,19.75,122908001,1326027116240,-1.000,20.239,nan,nan,nan,steady,2.4846,1.1549,0.1147,18.5514,15.6344
122924001,1783507878.905,33.313,2.4883,1.1428,0.1304,2.7413,24.7,1.0521,1.0484,1.1280,0.8643,1.2991,1.2944,23.02,122924001,1326027145393,-1.000,24.087,nan,nan,nan,steady,2.4922,1.1588,0.1146,18.5532,15.6344
122948001,1783507878.937,33.344,2.4921,1.1472,0.1303,2.7466,24.7,1.0522,1.0484,1.1281,0.8616,1.2950,1.2903,20.07,122948001,1326027179544,-1.000,20.994,nan,nan,nan,steady,2.4990,1.1626,0.1145,18.5548,15.6344
122964001,1783507878.964,33.372,2.4959,1.1515,0.1302,2.7518,24.8,1.0520,1.0481,1.1278,0.8585,1.2904,1.2857,18.18,122964001,1326027209458,-1.000,18.633,nan,nan,nan,steady,2.5029,1.1659,0.1145,18.5568,15.6344
122988001,1783507878.993,33.401,2.4985,1.1556,0.1302,2.7559,24.8,1.0515,1.0475,1.1272,0.8343,1.2541,1.2495,19.89,122988001,1326027237113,-1.000,20.363,nan,nan,nan,steady,2.5013,1.1691,0.1146,18.5586,15.7477
123004001,1783507879.022,33.429,2.4998,1.1592,0.1303,2.7586,24.9,1.0508,1.0468,1.1265,0.8353,1.2556,1.2510,18.86,123004001,1326027266394,-1.000,19.290,nan,nan,nan,steady,2.4969,1.1706,0.1146,18.5609,15.7477
123088001,1783507879.060,33.467,2.4992,1.1641,0.1303,2.7601,25.0,1.0515,1.0474,1.1273,0.8498,1.2773,1.2726,21.59,123088001,1326027301415,-1.000,22.110,nan,nan,nan,steady,2.4873,1.1822,0.1147,18.5808,15.6926
123108001,1783507879.089,33.496,2.4984,1.1687,0.1303,2.7613,25.1,1.0509,1.0468,1.1268,0.8478,1.2744,1.2696,19.82,123108001,1326027332488,-1.000,20.267,nan,nan,nan,steady,2.4858,1.1853,0.1148,18.5826,15.6926
123128001,1783507879.128,33.535,2.4977,1.1731,0.1303,2.7626,25.2,1.0503,1.0461,1.1262,0.8462,1.2721,1.2673,29.37,123128001,1326027361713,-1.000,29.801,nan,nan,nan,steady,2.4865,1.1880,0.1148,18.5862,15.6926
123144001,1783507879.156,33.564,2.4973,1.1771,0.1302,2.7639,25.2,1.0501,1.0459,1.1261,0.8451,1.2704,1.2656,19.24,123144001,1326027400604,-1.000,19.676,nan,nan,nan,steady,2.4872,1.1907,0.1147,18.5888,15.6926
123168001,1783507879.187,33.595,2.4970,1.1806,0.1302,2.7651,25.3,1.0504,1.0461,1.1264,0.8448,1.2700,1.2651,21.81,123168001,1326027429111,-1.000,22.255,nan,nan,nan,steady,2.4872,1.1918,0.1147,18.5921,15.6926
123188001,1783507879.218,33.625,2.4970,1.1833,0.1302,2.7662,25.4,1.0515,1.0472,1.1276,0.8437,1.2684,1.2636,21.12,123188001,1326027460375,-1.000,21.571,nan,nan,nan,steady,2.4887,1.1906,0.1146,18.5948,15.6988
123264001,1783507879.254,33.661,2.4964,1.1862,0.1301,2.7670,25.4,1.0530,1.0486,1.1294,0.8444,1.2696,1.2647,19.68,123264001,1326027497472,-1.000,20.256,nan,nan,nan,steady,2.4851,1.1953,0.1146,18.6082,15.6988
123284001,1783507879.283,33.690,2.4974,1.1884,0.1300,2.7687,25.4,1.0491,1.0446,1.1253,0.8773,1.3190,1.3139,19.57,123284001,1326027526657,-1.000,20.211,nan,nan,nan,steady,2.4921,1.1935,0.1145,18.6122,15.5501
123308001,1783507879.312,33.719,2.5000,1.1897,0.1298,2.7717,25.5,1.0501,1.0456,1.1265,0.8724,1.3117,1.3066,19.71,123308001,1326027555721,-1.000,20.257,nan,nan,nan,steady,2.5016,1.1916,0.1143,18.6055,15.5501
123328001,1783507879.324,33.732,2.5041,1.1907,0.1296,2.7758,25.4,1.0499,1.0453,1.1262,0.8702,1.3085,1.3034,2.85,123328001,1326027584838,-1.000,3.420,nan,nan,nan,steady,2.5123,1.1909,0.1142,18.6098,15.5501
123344001,1783507879.365,33.773,2.5095,1.1916,0.1295,2.7810,25.4,1.0498,1.0452,1.1262,0.8671,1.3038,1.2987,23.64,123344001,1326027605105,-1.000,24.197,nan,nan,nan,steady,2.5231,1.1915,0.1141,18.6133,15.5501
123368001,1783507879.394,33.802,2.5162,1.1925,0.1293,2.7875,25.4,1.0483,1.0436,1.1246,0.8648,1.3004,1.2952,19.64,123368001,1326027638233,-1.000,20.141,nan,nan,nan,steady,2.5353,1.1928,0.1140,18.6187,15.5501
123444001,1783507879.431,33.838,2.5219,1.1934,0.1292,2.7930,25.3,1.0525,1.0476,1.1291,0.8149,1.2254,1.2205,22.45,123444001,1326027671687,-1.000,22.956,nan,nan,nan,steady,2.5380,1.1955,0.1138,18.6234,15.7320
123464001,1783507879.460,33.867,2.5261,1.1933,0.1292,2.7967,25.3,1.0518,1.0469,1.1285,0.8245,1.2398,1.2349,19.48,123464001,1326027703595,-1.000,19.962,nan,nan,nan,steady,2.5360,1.1889,0.1137,18.6302,15.7320
123488001,1783507879.489,33.896,2.5292,1.1921,0.1291,2.7990,25.2,1.0509,1.0459,1.1276,0.8486,1.2761,1.2710,19.69,123488001,1326027732422,-1.000,20.107,nan,nan,nan,steady,2.5331,1.1824,0.1136,18.6355,15.6243
123508001,1783507879.522,33.930,2.5319,1.1905,0.1290,2.8008,25.2,1.0506,1.0455,1.1274,0.8461,1.2723,1.2671,24.40,123508001,1326027761409,-1.000,24.853,nan,nan,nan,steady,2.5343,1.1787,0.1136,18.6298,15.6243
123528001,1783507879.551,33.959,2.5344,1.1887,0.1289,2.8023,25.1,1.0480,1.0428,1.1247,0.8458,1.2718,1.2666,19.32,123528001,1326027795274,-1.000,19.754,nan,nan,nan,steady,2.5363,1.1760,0.1135,18.6353,15.6243
123548001,1783507879.581,33.989,2.5371,1.1867,0.1288,2.8039,25.1,1.0489,1.0437,1.1258,0.8431,1.2677,1.2626,21.28,123548001,1326027823814,-1.000,21.697,nan,nan,nan,steady,2.5400,1.1739,0.1135,18.6398,15.6243
123628001,1783507879.618,34.025,2.5399,1.1858,0.1287,2.8060,25.0,1.0514,1.0461,1.1286,0.8419,1.2660,1.2608,20.17,123628001,1326027861240,-1.000,20.681,nan,nan,nan,steady,2.5425,1.1808,0.1134,18.6467,15.6082
123648001,1783507879.647,34.054,2.5431,1.1849,0.1285,2.8085,25.0,1.0487,1.0434,1.1259,0.8447,1.2702,1.2650,19.49,123648001,1326027890849,-1.000,19.912,nan,nan,nan,steady,2.5484,1.1779,0.1134,18.6487,15.6082
123668001,1783507879.680,34.087,2.5470,1.1840,0.1284,2.8117,24.9,1.0474,1.0419,1.1246,0.8427,1.2673,1.2621,23.83,123668001,1326027919626,-1.000,24.337,nan,nan,nan,steady,2.5554,1.1760,0.1133,18.6537,15.6082
123684001,1783507879.709,34.117,2.5511,1.1831,0.1283,2.8150,24.9,1.0457,1.0402,1.1228,0.8310,1.2497,1.2445,19.92,123684001,1326027952869,-1.000,20.531,nan,nan,nan,steady,2.5612,1.1746,0.1132,18.6602,15.6578
123704001,1783507879.743,34.151,2.5549,1.1823,0.1282,2.8181,24.8,1.0455,1.0399,1.1227,0.8302,1.2485,1.2433,24.06,123704001,1326027982342,-1.000,24.669,nan,nan,nan,steady,2.5632,1.1747,0.1131,18.6655,15.6578
123728001,1783507879.775,34.182,2.5583,1.1817,0.1282,2.8209,24.8,1.0439,1.0382,1.1209,0.8281,1.2454,1.2402,21.81,123728001,1326028016137,-1.000,22.615,nan,nan,nan,steady,2.5651,1.1749,0.1130,18.6623,15.6578
123824001,1783507879.814,34.222,2.5610,1.1837,0.1280,2.8242,24.8,1.0444,1.0386,1.1216,0.8336,1.2538,1.2485,20.97,123824001,1326028056586,-1.000,21.425,nan,nan,nan,steady,2.5639,1.1907,0.1129,18.6751,15.6196
123848001,1783507879.845,34.253,2.5635,1.1861,0.1279,2.8275,24.8,1.0436,1.0378,1.1210,0.8336,1.2539,1.2485,21.83,123848001,1326028086959,-1.000,22.321,nan,nan,nan,steady,2.5659,1.1935,0.1129,18.6825,15.6196
123864001,1783507879.876,34.283,2.5669,1.1888,0.1278,2.8317,24.8,1.0419,1.0360,1.1192,0.8309,1.2499,1.2445,21.15,123864001,1326028118241,-1.000,21.556,nan,nan,nan,steady,2.5740,1.1971,0.1128,18.6787,15.6196
123888001,1783507879.908,34.315,2.5719,1.1918,0.1277,2.8375,24.9,1.0424,1.0364,1.1198,0.8410,1.2650,1.2596,22.29,123888001,1326028148778,-1.000,22.738,nan,nan,nan,steady,2.5855,1.2011,0.1126,18.6864,15.5692
123904001,1783507879.936,34.344,2.5779,1.1950,0.1276,2.8443,24.9,1.0422,1.0362,1.1197,0.8360,1.2576,1.2521,19.41,123904001,1326028180490,-1.000,19.845,nan,nan,nan,steady,2.5956,1.2057,0.1125,18.6828,15.5692
123924001,1783507879.965,34.373,2.5841,1.1986,0.1275,2.8514,24.9,1.0408,1.0347,1.1182,0.8358,1.2573,1.2519,19.53,123924001,1326028209209,-1.000,19.935,nan,nan,nan,steady,2.6021,1.2109,0.1124,18.6923,15.5692
124004001,1783507880.002,34.409,2.5901,1.2039,0.1274,2.8591,24.9,1.0428,1.0366,1.1206,0.8249,1.2410,1.2356,20.53,124004001,1326028244553,-1.000,21.081,nan,nan,nan,steady,2.6079,1.2249,0.1123,18.7023,15.6144
124028001,1783507880.032,34.440,2.5958,1.2090,0.1274,2.8664,25.0,1.0423,1.0361,1.1203,0.8216,1.2361,1.2306,21.05,124028001,1326028274471,-1.000,21.558,nan,nan,nan,steady,2.6127,1.2277,0.1123,18.6993,15.6144
124048001,1783507880.061,34.468,2.6018,1.2135,0.1273,2.8737,25.0,1.0421,1.0358,1.1202,0.8224,1.2373,1.2318,19.29,124048001,1326028304889,-1.000,19.725,nan,nan,nan,steady,2.6198,1.2295,0.1122,18.7098,15.6144
124064001,1783507880.090,34.498,2.6081,1.2176,0.1273,2.8812,25.0,1.0421,1.0357,1.1202,0.8177,1.2301,1.2247,20.19,124064001,1326028333660,-1.000,20.666,nan,nan,nan,steady,2.6284,1.2316,0.1122,18.7052,15.6144
124084001,1783507880.131,34.539,2.6143,1.2213,0.1273,2.8883,25.0,1.0423,1.0359,1.1204,0.8160,1.2275,1.2221,21.70,124084001,1326028373265,-1.000,22.198,nan,nan,nan,steady,2.6336,1.2335,0.1121,18.7061,15.6184
124188001,1783507880.162,34.569,2.6203,1.2268,0.1272,2.8960,25.1,1.0445,1.0380,1.1227,0.8233,1.2383,1.2328,14.17,124188001,1326028411065,-1.000,14.682,nan,nan,nan,steady,2.6384,1.2488,0.1120,18.7175,15.5804
124208001,1783507880.193,34.601,2.6262,1.2313,0.1272,2.9033,25.1,1.0448,1.0382,1.1229,0.8247,1.2404,1.2349,20.93,124208001,1326028435911,-1.000,21.469,nan,nan,nan,steady,2.6439,1.2472,0.1119,18.7291,15.5804
124224001,1783507880.225,34.632,2.6317,1.2347,0.1271,2.9097,25.1,1.0437,1.0371,1.1217,0.8228,1.2373,1.2319,21.82,124224001,1326028466320,-1.000,22.344,nan,nan,nan,steady,2.6472,1.2453,0.1119,18.7272,15.5804
124248001,1783507880.255,34.663,2.6370,1.2370,0.1271,2.9155,25.1,1.0431,1.0364,1.1209,0.8218,1.2356,1.2301,19.91,124248001,1326028498720,-1.000,20.428,nan,nan,nan,steady,2.6522,1.2425,0.1118,18.7273,15.5804
124264001,1783507880.284,34.692,2.6415,1.2383,0.1271,2.9201,25.1,1.0449,1.0381,1.1225,0.8142,1.2239,1.2185,19.69,124264001,1326028528016,-1.000,20.138,nan,nan,nan,steady,2.6540,1.2392,0.1118,18.7353,15.6243
124284001,1783507880.317,34.725,2.6455,1.2386,0.1270,2.9238,25.1,1.0440,1.0372,1.1214,0.8147,1.2245,1.2192,24.06,124284001,1326028556962,-1.000,24.475,nan,nan,nan,steady,2.6556,1.2353,0.1117,18.7377,15.6243
124388001,1783507880.353,34.760,2.6485,1.2402,0.1269,2.9273,25.1,1.0457,1.0387,1.1229,0.8073,1.2132,1.2079,21.55,124388001,1326028594942,-1.000,22.032,nan,nan,nan,steady,2.6550,1.2449,0.1115,18.7547,15.6539
124404001,1783507880.383,34.791,2.6505,1.2407,0.1269,2.9293,25.1,1.0476,1.0405,1.1247,0.8098,1.2168,1.2115,20.83,124404001,1326028625801,-1.000,21.293,nan,nan,nan,steady,2.6524,1.2385,0.1115,18.7581,15.6539
124424001,1783507880.414,34.821,2.6513,1.2399,0.1268,2.9297,25.1,1.0448,1.0377,1.1215,0.8084,1.2145,1.2093,20.20,124424001,1326028657199,-1.000,20.796,nan,nan,nan,steady,2.6481,1.2322,0.1115,18.7549,15.6539
124448001,1783507880.447,34.854,2.6513,1.2383,0.1267,2.9289,25.0,1.0458,1.0387,1.1224,0.8110,1.2183,1.2130,23.52,124448001,1326028686967,-1.000,23.927,nan,nan,nan,steady,2.6449,1.2262,0.1115,18.7586,15.6539
124464001,1783507880.479,34.887,2.6511,1.2359,0.1266,2.9278,25.0,1.0453,1.0381,1.1217,0.8123,1.2201,1.2148,22.72,124464001,1326028719816,-1.000,23.208,nan,nan,nan,steady,2.6442,1.2209,0.1115,18.7676,15.6539
124484001,1783507880.508,34.915,2.6518,1.2334,0.1265,2.9274,24.9,1.0449,1.0376,1.1211,0.8270,1.2421,1.2368,19.53,124484001,1326028751931,-1.000,20.011,nan,nan,nan,steady,2.6483,1.2181,0.1114,18.7692,15.5801
124568001,1783507880.544,34.952,2.6533,1.2327,0.1263,2.9284,24.9,1.0454,1.0380,1.1216,0.8248,1.2388,1.2334,21.57,124568001,1326028786229,-1.000,22.169,nan,nan,nan,steady,2.6532,1.2272,0.1113,18.7748,15.5780
124584001,1783507880.574,34.981,2.6567,1.2321,0.1262,2.9312,24.9,1.0454,1.0380,1.1216,0.8214,1.2336,1.2283,20.08,124584001,1326028817401,-1.000,20.519,nan,nan,nan,steady,2.6652,1.2262,0.1111,18.7747,15.5780
124608001,1783507880.605,35.013,2.6620,1.2316,0.1261,2.9359,24.8,1.0445,1.0370,1.1205,0.8219,1.2343,1.2289,21.85,124608001,1326028846760,-1.000,22.309,nan,nan,nan,steady,2.6794,1.2256,0.1109,18.7796,15.5780
124628001,1783507880.634,35.042,2.6684,1.2313,0.1259,2.9415,24.8,1.0450,1.0374,1.1208,0.8213,1.2332,1.2279,19.47,124628001,1326028878127,-1.000,20.067,nan,nan,nan,steady,2.6895,1.2258,0.1109,18.7894,15.5780
124648001,1783507880.663,35.071,2.6750,1.2312,0.1259,2.9474,24.7,1.0435,1.0359,1.1191,0.8179,1.2279,1.2226,19.62,124648001,1326028907193,-1.000,20.067,nan,nan,nan,steady,2.6968,1.2269,0.1108,18.7824,15.5780
124664001,1783507880.697,35.105,2.6815,1.2316,0.1258,2.9535,24.7,1.0439,1.0361,1.1193,0.8178,1.2277,1.2224,24.41,124664001,1326028936227,-1.000,24.851,nan,nan,nan,steady,2.7026,1.2297,0.1108,18.7924,15.5780
124728001,1783507880.733,35.140,2.6877,1.2329,0.1257,2.9597,24.6,1.0452,1.0374,1.1207,0.8069,1.2112,1.2059,21.83,124728001,1326028974623,-1.000,22.324,nan,nan,nan,steady,2.7079,1.2369,0.1107,18.7883,15.5992
124748001,1783507880.765,35.173,2.6940,1.2343,0.1257,2.9660,24.6,1.0440,1.0361,1.1193,0.8109,1.2172,1.2119,21.69,124748001,1326029006993,-1.000,22.131,nan,nan,nan,steady,2.7150,1.2370,0.1107,18.8025,15.5992
124768001,1783507880.796,35.204,2.6998,1.2357,0.1257,2.9718,24.6,1.0430,1.0351,1.1183,0.8128,1.2198,1.2145,21.46,124768001,1326029038077,-1.000,21.921,nan,nan,nan,steady,2.7185,1.2376,0.1107,18.7989,15.5992
124788001,1783507880.825,35.232,2.7041,1.2367,0.1257,2.9762,24.6,1.0434,1.0354,1.1187,0.7985,1.1983,1.1931,19.32,124788001,1326029069005,-1.000,19.720,nan,nan,nan,steady,2.7174,1.2369,0.1107,18.8096,15.6964
124808001,1783507880.856,35.263,2.7066,1.2374,0.1258,2.9787,24.6,1.0412,1.0332,1.1164,0.7974,1.1965,1.1913,21.79,124808001,1326029097598,-1.000,22.186,nan,nan,nan,steady,2.7121,1.2363,0.1108,18.8037,15.6964
124828001,1783507880.885,35.292,2.7066,1.2380,0.1259,2.9789,24.6,1.0406,1.0325,1.1157,0.7978,1.1970,1.1918,19.45,124828001,1326029128749,-1.000,19.943,nan,nan,nan,steady,2.7012,1.2366,0.1109,18.8049,15.6964
124908001,1783507880.919,35.326,2.7063,1.2398,0.1259,2.9795,24.6,1.0455,1.0372,1.1211,0.8108,1.2165,1.2112,19.30,124908001,1326029162892,-1.000,19.702,nan,nan,nan,steady,2.6989,1.2470,0.1110,18.8116,15.6051
124928001,1783507880.950,35.357,2.7067,1.2415,0.1259,2.9805,24.6,1.0440,1.0357,1.1197,0.8140,1.2213,1.2160,22.01,124928001,1326029191357,-1.000,22.469,nan,nan,nan,steady,2.7026,1.2457,0.1110,18.8167,15.6051
124948001,1783507880.978,35.386,2.7078,1.2432,0.1258,2.9822,24.7,1.0417,1.0334,1.1173,0.8136,1.2206,1.2153,19.36,124948001,1326029222649,-1.000,19.769,nan,nan,nan,steady,2.7077,1.2462,0.1109,18.8281,15.6051
124964001,1783507881.001,35.408,2.7094,1.2450,0.1258,2.9844,24.7,1.0410,1.0326,1.1165,0.8141,1.2213,1.2160,12.51,124964001,1326029251338,-1.000,13.267,nan,nan,nan,steady,2.7110,1.2486,0.1108,18.8233,15.6051
124988001,1783507881.013,35.420,2.7112,1.2470,0.1258,2.9869,24.7,1.0406,1.0322,1.1162,0.8126,1.2190,1.2137,2.77,124988001,1326029273612,-1.000,3.283,nan,nan,nan,steady,2.7134,1.2520,0.1108,18.8254,15.6040
125004001,1783507881.052,35.459,2.7136,1.2495,0.1258,2.9901,24.7,1.0402,1.0317,1.1159,0.8116,1.2173,1.2120,21.69,125004001,1326029293745,-1.000,22.235,nan,nan,nan,steady,2.7189,1.2562,0.1108,18.8238,15.6040
125108001,1783507881.090,35.497,2.7145,1.2543,0.1258,2.9929,24.8,1.0405,1.0319,1.1163,0.7865,1.1798,1.1746,19.49,125108001,1326029333693,-1.000,20.015,nan,nan,nan,steady,2.7140,1.2740,0.1106,18.8356,15.7209
125124001,1783507881.120,35.528,2.7138,1.2586,0.1258,2.9941,24.9,1.0403,1.0317,1.1163,0.7883,1.1825,1.1773,20.91,125124001,1326029362688,-1.000,21.466,nan,nan,nan,steady,2.7070,1.2738,0.1107,18.8415,15.7209
125148001,1783507881.151,35.558,2.7125,1.2621,0.1257,2.9944,25.0,1.0400,1.0313,1.1161,0.7879,1.1818,1.1766,21.38,125148001,1326029393149,-1.000,21.759,nan,nan,nan,steady,2.7032,1.2734,0.1107,18.8444,15.7209
125164001,1783507881.181,35.589,2.7101,1.2649,0.1257,2.9933,25.0,1.0384,1.0297,1.1146,0.7891,1.1837,1.1784,21.03,125164001,1326029423669,-1.000,21.524,nan,nan,nan,steady,2.6956,1.2725,0.1107,18.8441,15.7209
125184001,1783507881.212,35.619,2.7081,1.2671,0.1256,2.9925,25.1,1.0394,1.0307,1.1159,0.7967,1.1951,1.1898,21.13,125184001,1326029453977,-1.000,21.564,nan,nan,nan,steady,2.6958,1.2724,0.1107,18.8472,15.6725
125208001,1783507881.247,35.654,2.7067,1.2688,0.1255,2.9919,25.1,1.0394,1.0306,1.1160,0.7960,1.1942,1.1888,25.10,125208001,1326029485417,-1.000,25.556,nan,nan,nan,steady,2.6967,1.2718,0.1106,18.8442,15.6725
125284001,1783507881.279,35.687,2.7072,1.2711,0.1253,2.9933,25.2,1.0428,1.0338,1.1198,0.8156,1.2236,1.2181,19.41,125284001,1326029523109,-1.000,19.908,nan,nan,nan,steady,2.7038,1.2792,0.1103,18.8475,15.5560
125304001,1783507881.312,35.719,2.7097,1.2728,0.1250,2.9963,25.2,1.0417,1.0327,1.1188,0.8154,1.2233,1.2177,23.54,125304001,1326029551891,-1.000,23.988,nan,nan,nan,steady,2.7154,1.2763,0.1102,18.8527,15.5560
125324001,1783507881.341,35.749,2.7137,1.2741,0.1248,3.0005,25.2,1.0412,1.0321,1.1184,0.8141,1.2214,1.2159,19.80,125324001,1326029584890,-1.000,20.282,nan,nan,nan,steady,2.7259,1.2748,0.1101,18.8538,15.5560
125348001,1783507881.371,35.779,2.7196,1.2751,0.1246,3.0062,25.1,1.0402,1.0311,1.1174,0.8112,1.2170,1.2115,20.60,125348001,1326029614113,-1.000,21.033,nan,nan,nan,steady,2.7398,1.2740,0.1099,18.8578,15.5560
125364001,1783507881.405,35.812,2.7262,1.2760,0.1244,3.0126,25.1,1.0393,1.0301,1.1164,0.8083,1.2127,1.2071,24.14,125364001,1326029644026,-1.000,24.535,nan,nan,nan,steady,2.7492,1.2747,0.1098,18.8558,15.5560
125388001,1783507881.433,35.841,2.7327,1.2768,0.1242,3.0189,25.0,1.0401,1.0308,1.1172,0.8023,1.2036,1.1981,19.17,125388001,1326029677427,-1.000,19.620,nan,nan,nan,steady,2.7555,1.2757,0.1097,18.8600,15.5794
125488001,1783507881.473,35.880,2.7383,1.2802,0.1240,3.0253,25.1,1.0383,1.0290,1.1154,0.7987,1.1982,1.1927,20.97,125488001,1326029715119,-1.000,21.567,nan,nan,nan,steady,2.7566,1.2923,0.1095,18.8625,15.5930
125504001,1783507881.502,35.909,2.7432,1.2833,0.1239,3.0311,25.1,1.0369,1.0276,1.1139,0.7962,1.1945,1.1890,19.32,125504001,1326029745949,-1.000,19.882,nan,nan,nan,steady,2.7588,1.2926,0.1094,18.8638,15.5930
125528001,1783507881.532,35.939,2.7471,1.2860,0.1238,3.0358,25.1,1.0367,1.0273,1.1137,0.7974,1.1962,1.1907,20.49,125528001,1326029774840,-1.000,20.947,nan,nan,nan,steady,2.7584,1.2931,0.1095,18.8666,15.5930
125548001,1783507881.566,35.974,2.7504,1.2886,0.1237,3.0398,25.1,1.0365,1.0270,1.1135,0.7965,1.1949,1.1893,24.72,125548001,1326029804849,-1.000,25.205,nan,nan,nan,steady,2.7591,1.2951,0.1095,18.8717,15.5930
125564001,1783507881.595,36.003,2.7540,1.2914,0.1236,3.0443,25.1,1.0361,1.0266,1.1131,0.8086,1.2129,1.2073,19.68,125564001,1326029839192,-1.000,20.193,nan,nan,nan,steady,2.7642,1.2988,0.1095,18.8711,15.5254
125588001,1783507881.626,36.033,2.7580,1.2946,0.1235,3.0492,25.1,1.0378,1.0282,1.1150,0.8053,1.2078,1.2022,21.00,125588001,1326029868215,-1.000,21.399,nan,nan,nan,steady,2.7692,1.3041,0.1094,18.8671,15.5254
125648001,1783507881.663,36.071,2.7618,1.2991,0.1234,3.0546,25.2,1.0390,1.0294,1.1164,0.8050,1.2074,1.2017,21.32,125648001,1326029905249,-1.000,21.811,nan,nan,nan,steady,2.7725,1.3152,0.1094,18.8668,15.5254
125664001,1783507881.692,36.099,2.7659,1.3034,0.1233,3.0601,25.2,1.0348,1.0251,1.1119,0.8032,1.2045,1.1989,19.24,125664001,1326029935937,-1.000,19.658,nan,nan,nan,steady,2.7777,1.3178,0.1093,18.8725,15.5254
125684001,1783507881.727,36.134,2.7693,1.3077,0.1232,3.0650,25.3,1.0345,1.0248,1.1116,0.7946,1.1915,1.1860,25.74,125684001,1326029964456,-1.000,26.237,nan,nan,nan,steady,2.7788,1.3216,0.1093,18.8767,15.5732
125708001,1783507881.757,36.165,2.7720,1.3117,0.1232,3.0692,25.3,1.0340,1.0242,1.1111,0.7910,1.1861,1.1805,21.39,125708001,1326029999628,-1.000,21.885,nan,nan,nan,steady,2.7787,1.3244,0.1093,18.8695,15.5732
125728001,1783507881.787,36.194,2.7739,1.3154,0.1231,3.0725,25.4,1.0347,1.0248,1.1118,0.7928,1.1887,1.1831,19.63,125728001,1326030030361,-1.000,20.148,nan,nan,nan,steady,2.7773,1.3268,0.1093,18.8740,15.5732
125744001,1783507881.816,36.224,2.7754,1.3189,0.1231,3.0753,25.4,1.0354,1.0254,1.1126,0.7926,1.1882,1.1827,20.30,125744001,1326030059497,-1.000,20.797,nan,nan,nan,steady,2.7770,1.3292,0.1093,18.8801,15.5732
125828001,1783507881.849,36.256,2.7758,1.3227,0.1230,3.0773,25.5,1.0392,1.0291,1.1168,0.7903,1.1846,1.1791,19.28,125828001,1326030092587,-1.000,20.103,nan,nan,nan,steady,2.7708,1.3376,0.1092,18.8810,15.5732
125844001,1783507881.881,36.289,2.7741,1.3249,0.1230,3.0767,25.5,1.0381,1.0280,1.1157,0.7762,1.1635,1.1581,22.81,125844001,1326030121648,-1.000,23.382,nan,nan,nan,steady,2.7634,1.3302,0.1093,18.8822,15.7091
125864001,1783507881.910,36.318,2.7705,1.3252,0.1230,3.0735,25.6,1.0375,1.0274,1.1152,0.7794,1.1682,1.1628,19.72,125864001,1326030154016,-1.000,20.388,nan,nan,nan,steady,2.7516,1.3214,0.1094,18.8851,15.7091
125884001,1783507881.939,36.347,2.7667,1.3248,0.1231,3.0700,25.6,1.0358,1.0256,1.1135,0.7961,1.1931,1.1876,19.64,125884001,1326030183132,-1.000,20.043,nan,nan,nan,steady,2.7468,1.3177,0.1094,18.8817,15.6040
125908001,1783507881.973,36.381,2.7631,1.3240,0.1231,3.0664,25.6,1.0363,1.0261,1.1143,0.7969,1.1942,1.1887,24.64,125908001,1326030212009,-1.000,25.068,nan,nan,nan,steady,2.7438,1.3156,0.1094,18.8887,15.6040
125928001,1783507882.006,36.413,2.7604,1.3233,0.1231,3.0637,25.6,1.0371,1.0268,1.1152,0.8013,1.2008,1.1952,23.49,125928001,1326030246010,-1.000,23.982,nan,nan,nan,steady,2.7453,1.3153,0.1093,18.8949,15.6040
125944001,1783507882.037,36.445,2.7588,1.3227,0.1231,3.0619,25.6,1.0359,1.0255,1.1142,0.7976,1.1952,1.1897,21.89,125944001,1326030278910,-1.000,22.348,nan,nan,nan,steady,2.7484,1.3156,0.1092,18.8889,15.6040
126024001,1783507882.070,36.478,2.7577,1.3251,0.1230,3.0620,25.7,1.0332,1.0228,1.1115,0.8029,1.2033,1.1976,23.43,126024001,1326030310369,-1.000,23.991,nan,nan,nan,steady,2.7490,1.3333,0.1089,18.8950,15.5663
126048001,1783507882.101,36.508,2.7582,1.3282,0.1229,3.0638,25.7,1.0333,1.0228,1.1118,0.8029,1.2032,1.1976,20.96,126048001,1326030343210,-1.000,21.351,nan,nan,nan,steady,2.7562,1.3378,0.1088,18.9021,15.5663
126068001,1783507882.132,36.540,2.7595,1.3316,0.1228,3.0664,25.8,1.0324,1.0219,1.1109,0.7984,1.1964,1.1908,22.58,126068001,1326030373407,-1.000,22.990,nan,nan,nan,steady,2.7611,1.3424,0.1087,18.8967,15.5663
126084001,1783507882.172,36.579,2.7595,1.3347,0.1228,3.0678,25.8,1.0318,1.0213,1.1104,0.7727,1.1578,1.1524,19.67,126084001,1326030415296,-1.000,20.299,nan,nan,nan,steady,2.7574,1.3444,0.1087,18.9041,15.7579
126104001,1783507882.208,36.616,2.7577,1.3371,0.1227,3.0673,25.9,1.0310,1.0204,1.1096,0.7715,1.1560,1.1505,27.38,126104001,1326030444538,-1.000,27.816,nan,nan,nan,steady,2.7480,1.3442,0.1087,18.9032,15.7579
126204001,1783507882.243,36.650,2.7550,1.3414,0.1226,3.0666,26.0,1.0365,1.0258,1.1158,0.7958,1.1926,1.1869,19.69,126204001,1326030486790,-1.000,20.136,nan,nan,nan,steady,2.7371,1.3601,0.1085,18.8977,15.6003
126224001,1783507882.275,36.683,2.7522,1.3449,0.1225,3.0657,26.0,1.0367,1.0259,1.1163,0.7956,1.1922,1.1865,21.53,126224001,1326030517195,-1.000,22.300,nan,nan,nan,steady,2.7358,1.3569,0.1085,18.9042,15.6003
126248001,1783507882.306,36.714,2.7505,1.3480,0.1223,3.0655,26.1,1.0345,1.0237,1.1142,0.7957,1.1925,1.1868,19.96,126248001,1326030549355,-1.000,20.744,nan,nan,nan,steady,2.7392,1.3569,0.1084,18.9130,15.6003
126264001,1783507882.340,36.748,2.7505,1.3506,0.1222,3.0666,26.2,1.0336,1.0227,1.1134,0.7925,1.1876,1.1819,24.87,126264001,1326030578987,-1.000,25.455,nan,nan,nan,steady,2.7469,1.3569,0.1082,18.9086,15.6003
126288001,1783507882.370,36.778,2.7505,1.3525,0.1221,3.0675,26.2,1.0325,1.0216,1.1124,0.7871,1.1795,1.1738,20.23,126288001,1326030613488,-1.000,20.716,nan,nan,nan,steady,2.7477,1.3561,0.1081,18.9089,15.6484
126304001,1783507882.399,36.807,2.7507,1.3543,0.1220,3.0685,26.2,1.0314,1.0204,1.1112,0.7889,1.1822,1.1765,19.56,126304001,1326030643152,-1.000,20.027,nan,nan,nan,steady,2.7485,1.3573,0.1080,18.9182,15.6484
126404001,1783507882.435,36.843,2.7502,1.3596,0.1218,3.0703,26.3,1.0309,1.0198,1.1109,0.8045,1.2056,1.1997,19.92,126404001,1326030678743,-1.000,20.441,nan,nan,nan,steady,2.7425,1.3805,0.1077,18.9131,15.5511
126428001,1783507882.467,36.874,2.7509,1.3653,0.1217,3.0735,26.4,1.0309,1.0198,1.1111,0.8044,1.2054,1.1995,21.12,126428001,1326030709206,-1.000,21.543,nan,nan,nan,steady,2.7497,1.3863,0.1076,18.9183,15.5511
126448001,1783507882.501,36.908,2.7528,1.3712,0.1216,3.0778,26.5,1.0310,1.0198,1.1112,0.8030,1.2032,1.1973,24.49,126448001,1326030739786,-1.000,24.989,nan,nan,nan,steady,2.7567,1.3927,0.1075,18.9200,15.5511
126468001,1783507882.531,36.939,2.7552,1.3771,0.1215,3.0826,26.6,1.0304,1.0192,1.1106,0.8010,1.2001,1.1943,21.12,126468001,1326030773655,-1.000,21.535,nan,nan,nan,steady,2.7606,1.3980,0.1074,18.9213,15.5511
126484001,1783507882.562,36.969,2.7574,1.3827,0.1215,3.0870,26.6,1.0307,1.0194,1.1109,0.7914,1.1857,1.1799,21.26,126484001,1326030803918,-1.000,21.751,nan,nan,nan,steady,2.7626,1.4025,0.1073,18.9186,15.6081
126508001,1783507882.592,36.999,2.7586,1.3877,0.1214,3.0904,26.7,1.0316,1.0202,1.1119,0.7914,1.1856,1.1798,20.69,126508001,1326030834716,-1.000,21.176,nan,nan,nan,steady,2.7592,1.4053,0.1074,18.9201,15.6081
126608001,1783507882.625,37.032,2.7580,1.3939,0.1214,3.0927,26.8,1.0369,1.0254,1.1178,0.8009,1.1996,1.1938,20.07,126608001,1326030868176,-1.000,20.560,nan,nan,nan,steady,2.7488,1.4208,0.1072,18.9179,15.6124
126624001,1783507882.659,37.067,2.7572,1.3990,0.1214,3.0942,26.9,1.0318,1.0203,1.1126,0.7981,1.1955,1.1896,25.00,126624001,1326030897653,-1.000,25.422,nan,nan,nan,steady,2.7486,1.4178,0.1072,18.9289,15.6124
126644001,1783507882.688,37.096,2.7559,1.4028,0.1215,3.0948,27.0,1.0315,1.0199,1.1125,0.7987,1.1962,1.1903,19.72,126644001,1326030931936,-1.000,20.159,nan,nan,nan,steady,2.7461,1.4142,0.1072,18.9274,15.6124
126668001,1783507882.728,37.135,2.7544,1.4054,0.1216,3.0947,27.0,1.0310,1.0193,1.1121,0.7979,1.1949,1.1890,30.24,126668001,1326030961018,-1.000,30.746,nan,nan,nan,steady,2.7440,1.4117,0.1072,18.9249,15.6124
126684001,1783507882.759,37.167,2.7530,1.4072,0.1217,3.0941,27.1,1.0301,1.0185,1.1114,0.7975,1.1942,1.1884,21.89,126684001,1326031000784,-1.000,22.414,nan,nan,nan,steady,2.7429,1.4099,0.1071,18.9289,15.6398
126708001,1783507882.789,37.196,2.7514,1.4084,0.1217,3.0934,27.1,1.0290,1.0172,1.1102,0.7975,1.1940,1.1882,19.92,126708001,1326031032108,-1.000,20.447,nan,nan,nan,steady,2.7413,1.4092,0.1070,18.9316,15.6398
126784001,1783507882.832,37.239,2.7475,1.4112,0.1218,3.0911,27.2,1.0294,1.0176,1.1109,0.8004,1.1981,1.1923,25.10,126784001,1326031070106,-1.000,25.570,nan,nan,nan,steady,2.7253,1.4208,0.1069,18.9314,15.6355
126808001,1783507882.862,37.270,2.7435,1.4135,0.1218,3.0886,27.3,1.0283,1.0164,1.1098,0.8017,1.2001,1.1942,21.13,126808001,1326031104668,-1.000,21.690,nan,nan,nan,steady,2.7217,1.4199,0.1069,18.9363,15.6355
126828001,1783507882.893,37.300,2.7397,1.4155,0.1218,3.0862,27.3,1.0283,1.0164,1.1098,0.8027,1.2014,1.1955,20.99,126828001,1326031135205,-1.000,21.447,nan,nan,nan,steady,2.7198,1.4199,0.1068,18.9398,15.6355
126844001,1783507882.923,37.331,2.7358,1.4171,0.1218,3.0835,27.4,1.0279,1.0159,1.1093,0.8050,1.2046,1.1988,20.85,126844001,1326031165767,-1.000,21.332,nan,nan,nan,steady,2.7152,1.4196,0.1067,18.9315,15.6355
126868001,1783507882.952,37.359,2.7315,1.4181,0.1219,3.0801,27.4,1.0285,1.0165,1.1100,0.8061,1.2061,1.2003,19.52,126868001,1326031195934,-1.000,19.998,nan,nan,nan,steady,2.7086,1.4182,0.1066,18.9299,15.6355
126884001,1783507882.981,37.388,2.7268,1.4185,0.1219,3.0762,27.5,1.0278,1.0158,1.1092,0.7987,1.1949,1.1892,19.40,126884001,1326031224863,-1.000,19.824,nan,nan,nan,steady,2.7030,1.4165,0.1066,18.9356,15.6930
126964001,1783507883.014,37.421,2.7224,1.4188,0.1219,3.0723,27.5,1.0335,1.0214,1.1154,0.8086,1.2096,1.2038,20.53,126964001,1326031256897,-1.000,21.054,nan,nan,nan,steady,2.6984,1.4186,0.1060,18.9343,15.6930
126988001,1783507883.043,37.450,2.7180,1.4176,0.1218,3.0679,27.5,1.0307,1.0185,1.1123,0.8072,1.2073,1.2015,19.70,126988001,1326031286820,-1.000,20.155,nan,nan,nan,steady,2.6958,1.4085,0.1058,18.9448,15.6951
127008001,1783507883.074,37.482,2.7143,1.4150,0.1218,3.0634,27.5,1.0290,1.0168,1.1104,0.8101,1.2114,1.2056,21.57,127008001,1326031315953,-1.000,22.265,nan,nan,nan,steady,2.6948,1.3986,0.1055,18.9516,15.6951
127024001,1783507883.103,37.511,2.7108,1.4114,0.1217,3.0587,27.5,1.0279,1.0156,1.1090,0.8108,1.2122,1.2065,19.67,127024001,1326031347211,-1.000,20.067,nan,nan,nan,steady,2.6926,1.3906,0.1053,18.9508,15.6951
127048001,1783507883.136,37.544,2.7069,1.4073,0.1216,3.0533,27.5,1.0275,1.0152,1.1085,0.8137,1.2164,1.2107,23.69,127048001,1326031376146,-1.000,24.161,nan,nan,nan,steady,2.6858,1.3842,0.1052,18.9495,15.6951
127068001,1783507883.166,37.573,2.7030,1.4032,0.1215,3.0479,27.4,1.0278,1.0154,1.1087,0.8146,1.2176,1.2119,19.94,127068001,1326031409321,-1.000,20.396,nan,nan,nan,steady,2.6825,1.3810,0.1051,18.9490,15.6951
127164001,1783507883.206,37.614,2.6983,1.4019,0.1214,3.0432,27.5,1.0290,1.0166,1.1102,0.8227,1.2296,1.2238,21.27,127164001,1326031448610,-1.000,21.830,nan,nan,nan,steady,2.6731,1.3935,0.1050,18.9637,15.6698
127184001,1783507883.238,37.646,2.6961,1.4016,0.1212,3.0411,27.5,1.0290,1.0165,1.1103,0.8376,1.2519,1.2460,22.12,127184001,1326031479581,-1.000,22.598,nan,nan,nan,steady,2.6822,1.3968,0.1049,18.9638,15.5913
127204001,1783507883.271,37.679,2.6960,1.4026,0.1211,3.0415,27.5,1.0276,1.0151,1.1088,0.8360,1.2496,1.2436,21.39,127204001,1326031513396,-1.000,21.952,nan,nan,nan,steady,2.6917,1.4025,0.1047,18.9641,15.5913
127224001,1783507883.301,37.709,2.6981,1.4047,0.1209,3.0443,27.5,1.0285,1.0160,1.1099,0.8335,1.2457,1.2398,20.35,127224001,1326031544310,-1.000,20.950,nan,nan,nan,steady,2.7029,1.4096,0.1045,18.9644,15.5913
127248001,1783507883.330,37.738,2.7022,1.4077,0.1207,3.0493,27.5,1.0293,1.0166,1.1106,0.8323,1.2438,1.2379,19.73,127248001,1326031574170,-1.000,20.187,nan,nan,nan,steady,2.7155,1.4168,0.1044,18.9677,15.5913
127268001,1783507883.360,37.767,2.7081,1.4115,0.1206,3.0563,27.5,1.0304,1.0177,1.1117,0.8297,1.2398,1.2339,20.32,127268001,1326031603143,-1.000,20.774,nan,nan,nan,steady,2.7291,1.4234,0.1044,18.9656,15.5913
127364001,1783507883.395,37.803,2.7132,1.4175,0.1206,3.0635,27.6,1.0314,1.0187,1.1128,0.8147,1.2174,1.2116,21.39,127364001,1326031637472,-1.000,21.865,nan,nan,nan,steady,2.7306,1.4409,0.1041,18.9742,15.6856
127388001,1783507883.424,37.832,2.7180,1.4227,0.1206,3.0702,27.6,1.0289,1.0161,1.1100,0.8042,1.2015,1.1958,19.56,127388001,1326031668135,-1.000,19.976,nan,nan,nan,steady,2.7350,1.4419,0.1040,18.9752,15.7484
127404001,1783507883.457,37.864,2.7214,1.4268,0.1206,3.0752,27.7,1.0283,1.0154,1.1092,0.8061,1.2041,1.1984,22.32,127404001,1326031698043,-1.000,22.798,nan,nan,nan,steady,2.7325,1.4400,0.1039,18.9776,15.7484
127428001,1783507883.487,37.895,2.7233,1.4296,0.1206,3.0781,27.7,1.0281,1.0152,1.1089,0.8071,1.2055,1.1998,19.74,127428001,1326031731082,-1.000,20.275,nan,nan,nan,steady,2.7270,1.4369,0.1038,18.9788,15.7484
127448001,1783507883.518,37.925,2.7237,1.4313,0.1205,3.0793,27.7,1.0282,1.0153,1.1088,0.8091,1.2083,1.2026,21.16,127448001,1326031760297,-1.000,21.541,nan,nan,nan,steady,2.7218,1.4336,0.1037,18.9757,15.7484
127468001,1783507883.530,37.937,2.7240,1.4322,0.1205,3.0799,27.7,1.0285,1.0156,1.1089,0.8112,1.2113,1.2056,2.42,127468001,1326031790842,-1.000,2.841,nan,nan,nan,steady,2.7216,1.4312,0.1035,18.9831,15.7484
127544001,1783507883.570,37.978,2.7236,1.4324,0.1205,3.0797,27.7,1.0336,1.0205,1.1142,0.8198,1.2239,1.2182,20.34,127544001,1326031813148,-1.000,20.868,nan,nan,nan,steady,2.7171,1.4310,0.1033,18.9803,15.7507
127564001,1783507883.599,38.007,2.7230,1.4313,0.1205,3.0786,27.7,1.0346,1.0215,1.1151,0.8210,1.2255,1.2198,19.57,127564001,1326031842978,-1.000,20.037,nan,nan,nan,steady,2.7165,1.4218,0.1033,18.9853,15.7507
127588001,1783507883.626,38.033,2.7235,1.4297,0.1203,3.0783,27.7,1.0349,1.0217,1.1151,0.8466,1.2634,1.2576,17.29,127588001,1326031872061,-1.000,17.761,nan,nan,nan,steady,2.7215,1.4162,0.1032,18.9932,15.6115
127608001,1783507883.654,38.062,2.7249,1.4278,0.1202,3.0786,27.7,1.0335,1.0203,1.1133,0.8475,1.2645,1.2587,19.27,127608001,1326031898705,-1.000,19.695,nan,nan,nan,steady,2.7263,1.4126,0.1029,18.9915,15.6115
127624001,1783507883.685,38.093,2.7274,1.4259,0.1200,3.0799,27.6,1.0348,1.0215,1.1145,0.8483,1.2654,1.2596,21.49,127624001,1326031927282,-1.000,21.936,nan,nan,nan,steady,2.7335,1.4110,0.1027,18.9938,15.6115
127644001,1783507883.718,38.126,2.7305,1.4242,0.1199,3.0820,27.5,1.0352,1.0219,1.1147,0.8493,1.2666,1.2609,23.93,127644001,1326031958119,-1.000,24.392,nan,nan,nan,steady,2.7394,1.4106,0.1027,18.9924,15.6115
127748001,1783507883.757,38.164,2.7321,1.4247,0.1197,3.0836,27.5,1.0357,1.0223,1.1152,0.8500,1.2676,1.2619,19.74,127748001,1326032000477,-1.000,20.189,nan,nan,nan,steady,2.7328,1.4222,0.1024,18.9951,15.6092
127764001,1783507883.786,38.194,2.7344,1.4257,0.1195,3.0861,27.5,1.0333,1.0199,1.1124,0.8494,1.2666,1.2609,20.38,127764001,1326032029624,-1.000,20.876,nan,nan,nan,steady,2.7390,1.4242,0.1022,18.9949,15.6092
127788001,1783507883.816,38.224,2.7357,1.4263,0.1194,3.0875,27.5,1.0314,1.0180,1.1104,0.8127,1.2117,1.2062,20.16,127788001,1326032059582,-1.000,20.688,nan,nan,nan,steady,2.7379,1.4239,0.1021,18.9978,15.8054
127808001,1783507883.845,38.253,2.7358,1.4266,0.1193,3.0877,27.5,1.0315,1.0180,1.1104,0.8149,1.2150,1.2095,19.45,127808001,1326032089191,-1.000,19.943,nan,nan,nan,steady,2.7331,1.4230,0.1019,18.9979,15.8054
127848001,1783507887.511,41.918,2.7314,1.4262,0.1192,3.0836,27.6,1.0290,1.0155,1.1076,0.8178,1.2190,1.2135,19.16,127848001,1326032149979,-1.000,19.561,nan,nan,nan,steady,2.7171,1.4209,0.1017,18.9938,15.8054
127928001,1783507887.548,41.956,2.7273,1.4280,0.1190,3.0808,27.6,1.0307,1.0170,1.1094,0.8431,1.2567,1.2510,21.83,127928001,1326032184817,-1.000,22.261,nan,nan,nan,steady,2.7050,1.4316,0.1013,19.0014,15.6833
127944001,1783507887.580,41.987,2.7234,1.4303,0.1189,3.0785,27.7,1.0312,1.0175,1.1100,0.8427,1.2562,1.2505,21.34,127944001,1326032216101,-1.000,22.314,nan,nan,nan,steady,2.7023,1.4353,0.1013,18.9976,15.6833
127964001,1783507887.609,42.016,2.7209,1.4333,0.1188,3.0776,27.8,1.0286,1.0149,1.1073,0.8423,1.2555,1.2497,19.66,127964001,1326032247331,-1.000,20.070,nan,nan,nan,steady,2.7061,1.4413,0.1012,18.9991,15.6833
127988001,1783507887.642,42.050,2.7191,1.4369,0.1187,3.0777,27.9,1.0288,1.0150,1.1074,0.8380,1.2491,1.2434,24.10,127988001,1326032276318,-1.000,24.546,nan,nan,nan,steady,2.7079,1.4476,0.1011,18.9956,15.6993
128008001,1783507887.671,42.079,2.7176,1.4408,0.1186,3.0783,27.9,1.0292,1.0154,1.1078,0.8393,1.2510,1.2452,19.65,128008001,1326032309899,-1.000,20.100,nan,nan,nan,steady,2.7073,1.4529,0.1009,18.9974,15.6993
128024001,1783507887.702,42.110,2.7164,1.4451,0.1185,3.0791,28.0,1.0294,1.0156,1.1080,0.8390,1.2505,1.2448,21.73,128024001,1326032339060,-1.000,22.194,nan,nan,nan,steady,2.7066,1.4587,0.1008,18.9941,15.6993
128108001,1783507887.742,42.149,2.7133,1.4506,0.1185,3.0790,28.1,1.0304,1.0166,1.1091,0.8276,1.2335,1.2279,23.08,128108001,1326032376796,-1.000,23.590,nan,nan,nan,steady,2.6953,1.4707,0.1004,18.9929,15.7769
128124001,1783507887.774,42.181,2.7095,1.4555,0.1184,3.0779,28.2,1.0307,1.0168,1.1093,0.8272,1.2328,1.2271,22.79,128124001,1326032409294,-1.000,23.351,nan,nan,nan,steady,2.6891,1.4722,0.1002,18.9958,15.7769
128148001,1783507887.808,42.215,2.7053,1.4597,0.1183,3.0763,28.3,1.0303,1.0164,1.1088,0.8282,1.2343,1.2286,23.98,128148001,1326032442041,-1.000,24.473,nan,nan,nan,steady,2.6837,1.4728,0.1001,18.9931,15.7769
128168001,1783507887.836,42.244,2.7012,1.4631,0.1182,3.0742,28.4,1.0317,1.0177,1.1101,0.8314,1.2389,1.2332,19.33,128168001,1326032475408,-1.000,19.774,nan,nan,nan,steady,2.6795,1.4730,0.1000,18.9964,15.7769
128188001,1783507887.867,42.275,2.6982,1.4661,0.1180,3.0730,28.5,1.0333,1.0192,1.1116,0.8435,1.2568,1.2510,21.74,128188001,1326032504057,-1.000,22.190,nan,nan,nan,steady,2.6812,1.4731,0.0998,18.9940,15.7007
128204001,1783507887.898,42.306,2.6962,1.4685,0.1178,3.0724,28.6,1.0340,1.0199,1.1121,0.8454,1.2595,1.2537,19.27,128204001,1326032537524,-1.000,19.694,nan,nan,nan,steady,2.6838,1.4728,0.0995,18.9976,15.7007
128288001,1783507887.932,42.340,2.6927,1.4709,0.1176,3.0705,28.6,1.0350,1.0208,1.1131,0.8310,1.2379,1.2323,19.77,128288001,1326032570769,-1.000,20.297,nan,nan,nan,steady,2.6733,1.4765,0.0991,18.9946,15.8211
128308001,1783507887.964,42.372,2.6893,1.4722,0.1175,3.0682,28.7,1.0323,1.0181,1.1100,0.8289,1.2348,1.2292,22.64,128308001,1326032600018,-1.000,23.159,nan,nan,nan,steady,2.6717,1.4727,0.0988,18.9929,15.8211
128328001,1783507887.976,42.383,2.6858,1.4724,0.1173,3.0652,28.7,1.0319,1.0178,1.1095,0.8313,1.2383,1.2327,2.23,128328001,1326032632128,-1.000,2.617,nan,nan,nan,steady,2.6672,1.4678,0.0985,18.9908,15.8211
128344001,1783507888.016,42.423,2.6820,1.4716,0.1172,3.0614,28.8,1.0328,1.0186,1.1102,0.8345,1.2429,1.2372,21.75,128344001,1326032652329,-1.000,22.365,nan,nan,nan,steady,2.6619,1.4625,0.0982,18.9894,15.8211
128368001,1783507888.045,42.452,2.6780,1.4703,0.1170,3.0574,28.8,1.0334,1.0191,1.1106,0.8355,1.2443,1.2387,19.54,128368001,1326032683567,-1.000,20.020,nan,nan,nan,steady,2.6575,1.4594,0.0983,18.9944,15.8211
128384001,1783507888.074,42.481,2.6746,1.4690,0.1169,3.0537,28.8,1.0334,1.0191,1.1105,0.8378,1.2476,1.2419,19.47,128384001,1326032712664,-1.000,19.885,nan,nan,nan,steady,2.6562,1.4583,0.0983,18.9932,15.8176
128464001,1783507888.114,42.521,2.6705,1.4686,0.1168,3.0499,28.8,1.0349,1.0206,1.1121,0.8419,1.2537,1.2480,24.25,128464001,1326032748016,-1.000,24.719,nan,nan,nan,steady,2.6486,1.4629,0.0979,18.9886,15.8176
128484001,1783507888.144,42.552,2.6672,1.4685,0.1167,3.0470,28.8,1.0355,1.0212,1.1127,0.8485,1.2634,1.2577,20.94,128484001,1326032781732,-1.000,21.468,nan,nan,nan,steady,2.6495,1.4638,0.0980,18.9876,15.7898
128504001,1783507888.176,42.583,2.6652,1.4689,0.1166,3.0454,28.9,1.0330,1.0187,1.1099,0.8453,1.2585,1.2528,22.04,128504001,1326032812032,-1.000,22.596,nan,nan,nan,steady,2.6535,1.4656,0.0978,18.9870,15.7898
128528001,1783507888.205,42.612,2.6644,1.4695,0.1165,3.0450,28.9,1.0340,1.0196,1.1107,0.8458,1.2593,1.2536,19.50,128528001,1326032843799,-1.000,19.990,nan,nan,nan,steady,2.6580,1.4670,0.0974,18.9794,15.7898
128548001,1783507888.233,42.641,2.6642,1.4700,0.1163,3.0450,28.9,1.0339,1.0195,1.1104,0.8472,1.2612,1.2555,19.40,128548001,1326032872549,-1.000,19.801,nan,nan,nan,steady,2.6595,1.4671,0.0971,18.9792,15.7898
128568001,1783507888.264,42.671,2.6639,1.4705,0.1162,3.0450,28.9,1.0341,1.0196,1.1104,0.8478,1.2619,1.2562,20.65,128568001,1326032901332,-1.000,21.132,nan,nan,nan,steady,2.6586,1.4674,0.0969,18.9860,15.7898
128648001,1783507888.296,42.704,2.6643,1.4717,0.1160,3.0460,28.9,1.0403,1.0257,1.1168,0.8694,1.2940,1.2881,19.97,128648001,1326032934630,-1.000,20.389,nan,nan,nan,steady,2.6599,1.4738,0.0967,18.9790,15.7443
128664001,1783507888.328,42.735,2.6659,1.4729,0.1159,3.0479,28.9,1.0398,1.0252,1.1162,0.8602,1.2802,1.2745,22.43,128664001,1326032963777,-1.000,22.893,nan,nan,nan,steady,2.6684,1.4726,0.0966,18.9733,15.7443
128684001,1783507888.357,42.764,2.6682,1.4738,0.1157,3.0503,28.9,1.0391,1.0244,1.1151,0.8503,1.2652,1.2596,19.69,128684001,1326032995507,-1.000,20.113,nan,nan,nan,steady,2.6743,1.4718,0.0966,18.9671,15.7825
128708001,1783507888.387,42.795,2.6706,1.4743,0.1156,3.0527,28.9,1.0375,1.0228,1.1133,0.8512,1.2664,1.2607,21.02,128708001,1326033024415,-1.000,21.416,nan,nan,nan,steady,2.6772,1.4705,0.0965,18.9678,15.7825
128728001,1783507888.420,42.828,2.6721,1.4742,0.1155,3.0539,28.9,1.0362,1.0215,1.1116,0.8497,1.2641,1.2585,23.88,128728001,1326033054914,-1.000,24.326,nan,nan,nan,steady,2.6738,1.4674,0.0962,18.9619,15.7825
128748001,1783507888.451,42.858,2.6728,1.4736,0.1153,3.0543,28.9,1.0361,1.0213,1.1113,0.8517,1.2669,1.2613,19.82,128748001,1326033089468,-1.000,20.362,nan,nan,nan,steady,2.6716,1.4649,0.0960,18.9629,15.7825
128848001,1783507888.493,42.901,2.6714,1.4743,0.1151,3.0534,28.9,1.0370,1.0222,1.1122,0.8504,1.2650,1.2594,23.67,128848001,1326033127794,-1.000,24.272,nan,nan,nan,steady,2.6599,1.4719,0.0954,18.9574,15.7806
128864001,1783507888.522,42.929,2.6705,1.4750,0.1147,3.0529,28.9,1.0362,1.0214,1.1113,0.8473,1.2603,1.2547,19.29,128864001,1326033161051,-1.000,19.782,nan,nan,nan,steady,2.6624,1.4723,0.0949,18.9517,15.7806
128884001,1783507888.555,42.963,2.6693,1.4752,0.1144,3.0520,28.9,1.0356,1.0208,1.1105,0.8394,1.2487,1.2431,23.98,128884001,1326033189684,-1.000,24.405,nan,nan,nan,steady,2.6608,1.4702,0.0946,18.9547,15.8406
128908001,1783507888.584,42.992,2.6677,1.4749,0.1140,3.0504,28.9,1.0353,1.0205,1.1100,0.8387,1.2477,1.2421,19.54,128908001,1326033222920,-1.000,20.007,nan,nan,nan,steady,2.6574,1.4674,0.0942,18.9505,15.8406
128928001,1783507888.613,43.021,2.6647,1.4737,0.1137,3.0472,28.9,1.0345,1.0196,1.1090,0.8402,1.2499,1.2443,19.77,128928001,1326033251942,-1.000,20.204,nan,nan,nan,steady,2.6475,1.4620,0.0940,18.9452,15.8406
128944001,1783507888.644,43.052,2.6607,1.4721,0.1133,3.0429,29.0,1.0349,1.0200,1.1093,0.8434,1.2548,1.2491,21.73,128944001,1326033280987,-1.000,22.190,nan,nan,nan,steady,2.6394,1.4590,0.0937,18.9473,15.8406
129028001,1783507888.680,43.087,2.6556,1.4724,0.1130,3.0386,29.0,1.0349,1.0200,1.1093,0.8554,1.2728,1.2669,19.37,129028001,1326033318906,-1.000,19.933,nan,nan,nan,steady,2.6284,1.4686,0.0934,18.9255,15.7617
129044001,1783507888.711,43.119,2.6512,1.4736,0.1126,3.0353,29.1,1.0356,1.0207,1.1101,0.8564,1.2744,1.2685,21.81,129044001,1326033347804,-1.000,22.332,nan,nan,nan,steady,2.6285,1.4732,0.0934,18.9283,15.7617
129064001,1783507888.741,43.148,2.6482,1.4758,0.1123,3.0337,29.1,1.0353,1.0203,1.1097,0.8542,1.2712,1.2653,19.92,129064001,1326033379012,-1.000,20.368,nan,nan,nan,steady,2.6314,1.4800,0.0933,18.9311,15.7617
129084001,1783507888.776,43.184,2.6458,1.4788,0.1121,3.0331,29.2,1.0344,1.0194,1.1087,0.8483,1.2625,1.2566,19.93,129084001,1326033414669,-1.000,20.347,nan,nan,nan,steady,2.6319,1.4866,0.0932,18.9285,15.7884
129108001,1783507888.806,43.213,2.6440,1.4825,0.1118,3.0333,29.3,1.0353,1.0202,1.1096,0.8442,1.2565,1.2506,20.05,129108001,1326033443982,-1.000,20.545,nan,nan,nan,steady,2.6322,1.4931,0.0930,18.9175,15.7884
129124001,1783507888.817,43.225,2.6419,1.4864,0.1116,3.0334,29.4,1.0350,1.0199,1.1093,0.8421,1.2535,1.2476,2.36,129124001,1326033473347,-1.000,2.794,nan,nan,nan,steady,2.6291,1.4978,0.0929,18.9153,15.7884
129208001,1783507888.857,43.264,2.6383,1.4920,0.1114,3.0330,29.5,1.0354,1.0203,1.1099,0.8405,1.2512,1.2452,21.19,129208001,1326033493654,-1.000,21.726,nan,nan,nan,steady,2.6182,1.5118,0.0928,18.9009,15.7857
129224001,1783507888.886,43.293,2.6342,1.4981,0.1111,3.0325,29.6,1.0337,1.0186,1.1082,0.8385,1.2485,1.2425,19.64,129224001,1326033524274,-1.000,20.119,nan,nan,nan,steady,2.6126,1.5193,0.0927,18.8921,15.7857
129248001,1783507888.919,43.326,2.6299,1.5047,0.1109,3.0320,29.8,1.0350,1.0199,1.1098,0.8361,1.2450,1.2390,23.79,129248001,1326033553287,-1.000,24.285,nan,nan,nan,steady,2.6077,1.5278,0.0927,18.8898,15.7857
129268001,1783507888.951,43.359,2.6261,1.5121,0.1107,3.0324,29.9,1.0343,1.0191,1.1091,0.8335,1.2413,1.2353,23.03,129268001,1326033586521,-1.000,23.451,nan,nan,nan,steady,2.6068,1.5394,0.0926,18.8812,15.7857
129284001,1783507888.980,43.387,2.6222,1.5196,0.1106,3.0327,30.1,1.0350,1.0199,1.1100,0.8183,1.2188,1.2128,19.39,129284001,1326033618951,-1.000,19.846,nan,nan,nan,steady,2.6026,1.5478,0.0926,18.8792,15.8635
129304001,1783507889.011,43.418,2.6180,1.5270,0.1104,3.0328,30.3,1.0340,1.0189,1.1089,0.8172,1.2172,1.2112,21.28,129304001,1326033647748,-1.000,21.727,nan,nan,nan,steady,2.5971,1.5545,0.0924,18.8710,15.8635
129404001,1783507889.047,43.454,2.6118,1.5349,0.1103,3.0314,30.4,1.0372,1.0220,1.1124,0.8229,1.2258,1.2198,19.83,129404001,1326033685288,-1.000,20.349,nan,nan,nan,steady,2.5804,1.5659,0.0924,18.8585,15.8421
129424001,1783507889.079,43.486,2.6057,1.5411,0.1102,3.0293,30.6,1.0371,1.0219,1.1124,0.8209,1.2230,1.2169,21.32,129424001,1326033715651,-1.000,21.721,nan,nan,nan,steady,2.5753,1.5634,0.0925,18.8495,15.8421
129444001,1783507889.118,43.526,2.6004,1.5457,0.1101,3.0271,30.7,1.0371,1.0218,1.1124,0.8218,1.2244,1.2183,30.58,129444001,1326033746283,-1.000,31.063,nan,nan,nan,steady,2.5741,1.5603,0.0926,18.8501,15.8421
129464001,1783507889.146,43.553,2.5960,1.5485,0.1100,3.0247,30.8,1.0370,1.0217,1.1123,0.8221,1.2249,1.2188,17.93,129464001,1326033786277,-1.000,18.369,nan,nan,nan,steady,2.5735,1.5546,0.0925,18.8413,15.8421
129488001,1783507889.177,43.584,2.5941,1.5507,0.1098,3.0243,30.9,1.0387,1.0234,1.1143,0.8404,1.2521,1.2458,21.66,129488001,1326033813548,-1.000,22.093,nan,nan,nan,steady,2.5832,1.5536,0.0923,18.8344,15.7234
129504001,1783507889.206,43.614,2.5946,1.5520,0.1096,3.0253,30.9,1.0392,1.0238,1.1148,0.8405,1.2523,1.2460,19.91,129504001,1326033844789,-1.000,20.401,nan,nan,nan,steady,2.5931,1.5509,0.0922,18.8319,15.7234
129588001,1783507889.240,43.648,2.5980,1.5537,0.1093,3.0292,30.9,1.0430,1.0276,1.1191,0.8455,1.2597,1.2534,21.42,129588001,1326033877381,-1.000,21.906,nan,nan,nan,steady,2.6081,1.5573,0.0921,18.8271,15.7477
129608001,1783507889.273,43.680,2.6038,1.5547,0.1092,3.0346,30.8,1.0433,1.0278,1.1195,0.8283,1.2340,1.2278,22.55,129608001,1326033908211,-1.000,23.184,nan,nan,nan,steady,2.6257,1.5532,0.0918,18.7985,15.7477
129628001,1783507889.302,43.709,2.6117,1.5548,0.1090,3.0414,30.8,1.0419,1.0264,1.1181,0.8276,1.2329,1.2267,19.80,129628001,1326033940342,-1.000,20.283,nan,nan,nan,steady,2.6427,1.5488,0.0916,18.7966,15.7477
129648001,1783507889.330,43.738,2.6206,1.5538,0.1088,3.0486,30.7,1.0416,1.0261,1.1178,0.8261,1.2305,1.2244,19.19,129648001,1326033969509,-1.000,19.600,nan,nan,nan,steady,2.6559,1.5431,0.0916,18.7850,15.7477
129668001,1783507889.362,43.769,2.6307,1.5524,0.1086,3.0565,30.5,1.0402,1.0247,1.1164,0.8348,1.2435,1.2372,22.00,129668001,1326033998092,-1.000,22.456,nan,nan,nan,steady,2.6708,1.5394,0.0913,18.7833,15.6955
129688001,1783507889.391,43.799,2.6413,1.5506,0.1083,3.0647,30.4,1.0389,1.0233,1.1150,0.8323,1.2396,1.2334,20.12,129688001,1326034029507,-1.000,20.651,nan,nan,nan,steady,2.6833,1.5350,0.0908,18.7801,15.6955
129768001,1783507889.432,43.839,2.6506,1.5497,0.1080,3.0723,30.3,1.0384,1.0228,1.1145,0.8273,1.2321,1.2259,22.15,129768001,1326034067806,-1.000,22.654,nan,nan,nan,steady,2.6867,1.5398,0.0905,18.7478,15.6955
129784001,1783507889.461,43.868,2.6584,1.5474,0.1078,3.0779,30.2,1.0377,1.0221,1.1139,0.8072,1.2023,1.1963,19.63,129784001,1326034099355,-1.000,20.122,nan,nan,nan,steady,2.6883,1.5319,0.0904,18.7467,15.8236
129804001,1783507889.489,43.896,2.6635,1.5437,0.1076,3.0804,30.1,1.0371,1.0215,1.1134,0.8082,1.2039,1.1978,18.86,129804001,1326034128272,-1.000,19.315,nan,nan,nan,steady,2.6819,1.5212,0.0904,18.7365,15.8236
129828001,1783507889.522,43.930,2.6671,1.5392,0.1075,3.0813,30.0,1.0367,1.0210,1.1131,0.8092,1.2054,1.1992,24.42,129828001,1326034156416,-1.000,24.817,nan,nan,nan,steady,2.6792,1.5146,0.0903,18.7356,15.8236
129844001,1783507889.553,43.961,2.6689,1.5345,0.1074,3.0805,29.9,1.0358,1.0201,1.1123,0.8090,1.2051,1.1989,21.64,129844001,1326034190045,-1.000,22.117,nan,nan,nan,steady,2.6735,1.5088,0.0904,18.7257,15.8236
129868001,1783507889.582,43.989,2.6690,1.5301,0.1073,3.0784,29.8,1.0344,1.0187,1.1110,0.8180,1.2186,1.2123,19.08,129868001,1326034221006,-1.000,19.482,nan,nan,nan,steady,2.6660,1.5055,0.0906,18.7193,15.7640
129944001,1783507889.616,44.024,2.6690,1.5279,0.1072,3.0772,29.8,1.0369,1.0212,1.1141,0.8208,1.2230,1.2166,20.42,129944001,1326034253959,-1.000,20.937,nan,nan,nan,steady,2.6636,1.5163,0.0907,18.7156,15.7640
129964001,1783507889.647,44.054,2.6684,1.5261,0.1071,3.0759,29.8,1.0345,1.0187,1.1117,0.8127,1.2110,1.2047,21.36,129964001,1326034283891,-1.000,21.831,nan,nan,nan,steady,2.6630,1.5140,0.0909,18.6830,15.7640
129984001,1783507889.663,44.070,2.6684,1.5255,0.1070,3.0756,29.8,1.0340,1.0182,1.1115,0.8330,1.2414,1.2348,6.57,129984001,1326034314752,-1.000,7.020,nan,nan,nan,steady,2.6658,1.5174,0.0907,18.6773,15.6490
130004001,1783507889.698,44.106,2.6682,1.5257,0.1068,3.0755,29.8,1.0345,1.0187,1.1124,0.8311,1.2388,1.2322,21.75,130004001,1326034334774,-1.000,22.335,nan,nan,nan,steady,2.6639,1.5205,0.0905,18.6662,15.6490
130028001,1783507889.727,44.135,2.6682,1.5271,0.1067,3.0762,29.8,1.0323,1.0165,1.1102,0.8281,1.2344,1.2277,19.50,130028001,1326034366259,-1.000,20.003,nan,nan,nan,steady,2.6653,1.5273,0.0903,18.6607,15.6490
130048001,1783507889.759,44.166,2.6684,1.5298,0.1065,3.0776,29.8,1.0332,1.0173,1.1114,0.8259,1.2313,1.2246,21.66,130048001,1326034395402,-1.000,22.170,nan,nan,nan,steady,2.6661,1.5357,0.0902,18.6528,15.6490
130148001,1783507889.798,44.206,2.6664,1.5347,0.1065,3.0783,29.9,1.0334,1.0175,1.1119,0.7966,1.1878,1.1813,21.12,130148001,1326034435321,-1.000,21.531,nan,nan,nan,steady,2.6547,1.5540,0.0903,18.6170,15.8120
130164001,1783507889.829,44.237,2.6635,1.5386,0.1066,3.0778,30.0,1.0347,1.0188,1.1136,0.7969,1.1883,1.1818,22.00,130164001,1326034465860,-1.000,22.448,nan,nan,nan,steady,2.6492,1.5520,0.0906,18.6101,15.8120
130188001,1783507889.862,44.269,2.6610,1.5420,0.1066,3.0774,30.1,1.0339,1.0179,1.1129,0.8063,1.2024,1.1958,21.55,130188001,1326034498373,-1.000,22.063,nan,nan,nan,steady,2.6482,1.5523,0.0907,18.6025,15.7287
130208001,1783507889.893,44.300,2.6579,1.5439,0.1066,3.0756,30.2,1.0337,1.0177,1.1129,0.8070,1.2035,1.1969,20.89,130208001,1326034530403,-1.000,21.323,nan,nan,nan,steady,2.6421,1.5461,0.0907,18.5960,15.7287
130228001,1783507889.923,44.331,2.6542,1.5441,0.1067,3.0726,30.2,1.0336,1.0175,1.1130,0.8067,1.2031,1.1964,20.80,130228001,1326034560928,-1.000,21.253,nan,nan,nan,steady,2.6360,1.5384,0.0908,18.5833,15.7287
130244001,1783507889.952,44.360,2.6507,1.5432,0.1067,3.0691,30.2,1.0332,1.0172,1.1129,0.8071,1.2037,1.1970,19.44,130244001,1326034591104,-1.000,19.876,nan,nan,nan,steady,2.6338,1.5327,0.0910,18.5771,15.7287
130328001,1783507889.985,44.393,2.6493,1.5438,0.1067,3.0682,30.2,1.0374,1.0213,1.1178,0.8259,1.2318,1.2250,21.41,130328001,1326034622005,-1.000,21.843,nan,nan,nan,steady,2.6395,1.5426,0.0910,18.5698,15.6695
130344001,1783507890.017,44.424,2.6498,1.5442,0.1068,3.0687,30.2,1.0339,1.0178,1.1143,0.8152,1.2159,1.2091,22.06,130344001,1326034652779,-1.000,22.923,nan,nan,nan,steady,2.6499,1.5407,0.0910,18.5393,15.6695
130364001,1783507890.046,44.453,2.6520,1.5446,0.1068,3.0709,30.2,1.0331,1.0170,1.1138,0.8141,1.2142,1.2074,19.62,130364001,1326034684721,-1.000,20.051,nan,nan,nan,steady,2.6610,1.5411,0.0910,18.5343,15.6695
130388001,1783507890.077,44.484,2.6549,1.5444,0.1069,3.0733,30.2,1.0319,1.0158,1.1126,0.8001,1.1933,1.1866,21.75,130388001,1326034713637,-1.000,22.201,nan,nan,nan,steady,2.6660,1.5383,0.0910,18.5224,15.7460
130408001,1783507890.106,44.514,2.6568,1.5433,0.1070,3.0743,30.2,1.0310,1.0149,1.1117,0.8040,1.1990,1.1923,19.80,130408001,1326034744866,-1.000,20.290,nan,nan,nan,steady,2.6634,1.5329,0.0909,18.5177,15.7460
130428001,1783507890.138,44.546,2.6579,1.5418,0.1070,3.0746,30.1,1.0310,1.0149,1.1118,0.8029,1.1973,1.1906,21.61,130428001,1326034775195,-1.000,22.098,nan,nan,nan,steady,2.6613,1.5304,0.0909,18.5096,15.7460
130508001,1783507890.173,44.580,2.6595,1.5415,0.1071,3.0758,30.1,1.0333,1.0171,1.1143,0.8049,1.2002,1.1935,20.24,130508001,1326034811072,-1.000,20.759,nan,nan,nan,steady,2.6627,1.5382,0.0911,18.5068,15.7460
130524001,1783507890.202,44.609,2.6604,1.5404,0.1072,3.0760,30.1,1.0318,1.0156,1.1128,0.8103,1.2082,1.2014,19.57,130524001,1326034840750,-1.000,19.978,nan,nan,nan,steady,2.6621,1.5305,0.0911,18.4728,15.7039
130548001,1783507890.232,44.640,2.6611,1.5384,0.1073,3.0757,30.0,1.0308,1.0146,1.1118,0.8102,1.2079,1.2012,21.26,130548001,1326034869565,-1.000,21.731,nan,nan,nan,steady,2.6628,1.5244,0.0912,18.4705,15.7039
130568001,1783507890.262,44.669,2.6627,1.5372,0.1073,3.0764,30.0,1.0308,1.0147,1.1119,0.8330,1.2418,1.2349,19.84,130568001,1326034900156,-1.000,20.320,nan,nan,nan,steady,2.6677,1.5254,0.0912,18.4634,15.5702
130588001,1783507890.292,44.700,2.6651,1.5368,0.1074,3.0783,30.0,1.0308,1.0147,1.1121,0.8327,1.2413,1.2344,21.03,130588001,1326034929447,-1.000,21.455,nan,nan,nan,steady,2.6739,1.5285,0.0919,18.4526,15.5702
130608001,1783507890.323,44.730,2.6679,1.5379,0.1076,3.0813,30.0,1.0295,1.0133,1.1107,0.8312,1.2389,1.2320,21.69,130608001,1326034959693,-1.000,22.111,nan,nan,nan,steady,2.6784,1.5369,0.0920,18.4498,15.5702
130628001,1783507890.353,44.761,2.6712,1.5407,0.1079,3.0856,30.0,1.0306,1.0144,1.1120,0.8266,1.2321,1.2252,20.94,130628001,1326034990823,-1.000,21.431,nan,nan,nan,steady,2.6837,1.5473,0.0933,18.4392,15.5702
130688001,1783507890.382,44.790,2.6732,1.5458,0.1085,3.0898,30.0,1.0283,1.0121,1.1095,0.8172,1.2178,1.2111,19.72,130688001,1326035021130,-1.000,20.098,nan,nan,nan,steady,2.6798,1.5641,0.0947,18.4148,15.6151
130708001,1783507890.412,44.819,2.6740,1.5520,0.1090,3.0937,30.1,1.0285,1.0123,1.1097,0.8175,1.2182,1.2115,20.06,130708001,1326035050074,-1.000,20.542,nan,nan,nan,steady,2.6762,1.5747,0.0947,18.4042,15.6151
130724001,1783507890.442,44.849,2.6722,1.5582,0.1094,3.0953,30.2,1.0283,1.0121,1.1094,0.8164,1.2164,1.2097,19.66,130724001,1326035080579,-1.000,20.199,nan,nan,nan,steady,2.6623,1.5796,0.0945,18.4031,15.6151
130744001,1783507890.472,44.880,2.6677,1.5640,0.1100,3.0943,30.4,1.0279,1.0117,1.1089,0.8152,1.2146,1.2079,21.29,130744001,1326035109658,-1.000,21.657,nan,nan,nan,steady,2.6457,1.5833,0.0961,18.3929,15.6151
130768001,1783507890.504,44.912,2.6612,1.5696,0.1108,3.0916,30.5,1.0282,1.0120,1.1092,0.8084,1.2043,1.1976,22.43,130768001,1326035140404,-1.000,22.898,nan,nan,nan,steady,2.6313,1.5881,0.0973,18.3878,15.6481
130788001,1783507890.517,44.925,2.6533,1.5747,0.1114,3.0874,30.7,1.0283,1.0121,1.1092,0.8076,1.2029,1.1963,3.31,130788001,1326035172264,-1.000,3.947,nan,nan,nan,steady,2.6174,1.5919,0.0975,18.3779,15.6481
130884001,1783507890.561,44.969,2.6435,1.5819,0.1121,3.0827,30.9,1.0277,1.0115,1.1085,0.8156,1.2148,1.2081,21.50,130884001,1326035197942,-1.000,22.045,nan,nan,nan,steady,2.5984,1.6096,0.0985,18.3538,15.5832
130908001,1783507890.593,45.001,2.6349,1.5887,0.1126,3.0788,31.1,1.0297,1.0135,1.1108,0.8167,1.2165,1.2098,22.54,130908001,1326035228878,-1.000,22.974,nan,nan,nan,steady,2.5956,1.6128,0.0985,18.3537,15.5832
130924001,1783507890.623,45.031,2.6275,1.5948,0.1129,3.0757,31.3,1.0306,1.0144,1.1117,0.8142,1.2127,1.2061,21.02,130924001,1326035260766,-1.000,21.497,nan,nan,nan,steady,2.5947,1.6159,0.0973,18.3359,15.5832
130948001,1783507890.654,45.062,2.6223,1.6000,0.1131,3.0740,31.4,1.0323,1.0160,1.1135,0.8162,1.2155,1.2088,21.45,130948001,1326035291052,-1.000,21.882,nan,nan,nan,steady,2.5986,1.6167,0.0970,18.3404,15.5832
130968001,1783507890.685,45.093,2.6201,1.6047,0.1132,3.0745,31.5,1.0337,1.0174,1.1149,0.8171,1.2166,1.2100,21.75,130968001,1326035322048,-1.000,22.204,nan,nan,nan,steady,2.6101,1.6189,0.0971,18.3319,15.5832
130984001,1783507890.714,45.121,2.6205,1.6079,0.1135,3.0766,31.5,1.0347,1.0184,1.1159,0.8065,1.2005,1.1940,19.20,130984001,1326035353129,-1.000,19.589,nan,nan,nan,steady,2.6226,1.6170,0.0977,18.3233,15.6577
131068001,1783507890.754,45.161,2.6215,1.6112,0.1139,3.0792,31.6,1.0344,1.0181,1.1155,0.8068,1.2008,1.1943,24.03,131068001,1326035388029,-1.000,24.491,nan,nan,nan,steady,2.6246,1.6218,0.0992,18.2950,15.6577
131088001,1783507890.789,45.196,2.6247,1.6134,0.1146,3.0830,31.6,1.0353,1.0191,1.1164,0.8182,1.2174,1.2109,19.27,131088001,1326035427965,-1.000,19.770,nan,nan,nan,steady,2.6379,1.6175,0.1005,18.2875,15.5805
131104001,1783507890.821,45.229,2.6300,1.6145,0.1152,3.0882,31.5,1.0375,1.0211,1.1185,0.8184,1.2174,1.2110,23.07,131104001,1326035456554,-1.000,23.479,nan,nan,nan,steady,2.6528,1.6134,0.1012,18.2795,15.5805
131124001,1783507890.852,45.259,2.6362,1.6142,0.1158,3.0934,31.5,1.0363,1.0200,1.1171,0.8197,1.2189,1.2126,21.14,131124001,1326035488834,-1.000,21.604,nan,nan,nan,steady,2.6622,1.6062,0.1009,18.2766,15.5805
131148001,1783507890.881,45.288,2.6432,1.6125,0.1164,3.0984,31.4,1.0373,1.0210,1.1180,0.8205,1.2197,1.2134,19.86,131148001,1326035519272,-1.000,20.278,nan,nan,nan,steady,2.6722,1.5983,0.1022,18.2688,15.5805
131264001,1783507890.921,45.328,2.6520,1.6128,0.1172,3.1062,31.3,1.0455,1.0290,1.1268,0.8336,1.2388,1.2325,24.01,131264001,1326035555027,-1.000,24.712,nan,nan,nan,steady,2.6859,1.6116,0.1042,18.2620,15.5805
131288001,1783507890.951,45.358,2.6633,1.6126,0.1181,3.1156,31.2,1.0416,1.0252,1.1225,0.8320,1.2360,1.2297,20.02,131288001,1326035588874,-1.000,20.798,nan,nan,nan,steady,2.7113,1.6059,0.1053,18.2298,15.5217
131308001,1783507890.980,45.387,2.6761,1.6113,0.1188,3.1260,31.1,1.0418,1.0254,1.1226,0.8328,1.2367,1.2305,19.18,131308001,1326035618781,-1.000,19.870,nan,nan,nan,steady,2.7319,1.5986,0.1054,18.2230,15.5217
131328001,1783507891.011,45.418,2.6887,1.6091,0.1194,3.1357,30.9,1.0395,1.0231,1.1200,0.8330,1.2366,1.2304,21.73,131328001,1326035647577,-1.000,22.225,nan,nan,nan,steady,2.7424,1.5920,0.1046,18.2083,15.5217
131348001,1783507891.041,45.449,2.7009,1.6069,0.1199,3.1450,30.8,1.0385,1.0222,1.1187,0.8317,1.2343,1.2282,21.05,131348001,1326035678815,-1.000,21.479,nan,nan,nan,steady,2.7526,1.5908,0.1048,18.2017,15.5217
131368001,1783507891.072,45.480,2.7120,1.6045,0.1203,3.1534,30.6,1.0366,1.0203,1.1163,0.8345,1.2379,1.2318,21.75,131368001,1326035709171,-1.000,22.170,nan,nan,nan,steady,2.7593,1.5869,0.1052,18.2005,15.5217
131388001,1783507891.106,45.514,2.7214,1.6017,0.1207,3.1600,30.5,1.0354,1.0191,1.1148,0.8281,1.2280,1.2221,24.44,131388001,1326035740275,-1.000,24.953,nan,nan,nan,steady,2.7606,1.5830,0.1055,18.1941,15.5617
131444001,1783507891.137,45.545,2.7274,1.6004,0.1212,3.1646,30.4,1.0355,1.0192,1.1146,0.8321,1.2335,1.2276,22.48,131444001,1326035772983,-1.000,23.015,nan,nan,nan,steady,2.7524,1.5900,0.1064,18.1765,15.5617
131468001,1783507891.169,45.577,2.7295,1.5986,0.1218,3.1655,30.4,1.0345,1.0183,1.1133,0.8316,1.2324,1.2266,23.00,131468001,1326035804855,-1.000,23.425,nan,nan,nan,steady,2.7377,1.5842,0.1078,18.1631,15.5617
131484001,1783507891.199,45.606,2.7280,1.5958,0.1226,3.1629,30.3,1.0355,1.0193,1.1143,0.8204,1.2156,1.2099,19.63,131484001,1326035837277,-1.000,20.097,nan,nan,nan,steady,2.7209,1.5781,0.1091,18.1574,15.6417
131508001,1783507891.231,45.638,2.7236,1.5928,0.1232,3.1575,30.3,1.0357,1.0195,1.1144,0.8209,1.2162,1.2105,23.06,131508001,1326035866125,-1.000,23.482,nan,nan,nan,steady,2.7041,1.5743,0.1091,18.1573,15.6417
131528001,1783507891.260,45.668,2.7165,1.5898,0.1239,3.1500,30.3,1.0366,1.0204,1.1153,0.8194,1.2139,1.2082,20.33,131528001,1326035898395,-1.000,20.725,nan,nan,nan,steady,2.6859,1.5718,0.1100,18.1518,15.6417
131548001,1783507891.290,45.697,2.7076,1.5872,0.1246,3.1410,30.4,1.0359,1.0198,1.1145,0.8199,1.2145,1.2088,19.95,131548001,1326035927912,-1.000,20.439,nan,nan,nan,steady,2.6696,1.5713,0.1106,18.1483,15.6417
131644001,1783507891.326,45.734,2.6966,1.5882,0.1254,3.1321,30.5,1.0349,1.0188,1.1134,0.8218,1.2173,1.2116,19.90,131644001,1326035964826,-1.000,20.341,nan,nan,nan,steady,2.6483,1.5902,0.1125,18.1300,15.5827
131668001,1783507891.346,45.753,2.6868,1.5901,0.1262,3.1246,30.6,1.0358,1.0197,1.1145,0.8195,1.2139,1.2082,10.07,131668001,1326035994196,-1.000,10.606,nan,nan,nan,steady,2.6450,1.5944,0.1128,18.1157,15.5827
131688001,1783507891.375,45.783,2.6788,1.5929,0.1268,3.1192,30.7,1.0365,1.0204,1.1153,0.8183,1.2123,1.2065,19.54,131688001,1326036014166,-1.000,20.054,nan,nan,nan,steady,2.6453,1.6009,0.1126,18.1133,15.5883
131704001,1783507891.417,45.824,2.6737,1.5968,0.1270,3.1168,30.8,1.0368,1.0207,1.1157,0.8173,1.2107,1.2050,31.76,131704001,1326036043146,-1.000,32.243,nan,nan,nan,steady,2.6536,1.6100,0.1110,18.1087,15.5883
131724001,1783507891.446,45.853,2.6700,1.6009,0.1269,3.1158,30.9,1.0367,1.0207,1.1157,0.8166,1.2097,1.2040,19.47,131724001,1326036084430,-1.000,19.949,nan,nan,nan,steady,2.6555,1.6145,0.1090,18.1006,15.5883
131744001,1783507891.474,45.882,2.6678,1.6054,0.1269,3.1162,31.0,1.0382,1.0221,1.1172,0.8161,1.2088,1.2031,19.30,131744001,1326036113296,-1.000,19.679,nan,nan,nan,steady,2.6592,1.6207,0.1097,18.0962,15.5883
131804001,1783507891.510,45.918,2.6654,1.6108,0.1268,3.1169,31.1,1.0390,1.0230,1.1182,0.8099,1.1996,1.1940,20.09,131804001,1326036148563,-1.000,20.627,nan,nan,nan,steady,2.6548,1.6309,0.1095,18.0828,15.6354
131828001,1783507891.543,45.950,2.6641,1.6163,0.1271,3.1186,31.2,1.0408,1.0247,1.1201,0.8091,1.1983,1.1926,22.86,131828001,1326036178087,-1.000,23.301,nan,nan,nan,steady,2.6593,1.6368,0.1115,18.0788,15.6354
131844001,1783507891.577,45.984,2.6650,1.6215,0.1275,3.1222,31.3,1.0403,1.0242,1.1195,0.8078,1.1962,1.1906,24.50,131844001,1326036210333,-1.000,25.049,nan,nan,nan,steady,2.6703,1.6409,0.1128,18.0716,15.6354
131868001,1783507891.605,46.013,2.6686,1.6268,0.1279,3.1280,31.4,1.0427,1.0267,1.1221,0.8087,1.1972,1.1917,19.46,131868001,1326036244218,-1.000,19.882,nan,nan,nan,steady,2.6857,1.6463,0.1129,18.0678,15.6266
131884001,1783507891.634,46.041,2.6748,1.6317,0.1282,3.1359,31.4,1.0441,1.0281,1.1235,0.8102,1.1991,1.1936,19.25,131884001,1326036272938,-1.000,19.636,nan,nan,nan,steady,2.7043,1.6490,0.1132,18.0609,15.6266
131908001,1783507891.664,46.071,2.6834,1.6358,0.1285,3.1453,31.4,1.0462,1.0301,1.1256,0.8116,1.2009,1.1954,20.26,131908001,1326036301572,-1.000,20.796,nan,nan,nan,steady,2.7223,1.6497,0.1131,18.0573,15.6266
132028001,1783507891.701,46.108,2.6902,1.6419,0.1290,3.1543,31.4,1.0428,1.0268,1.1218,0.8121,1.2014,1.1960,21.25,132028001,1326036337865,-1.000,21.692,nan,nan,nan,steady,2.7192,1.6654,0.1144,18.0159,15.5784
132044001,1783507891.733,46.141,2.6975,1.6464,0.1295,3.1629,31.4,1.0435,1.0275,1.1225,0.8139,1.2036,1.1982,23.43,132044001,1326036368381,-1.000,23.846,nan,nan,nan,steady,2.7298,1.6614,0.1157,18.0100,15.5784
132068001,1783507891.764,46.172,2.7052,1.6492,0.1300,3.1710,31.4,1.0440,1.0280,1.1230,0.8153,1.2054,1.2001,21.29,132068001,1326036401183,-1.000,21.781,nan,nan,nan,steady,2.7397,1.6555,0.1159,18.0073,15.5784
132084001,1783507891.809,46.217,2.7135,1.6508,0.1305,3.1789,31.3,1.0438,1.0279,1.1227,0.8183,1.2095,1.2042,21.93,132084001,1326036445622,-1.000,22.565,nan,nan,nan,steady,2.7506,1.6513,0.1162,18.0016,15.5714
132104001,1783507891.838,46.245,2.7224,1.6513,0.1307,3.1867,31.2,1.0422,1.0263,1.1208,0.8200,1.2116,1.2064,19.12,132104001,1326036477001,-1.000,19.540,nan,nan,nan,steady,2.7622,1.6474,0.1148,17.9991,15.5714
132204001,1783507891.874,46.282,2.7276,1.6524,0.1307,3.1918,31.2,1.0421,1.0263,1.1208,0.8209,1.2127,1.2075,21.43,132204001,1326036510981,-1.000,21.941,nan,nan,nan,steady,2.7497,1.6529,0.1142,17.9669,15.5744
132228001,1783507891.907,46.314,2.7309,1.6522,0.1311,3.1945,31.2,1.0421,1.0263,1.1207,0.8192,1.2100,1.2048,23.36,132228001,1326036541930,-1.000,23.857,nan,nan,nan,steady,2.7445,1.6459,0.1164,17.9583,15.5744
132244001,1783507891.936,46.344,2.7329,1.6513,0.1318,3.1957,31.1,1.0425,1.0267,1.1210,0.8179,1.2078,1.2026,19.78,132244001,1326036574724,-1.000,20.219,nan,nan,nan,steady,2.7421,1.6416,0.1189,17.9509,15.5744
132268001,1783507891.967,46.375,2.7348,1.6502,0.1325,3.1969,31.1,1.0427,1.0269,1.1211,0.8165,1.2054,1.2003,21.88,132268001,1326036603907,-1.000,22.324,nan,nan,nan,steady,2.7446,1.6400,0.1200,17.9424,15.5744
132288001,1783507891.998,46.406,2.7371,1.6487,0.1331,3.1981,31.1,1.0433,1.0276,1.1217,0.8136,1.2009,1.1959,21.29,132288001,1326036635218,-1.000,21.766,nan,nan,nan,steady,2.7487,1.6381,0.1193,17.9353,15.6176
132308001,1783507892.029,46.436,2.7401,1.6467,0.1333,3.1996,31.0,1.0436,1.0279,1.1218,0.8160,1.2041,1.1991,21.26,132308001,1326036665853,-1.000,21.643,nan,nan,nan,steady,2.7552,1.6337,0.1174,17.9366,15.6176
132388001,1783507892.064,46.471,2.7438,1.6464,0.1334,3.2026,31.0,1.0471,1.0314,1.1255,0.8192,1.2086,1.2036,22.18,132388001,1326036699701,-1.000,22.672,nan,nan,nan,steady,2.7598,1.6416,0.1175,17.9324,15.5649
132404001,1783507892.091,46.499,2.7483,1.6458,0.1337,3.2062,30.9,1.0480,1.0323,1.1263,0.8264,1.2188,1.2138,18.48,132404001,1326036731264,-1.000,18.884,nan,nan,nan,steady,2.7702,1.6385,0.1188,17.9034,15.5649
132428001,1783507892.121,46.529,2.7539,1.6449,0.1340,3.2105,30.8,1.0478,1.0322,1.1260,0.8267,1.2188,1.2139,19.53,132428001,1326036760093,-1.000,19.930,nan,nan,nan,steady,2.7806,1.6359,0.1194,17.8929,15.5649
132448001,1783507892.151,46.559,2.7593,1.6430,0.1341,3.2142,30.8,1.0478,1.0322,1.1256,0.8276,1.2197,1.2149,20.46,132448001,1326036789042,-1.000,21.089,nan,nan,nan,steady,2.7849,1.6288,0.1183,17.8895,15.5649
132468001,1783507892.183,46.591,2.7643,1.6404,0.1342,3.2171,30.7,1.0466,1.0310,1.1240,0.8295,1.2220,1.2173,22.51,132468001,1326036819012,-1.000,22.960,nan,nan,nan,steady,2.7881,1.6227,0.1186,17.8889,15.5649
132488001,1783507892.196,46.604,2.7691,1.6375,0.1345,3.2199,30.6,1.0471,1.0315,1.1243,0.8273,1.2184,1.2138,3.67,132488001,1326036850941,-1.000,4.101,nan,nan,nan,steady,2.7928,1.6193,0.1200,17.8761,15.5894
132584001,1783507892.242,46.649,2.7716,1.6356,0.1349,3.2210,30.5,1.0466,1.0311,1.1236,0.8186,1.2052,1.2007,21.42,132584001,1326036878852,-1.000,21.978,nan,nan,nan,steady,2.7836,1.6240,0.1211,17.8434,15.6250
132604001,1783507892.271,46.678,2.7727,1.6326,0.1352,3.2205,30.5,1.0486,1.0332,1.1255,0.8220,1.2098,1.2053,19.24,132604001,1326036909786,-1.000,19.664,nan,nan,nan,steady,2.7794,1.6151,0.1207,17.8410,15.6250
132624001,1783507892.304,46.712,2.7719,1.6286,0.1359,3.2178,30.4,1.0475,1.0321,1.1240,0.8209,1.2078,1.2034,24.10,132624001,1326036938392,-1.000,24.625,nan,nan,nan,steady,2.7702,1.6055,0.1235,17.8315,15.6250
132644001,1783507892.335,46.743,2.7696,1.6233,0.1371,3.2131,30.4,1.0484,1.0330,1.1246,0.8229,1.2102,1.2059,21.77,132644001,1326036971949,-1.000,22.232,nan,nan,nan,steady,2.7612,1.5945,0.1276,17.8294,15.6250
132668001,1783507892.364,46.772,2.7672,1.6177,0.1385,3.2083,30.3,1.0496,1.0343,1.1257,0.8220,1.2086,1.2043,19.30,132668001,1326037003090,-1.000,19.799,nan,nan,nan,steady,2.7596,1.5879,0.1298,17.8223,15.6250
132688001,1783507892.396,46.803,2.7660,1.6132,0.1396,3.2051,30.3,1.0497,1.0344,1.1257,0.8475,1.2457,1.2414,22.18,132688001,1326037031829,-1.000,22.694,nan,nan,nan,steady,2.7643,1.5875,0.1296,17.8107,15.4811
132748001,1783507892.433,46.841,2.7647,1.6107,0.1408,3.2028,30.2,1.0503,1.0351,1.1263,0.8454,1.2423,1.2381,21.49,132748001,1326037069880,-1.000,21.978,nan,nan,nan,steady,2.7616,1.5943,0.1311,17.7932,15.4811
132768001,1783507892.467,46.875,2.7639,1.6095,0.1420,3.2015,30.2,1.0508,1.0356,1.1267,0.8468,1.2441,1.2399,24.50,132768001,1326037101079,-1.000,25.011,nan,nan,nan,steady,2.7633,1.5984,0.1329,17.7918,15.4811
132788001,1783507892.496,46.903,2.7646,1.6104,0.1429,3.2026,30.2,1.0519,1.0368,1.1279,0.8550,1.2559,1.2517,19.35,132788001,1326037134947,-1.000,19.766,nan,nan,nan,steady,2.7713,1.6081,0.1325,17.7830,15.4232
132804001,1783507892.525,46.932,2.7672,1.6133,0.1437,3.2064,30.2,1.0520,1.0369,1.1280,0.8540,1.2542,1.2500,19.64,132804001,1326037163657,-1.000,20.062,nan,nan,nan,steady,2.7826,1.6198,0.1331,17.7721,15.4232
132828001,1783507892.557,46.964,2.7713,1.6181,0.1445,3.2124,30.3,1.0514,1.0363,1.1272,0.8526,1.2518,1.2477,22.56,132828001,1326037192606,-1.000,23.080,nan,nan,nan,steady,2.7929,1.6335,0.1330,17.7656,15.4232
132848001,1783507892.586,46.993,2.7753,1.6240,0.1448,3.2188,30.3,1.0510,1.0359,1.1267,0.8515,1.2499,1.2458,19.52,132848001,1326037224617,-1.000,19.954,nan,nan,nan,steady,2.7955,1.6433,0.1312,17.7647,15.4232
132924001,1783507892.612,47.019,2.7777,1.6297,0.1453,3.2238,30.4,1.0518,1.0368,1.1275,0.8306,1.2190,1.2151,19.13,132924001,1326037251230,-1.000,19.553,nan,nan,nan,steady,2.7906,1.6480,0.1328,17.7583,15.5171
132948001,1783507892.643,47.050,2.7778,1.6364,0.1462,3.2273,30.5,1.0526,1.0376,1.1282,0.8265,1.2126,1.2088,21.37,132948001,1326037279788,-1.000,21.927,nan,nan,nan,steady,2.7794,1.6609,0.1362,17.7351,15.5171
132968001,1783507892.672,47.079,2.7766,1.6416,0.1475,3.2290,30.6,1.0542,1.0392,1.1298,0.8280,1.2145,1.2107,19.57,132968001,1326037310664,-1.000,19.958,nan,nan,nan,steady,2.7732,1.6575,0.1392,17.7251,15.5171
132988001,1783507892.703,47.110,2.7752,1.6452,0.1491,3.2297,30.7,1.0548,1.0398,1.1303,0.8218,1.2049,1.2012,21.37,132988001,1326037339631,-1.000,21.849,nan,nan,nan,steady,2.7719,1.6540,0.1422,17.7192,15.5502
133008001,1783507892.733,47.140,2.7756,1.6479,0.1509,3.2314,30.7,1.0572,1.0422,1.1328,0.8213,1.2038,1.2003,20.09,133008001,1326037370772,-1.000,20.752,nan,nan,nan,steady,2.7812,1.6535,0.1452,17.7094,15.5502
133028001,1783507892.762,47.170,2.7780,1.6496,0.1527,3.2345,30.7,1.0568,1.0418,1.1322,0.8217,1.2039,1.2004,19.91,133028001,1326037400731,-1.000,20.559,nan,nan,nan,steady,2.7931,1.6513,0.1467,17.7036,15.5502
133048001,1783507892.797,47.204,2.7809,1.6492,0.1543,3.2369,30.7,1.0592,1.0442,1.1345,0.8282,1.2129,1.2095,24.67,133048001,1326037430570,-1.000,25.266,nan,nan,nan,steady,2.7973,1.6404,0.1470,17.7038,15.5502
133108001,1783507892.830,47.238,2.7842,1.6480,0.1560,3.2392,30.6,1.0619,1.0468,1.1372,0.8292,1.2138,1.2105,19.96,133108001,1326037468397,-1.000,20.536,nan,nan,nan,steady,2.8005,1.6355,0.1501,17.6981,15.5030
133124001,1783507892.861,47.269,2.7871,1.6441,0.1578,3.2397,30.5,1.0622,1.0472,1.1374,0.8383,1.2267,1.2234,21.32,133124001,1326037498163,-1.000,21.999,nan,nan,nan,steady,2.8021,1.6183,0.1520,17.6741,15.5030
133148001,1783507892.894,47.302,2.7890,1.6380,0.1599,3.2384,30.4,1.0638,1.0489,1.1388,0.8407,1.2294,1.2262,22.14,133148001,1326037530569,-1.000,22.771,nan,nan,nan,steady,2.7999,1.6017,0.1567,17.6686,15.5030
133168001,1783507892.926,47.334,2.7888,1.6292,0.1625,3.2339,30.3,1.0641,1.0492,1.1387,0.8442,1.2337,1.2307,22.19,133168001,1326037562417,-1.000,22.741,nan,nan,nan,steady,2.7893,1.5806,0.1619,17.6615,15.5030
133188001,1783507892.959,47.367,2.7850,1.6174,0.1658,3.2248,30.1,1.0682,1.0533,1.1426,0.8544,1.2477,1.2448,23.42,133188001,1326037594076,-1.000,23.971,nan,nan,nan,steady,2.7685,1.5547,0.1693,17.6562,15.4780
133204001,1783507892.990,47.398,2.7769,1.6025,0.1696,3.2106,30.0,1.0710,1.0561,1.1451,0.8593,1.2540,1.2513,20.17,133204001,1326037628098,-1.000,20.768,nan,nan,nan,steady,2.7413,1.5253,0.1760,17.6475,15.4780
133308001,1783507893.027,47.434,2.7584,1.5836,0.1750,3.1854,29.9,1.0883,1.0733,1.1630,0.8906,1.2984,1.2959,19.91,133308001,1326037664871,-1.000,20.583,nan,nan,nan,steady,2.6718,1.4861,0.1907,17.6172,15.4119
133328001,1783507893.040,47.447,2.7323,1.5585,0.1816,3.1508,29.7,1.0950,1.0800,1.1696,0.9094,1.3246,1.3222,2.90,133328001,1326037694855,-1.000,3.536,nan,nan,nan,steady,2.6128,1.4310,0.2041,17.6008,15.4119
133348001,1783507893.078,47.486,2.7009,1.5280,0.1891,3.1090,29.5,1.1004,1.0855,1.1748,0.9346,1.3600,1.3579,21.53,133348001,1326037714954,-1.000,22.100,nan,nan,nan,steady,2.5587,1.3752,0.2163,17.5960,15.4119
133368001,1783507893.108,47.516,2.6660,1.4925,0.1969,3.0617,29.2,1.1063,1.0914,1.1807,0.9622,1.3990,1.3970,20.03,133368001,1326037746158,-1.000,20.723,nan,nan,nan,steady,2.5089,1.3169,0.2258,17.5897,15.4119
133384001,1783507893.138,47.546,2.6291,1.4533,0.2052,3.0111,28.9,1.1117,1.0969,1.1861,0.9747,1.4160,1.4142,20.02,133384001,1326037776507,-1.000,20.635,nan,nan,nan,steady,2.4634,1.2618,0.2363,17.5850,15.4636
133408001,1783507893.168,47.576,2.5909,1.4113,0.2137,2.9581,28.6,1.1198,1.1051,1.1946,1.0058,1.4600,1.4584,19.93,133408001,1326037806334,-1.000,20.585,nan,nan,nan,steady,2.4189,1.2079,0.2470,17.5788,15.4636
133504001,1783507893.209,47.616,2.5487,1.3673,0.2228,2.9008,28.2,1.1425,1.1277,1.2189,1.0513,1.5251,1.5236,24.54,133504001,1326037842511,-1.000,25.087,nan,nan,nan,steady,2.3549,1.1556,0.2594,17.5465,15.5153
133524001,1783507893.242,47.650,2.5041,1.3181,0.2320,2.8393,27.8,1.1513,1.1365,1.2285,1.0928,1.5843,1.5829,23.96,133524001,1326037876664,-1.000,24.512,nan,nan,nan,steady,2.2988,1.0801,0.2694,17.5323,15.5153
133548001,1783507893.271,47.679,2.4586,1.2644,0.2410,2.7752,27.2,1.1591,1.1445,1.2373,1.1387,1.6502,1.6489,19.58,133548001,1326037910192,-1.000,20.074,nan,nan,nan,steady,2.2495,1.0050,0.2777,17.5295,15.5153
133568001,1783507893.300,47.708,2.4139,1.2087,0.2494,2.7111,26.6,1.1664,1.1520,1.2457,1.1771,1.7054,1.7041,18.77,133568001,1326037939415,-1.000,19.501,nan,nan,nan,steady,2.2083,0.9415,0.2838,17.5154,15.5153
133584001,1783507893.330,47.738,2.3720,1.1524,0.2572,2.6496,25.9,1.1713,1.1571,1.2518,1.2007,1.7395,1.7382,19.97,133584001,1326037968285,-1.000,20.611,nan,nan,nan,steady,2.1799,0.8835,0.2888,17.5112,15.5386
133604001,1783507893.362,47.770,2.3370,1.0972,0.2645,2.5952,25.2,1.1750,1.1610,1.2568,1.2227,1.7716,1.7702,22.39,133604001,1326037998065,-1.000,23.066,nan,nan,nan,steady,2.1784,0.8352,0.2935,17.4986,15.5386
133688001,1783507893.398,47.805,2.3114,1.0469,0.2716,2.5519,24.4,1.1858,1.1720,1.2698,1.2844,1.8613,1.8597,22.16,133688001,1326038033857,-1.000,22.783,nan,nan,nan,steady,2.1959,0.8111,0.3007,17.4958,15.5386
133704001,1783507893.428,47.836,2.2956,0.9994,0.2784,2.5192,23.5,1.1884,1.1748,1.2740,1.2991,1.8832,1.8814,20.72,133704001,1326038065719,-1.000,21.424,nan,nan,nan,steady,2.2248,0.7754,0.3065,17.4654,15.4337
133724001,1783507893.458,47.866,2.2893,0.9548,0.2848,2.4968,22.6,1.1896,1.1763,1.2768,1.3035,1.8901,1.8881,19.81,133724001,1326038096609,-1.000,20.418,nan,nan,nan,steady,2.2603,0.7433,0.3108,17.4530,15.4337
133744001,1783507893.488,47.896,2.2916,0.9135,0.2907,2.4841,21.7,1.1907,1.1776,1.2794,1.3075,1.8962,1.8941,19.99,133744001,1326038126280,-1.000,20.711,nan,nan,nan,steady,2.2996,0.7170,0.3149,17.4417,15.4337
133764001,1783507893.518,47.926,2.3014,0.8759,0.2962,2.4801,20.8,1.1900,1.1772,1.2801,1.3080,1.8973,1.8951,19.95,133764001,1326038156683,-1.000,20.567,nan,nan,nan,steady,2.3408,0.6959,0.3180,17.4306,15.4337
133788001,1783507893.549,47.956,2.3172,0.8419,0.3011,2.4837,20.0,1.1887,1.1761,1.2798,1.3078,1.8972,1.8948,20.66,133788001,1326038186238,-1.000,21.262,nan,nan,nan,steady,2.3822,0.6785,0.3204,17.4294,15.4409
133808001,1783507893.578,47.985,2.3381,0.8119,0.3054,2.4938,19.1,1.1857,1.1734,1.2778,1.3017,1.8885,1.8860,19.40,133808001,1326038216481,-1.000,19.894,nan,nan,nan,steady,2.4236,0.6666,0.3217,17.4169,15.4409
133884001,1783507893.611,48.019,2.3635,0.7876,0.3091,2.5104,18.4,1.1824,1.1703,1.2753,1.3223,1.9183,1.9157,24.11,133884001,1326038245365,-1.000,24.554,nan,nan,nan,steady,2.4687,0.6699,0.3218,17.3848,15.3675
133908001,1783507893.641,48.048,2.3933,0.7668,0.3121,2.5324,17.8,1.1785,1.1665,1.2721,1.3139,1.9063,1.9036,20.30,133908001,1326038278812,-1.000,20.761,nan,nan,nan,steady,2.5166,0.6635,0.3212,17.3749,15.3675
133924001,1783507893.671,48.079,2.4263,0.7483,0.3145,2.5585,17.1,1.1740,1.1622,1.2684,1.3022,1.8893,1.8865,21.29,133924001,1326038308380,-1.000,21.761,nan,nan,nan,steady,2.5629,0.6534,0.3203,17.3637,15.3675
133944001,1783507893.705,48.112,2.4613,0.7315,0.3162,2.5871,16.6,1.1686,1.1569,1.2635,1.2948,1.8785,1.8756,23.93,133944001,1326038339158,-1.000,24.462,nan,nan,nan,steady,2.6057,0.6433,0.3191,17.3551,15.3675
133964001,1783507893.737,48.145,2.4974,0.7157,0.3175,2.6173,16.0,1.1642,1.1527,1.2595,1.2868,1.8667,1.8638,23.20,133964001,1326038372621,-1.000,23.614,nan,nan,nan,steady,2.6456,0.6304,0.3175,17.3452,15.3675
133984001,1783507893.769,48.176,2.5329,0.7007,0.3183,2.6472,15.5,1.1584,1.1470,1.2540,1.2840,1.8625,1.8596,21.99,133984001,1326038404987,-1.000,22.405,nan,nan,nan,steady,2.6769,0.6183,0.3163,17.3452,15.3599
134064001,1783507893.804,48.212,2.5677,0.6859,0.3189,2.6768,15.0,1.1517,1.1404,1.2475,1.2698,1.8417,1.8388,19.69,134064001,1326038442962,-1.000,20.219,nan,nan,nan,steady,2.7082,0.6030,0.3151,17.3105,15.3599
134088001,1783507893.848,48.255,2.6008,0.6716,0.3192,2.7050,14.5,1.1466,1.1353,1.2425,1.2544,1.8191,1.8162,24.11,134088001,1326038481985,-1.000,24.653,nan,nan,nan,steady,2.7327,0.5913,0.3137,17.3118,15.3945
134104001,1783507893.880,48.288,2.6309,0.6579,0.3194,2.7306,14.0,1.1450,1.1339,1.2415,1.2503,1.8129,1.8100,22.76,134104001,1326038515590,-1.000,23.402,nan,nan,nan,steady,2.7488,0.5799,0.3131,17.3046,15.3945
134124001,1783507893.894,48.302,2.6575,0.6451,0.3195,2.7532,13.6,1.1416,1.1305,1.2382,1.2453,1.8054,1.8024,3.42,134124001,1326038549094,-1.000,4.023,nan,nan,nan,steady,2.7595,0.5713,0.3128,17.2972,15.3945
134148001,1783507893.931,48.339,2.6800,0.6331,0.3196,2.7723,13.3,1.1407,1.1297,1.2378,1.2397,1.7971,1.7942,21.59,134148001,1326038568061,-1.000,22.122,nan,nan,nan,steady,2.7638,0.5629,0.3124,17.2887,15.3945
134244001,1783507893.963,48.371,2.6983,0.6179,0.3192,2.7865,12.9,1.1425,1.1315,1.2402,1.2195,1.7675,1.7647,19.97,134244001,1326038601456,-1.000,20.550,nan,nan,nan,steady,2.7646,0.5292,0.3096,17.2926,15.3945
134268001,1783507893.992,48.400,2.7116,0.6035,0.3185,2.7961,12.5,1.1463,1.1352,1.2448,1.2696,1.8401,1.8371,19.84,134268001,1326038630939,-1.000,20.202,nan,nan,nan,steady,2.7557,0.5207,0.3072,17.2695,15.2478
134284001,1783507894.027,48.434,2.7201,0.5905,0.3176,2.8015,12.2,1.1471,1.1361,1.2462,1.2686,1.8389,1.8358,25.10,134284001,1326038659997,-1.000,25.522,nan,nan,nan,steady,2.7437,0.5145,0.3053,17.2752,15.2554
134304001,1783507894.056,48.463,2.7237,0.5788,0.3166,2.8024,12.0,1.1482,1.1372,1.2479,1.2655,1.8346,1.8315,19.69,134304001,1326038694392,-1.000,20.116,nan,nan,nan,steady,2.7257,0.5093,0.3040,17.2697,15.2554
134324001,1783507894.085,48.492,2.7226,0.5686,0.3158,2.7992,11.8,1.1477,1.1366,1.2479,1.2628,1.8311,1.8279,20.03,134324001,1326038723400,-1.000,20.445,nan,nan,nan,steady,2.7041,0.5070,0.3038,17.2656,15.2554
134344001,1783507894.117,48.525,2.7169,0.5602,0.3151,2.7919,11.7,1.1474,1.1364,1.2482,1.2609,1.8287,1.8254,23.01,134344001,1326038752781,-1.000,23.537,nan,nan,nan,steady,2.6788,0.5063,0.3043,17.2701,15.2554
134368001,1783507894.146,48.554,2.7085,0.5534,0.3146,2.7823,11.5,1.1451,1.1341,1.2464,1.2540,1.8194,1.8160,19.51,134368001,1326038785180,-1.000,19.977,nan,nan,nan,steady,2.6597,0.5075,0.3043,17.2678,15.2554
134468001,1783507894.177,48.584,2.6992,0.5434,0.3134,2.7711,11.4,1.1486,1.1375,1.2507,1.2729,1.8474,1.8438,21.20,134468001,1326038813877,-1.000,21.704,nan,nan,nan,steady,2.6500,0.4778,0.2991,17.2833,15.1579
134488001,1783507894.207,48.615,2.6882,0.5356,0.3116,2.7586,11.3,1.1509,1.1398,1.2539,1.2552,1.8226,1.8189,21.13,134488001,1326038844473,-1.000,21.560,nan,nan,nan,steady,2.6310,0.4830,0.2947,17.2935,15.2095
134508001,1783507894.236,48.643,2.6752,0.5296,0.3095,2.7446,11.2,1.1512,1.1401,1.2551,1.2478,1.8128,1.8089,19.47,134508001,1326038874937,-1.000,19.889,nan,nan,nan,steady,2.6099,0.4858,0.2907,17.2905,15.2095
134528001,1783507894.267,48.675,2.6603,0.5252,0.3073,2.7290,11.2,1.1499,1.1388,1.2546,1.2466,1.8124,1.8083,22.13,134528001,1326038903746,-1.000,22.589,nan,nan,nan,steady,2.5868,0.4896,0.2877,17.3028,15.2095
134548001,1783507894.297,48.705,2.6443,0.5228,0.3048,2.7126,11.2,1.1467,1.1357,1.2521,1.2397,1.8039,1.7995,20.03,134548001,1326038935360,-1.000,20.555,nan,nan,nan,steady,2.5660,0.4959,0.2845,17.3100,15.2095
134564001,1783507894.330,48.737,2.6278,0.5222,0.3023,2.6961,11.2,1.1439,1.1329,1.2500,1.2323,1.7946,1.7900,22.65,134564001,1326038964886,-1.000,23.472,nan,nan,nan,steady,2.5481,0.5039,0.2817,17.3129,15.2095
134664001,1783507894.368,48.776,2.6131,0.5168,0.2990,2.6804,11.2,1.1418,1.1307,1.2485,1.2083,1.7610,1.7562,22.22,134664001,1326039004205,-1.000,22.983,nan,nan,nan,steady,2.5438,0.4710,0.2738,17.3635,15.2745
134684001,1783507894.399,48.806,2.5988,0.5128,0.2954,2.6653,11.2,1.1408,1.1297,1.2484,1.2218,1.7822,1.7771,20.97,134684001,1326039036172,-1.000,21.408,nan,nan,nan,steady,2.5312,0.4764,0.2690,17.3799,15.2282
134708001,1783507894.430,48.837,2.5850,0.5102,0.2917,2.6510,11.2,1.1380,1.1270,1.2464,1.2158,1.7751,1.7697,22.02,134708001,1326039066377,-1.000,22.420,nan,nan,nan,steady,2.5199,0.4811,0.2649,17.3905,15.2282
134728001,1783507894.459,48.867,2.5723,0.5091,0.2880,2.6380,11.2,1.1337,1.1226,1.2427,1.2100,1.7683,1.7627,19.70,134728001,1326039097687,-1.000,20.157,nan,nan,nan,steady,2.5124,0.4875,0.2614,17.4001,15.2282
134744001,1783507894.495,48.902,2.5614,0.5097,0.2842,2.6271,11.3,1.1288,1.1176,1.2383,1.2022,1.7586,1.7527,24.98,134744001,1326039127982,-1.000,25.448,nan,nan,nan,steady,2.5100,0.4961,0.2572,17.4133,15.2282
134768001,1783507894.524,48.931,2.5528,0.5123,0.2805,2.6188,11.3,1.1240,1.1129,1.2341,1.1970,1.7526,1.7464,19.56,134768001,1326039162392,-1.000,20.028,nan,nan,nan,steady,2.5118,0.5081,0.2539,17.4334,15.2282
134824001,1783507894.560,48.968,2.5473,0.5136,0.2767,2.6132,11.4,1.1178,1.1066,1.2281,1.2251,1.7952,1.7886,21.64,134824001,1326039196886,-1.000,22.090,nan,nan,nan,steady,2.5209,0.5005,0.2494,17.4821,15.1398
134844001,1783507894.592,48.999,2.5442,0.5170,0.2728,2.6105,11.5,1.1160,1.1047,1.2269,1.2170,1.7847,1.7780,22.29,134844001,1326039227762,-1.000,22.839,nan,nan,nan,steady,2.5283,0.5155,0.2456,17.4967,15.1398
134868001,1783507894.624,49.032,2.5427,0.5223,0.2690,2.6096,11.6,1.1115,1.1002,1.2228,1.2096,1.7750,1.7681,23.28,134868001,1326039259388,-1.000,23.671,nan,nan,nan,steady,2.5334,0.5291,0.2419,17.5139,15.1398
134888001,1783507894.655,49.062,2.5422,0.5286,0.2652,2.6100,11.7,1.1078,1.0965,1.2195,1.1985,1.7601,1.7530,21.21,134888001,1326039291860,-1.000,21.791,nan,nan,nan,steady,2.5367,0.5396,0.2381,17.5391,15.1663
134908001,1783507894.686,49.093,2.5420,0.5352,0.2615,2.6109,11.9,1.1057,1.0942,1.2179,1.1952,1.7565,1.7492,21.48,134908001,1326039322714,-1.000,21.961,nan,nan,nan,steady,2.5375,0.5468,0.2348,17.5571,15.1663
134924001,1783507894.714,49.122,2.5422,0.5414,0.2579,2.6120,12.0,1.1023,1.0908,1.2149,1.1926,1.7539,1.7464,19.38,134924001,1326039353507,-1.000,19.823,nan,nan,nan,steady,2.5386,0.5503,0.2316,17.5736,15.1663
135028001,1783507894.735,49.143,2.5432,0.5397,0.2539,2.6122,12.0,1.1006,1.0890,1.2136,1.1733,1.7264,1.7189,4.76,135028001,1326039388673,-1.000,5.295,nan,nan,nan,steady,2.5437,0.5062,0.2250,17.6860,15.3050
135044001,1783507894.768,49.176,2.5429,0.5373,0.2498,2.6110,11.9,1.0991,1.0874,1.2125,1.1763,1.7318,1.7241,23.45,135044001,1326039403062,-1.000,24.010,nan,nan,nan,steady,2.5366,0.5041,0.2206,17.7086,15.3050
135064001,1783507894.799,49.206,2.5413,0.5346,0.2457,2.6086,11.9,1.0997,1.0879,1.2138,1.1816,1.7407,1.7328,21.37,135064001,1326039436020,-1.000,21.812,nan,nan,nan,steady,2.5290,0.5016,0.2159,17.7327,15.3050
135084001,1783507894.838,49.246,2.5388,0.5322,0.2417,2.6052,11.8,1.0979,1.0861,1.2124,1.1978,1.7657,1.7575,23.73,135084001,1326039473157,-1.000,24.168,nan,nan,nan,steady,2.5222,0.5017,0.2124,17.7565,15.2628
135108001,1783507894.868,49.275,2.5351,0.5303,0.2376,2.6009,11.8,1.0966,1.0847,1.2116,1.2003,1.7705,1.7621,19.99,135108001,1326039506348,-1.000,20.451,nan,nan,nan,steady,2.5135,0.5028,0.2085,17.7811,15.2628
135204001,1783507894.903,49.311,2.5270,0.5239,0.2326,2.5912,11.7,1.1041,1.0920,1.2201,1.2224,1.8042,1.7955,19.39,135204001,1326039542181,-1.000,19.941,nan,nan,nan,steady,2.4866,0.4721,0.1985,17.8096,15.2628
135228001,1783507894.935,49.342,2.5126,0.5191,0.2277,2.5757,11.7,1.1056,1.0935,1.2224,1.1875,1.7542,1.7454,22.23,135228001,1326039571079,-1.000,22.704,nan,nan,nan,steady,2.4407,0.4775,0.1942,17.9432,15.4328
135248001,1783507894.964,49.371,2.4939,0.5174,0.2234,2.5568,11.7,1.1027,1.0905,1.2199,1.1923,1.7631,1.7540,19.56,135248001,1326039602640,-1.000,19.999,nan,nan,nan,steady,2.4026,0.4937,0.1923,17.9793,15.4328
135268001,1783507894.997,49.405,2.4724,0.5189,0.2195,2.5358,11.9,1.1001,1.0878,1.2181,1.1889,1.7598,1.7505,24.00,135268001,1326039631469,-1.000,24.466,nan,nan,nan,steady,2.3693,0.5110,0.1902,17.9981,15.4328
135284001,1783507895.029,49.437,2.4495,0.5237,0.2159,2.5142,12.1,1.0980,1.0856,1.2167,1.1911,1.7650,1.7552,22.15,135284001,1326039665198,-1.000,22.648,nan,nan,nan,steady,2.3419,0.5313,0.1884,18.0352,15.4325
135304001,1783507895.057,49.464,2.4262,0.5313,0.2127,2.4927,12.4,1.0947,1.0822,1.2141,1.1880,1.7623,1.7523,18.24,135304001,1326039696721,-1.000,18.797,nan,nan,nan,steady,2.3169,0.5521,0.1866,18.0590,15.4325
135328001,1783507895.088,49.495,2.4035,0.5412,0.2094,2.4725,12.7,1.0905,1.0780,1.2105,1.1868,1.7623,1.7519,22.03,135328001,1326039724258,-1.000,22.442,nan,nan,nan,steady,2.2980,0.5716,0.1828,18.0883,15.4325
135408001,1783507895.119,49.526,2.3808,0.5481,0.2059,2.4517,13.0,1.0924,1.0798,1.2133,1.1573,1.7200,1.7097,21.52,135408001,1326039755819,-1.000,21.989,nan,nan,nan,steady,2.2749,0.5607,0.1766,18.2191,15.6226
135424001,1783507895.149,49.556,2.3565,0.5550,0.2025,2.4295,13.3,1.0902,1.0775,1.2117,1.1603,1.7262,1.7155,19.34,135424001,1326039787700,-1.000,19.756,nan,nan,nan,steady,2.2427,0.5686,0.1737,18.2457,15.6226
135448001,1783507895.180,49.588,2.3317,0.5620,0.1991,2.4067,13.6,1.0878,1.0751,1.2099,1.1683,1.7398,1.7288,22.34,135448001,1326039816290,-1.000,22.907,nan,nan,nan,steady,2.2150,0.5763,0.1705,18.2838,15.6226
135468001,1783507895.209,49.617,2.3059,0.5687,0.1957,2.3831,13.9,1.0852,1.0725,1.2080,1.1720,1.7469,1.7355,19.53,135468001,1326039848152,-1.000,20.032,nan,nan,nan,steady,2.1852,0.5814,0.1673,18.3116,15.6226
135484001,1783507895.240,49.647,2.2795,0.5748,0.1926,2.3588,14.2,1.0821,1.0693,1.2054,1.1569,1.7262,1.7147,21.15,135484001,1326039877144,-1.000,21.646,nan,nan,nan,steady,2.1555,0.5850,0.1648,18.3521,15.7062
135508001,1783507895.270,49.677,2.2517,0.5796,0.1896,2.3328,14.4,1.0792,1.0664,1.2033,1.1650,1.7399,1.7280,20.17,135508001,1326039907715,-1.000,20.661,nan,nan,nan,steady,2.1208,0.5831,0.1628,18.3850,15.7062
135588001,1783507895.301,49.709,2.2185,0.5805,0.1859,2.3007,14.7,1.0817,1.0688,1.2068,1.1704,1.7499,1.7376,20.00,135588001,1326039939481,-1.000,20.427,nan,nan,nan,steady,2.0635,0.5631,0.1550,18.4267,15.7062
135608001,1783507895.331,49.738,2.1806,0.5809,0.1823,2.2640,14.9,1.0812,1.0683,1.2073,1.1838,1.7721,1.7593,20.29,135608001,1326039968852,-1.000,20.718,nan,nan,nan,steady,2.0026,0.5639,0.1527,18.5623,15.8342
135624001,1783507895.360,49.767,2.1385,0.5809,0.1790,2.2232,15.2,1.0780,1.0651,1.2049,1.1942,1.7899,1.7765,19.52,135624001,1326039998456,-1.000,19.983,nan,nan,nan,steady,1.9412,0.5641,0.1509,18.5900,15.8342
135648001,1783507895.390,49.798,2.0943,0.5806,0.1760,2.1804,15.5,1.0759,1.0629,1.2037,1.2105,1.8165,1.8026,21.41,135648001,1326040027417,-1.000,21.864,nan,nan,nan,steady,1.8887,0.5629,0.1497,18.6282,15.8342
135668001,1783507895.420,49.827,2.0475,0.5796,0.1731,2.1350,15.8,1.0727,1.0597,1.2013,1.2241,1.8392,1.8247,19.97,135668001,1326040058268,-1.000,20.506,nan,nan,nan,steady,1.8303,0.5593,0.1474,18.6618,15.8342
135688001,1783507895.450,49.858,1.9969,0.5777,0.1701,2.0858,16.1,1.0704,1.0575,1.1999,1.2491,1.8789,1.8637,21.08,135688001,1326040087616,-1.000,21.504,nan,nan,nan,steady,1.7623,0.5531,0.1444,18.7065,15.8310
135708001,1783507895.478,49.885,1.9416,0.5746,0.1671,2.0317,16.5,1.0707,1.0577,1.2011,1.2686,1.9104,1.8946,18.03,135708001,1326040118134,-1.000,18.478,nan,nan,nan,steady,1.6848,0.5450,0.1413,18.7369,15.8310
135744001,1783507895.506,49.913,1.8809,0.5692,0.1638,1.9719,16.8,1.0678,1.0550,1.1986,1.3325,2.0083,1.9915,19.62,135744001,1326040144403,-1.000,20.148,nan,nan,nan,steady,1.6001,0.5290,0.1372,18.8600,15.8310
135768001,1783507895.537,49.944,1.8166,0.5630,0.1604,1.9086,17.2,1.0665,1.0537,1.1976,1.3511,2.0379,2.0206,21.43,135768001,1326040173479,-1.000,22.022,nan,nan,nan,steady,1.5210,0.5210,0.1337,18.8845,15.8310
135784001,1783507895.566,49.973,1.7479,0.5555,0.1568,1.8408,17.6,1.0649,1.0523,1.1961,1.3603,2.0528,2.0353,19.54,135784001,1326040204392,-1.000,19.995,nan,nan,nan,steady,1.4318,0.5079,0.1296,18.9315,15.9228
135808001,1783507895.577,49.985,1.6764,0.5469,0.1531,1.7700,18.1,1.0656,1.0531,1.1968,1.3831,2.0879,2.0702,2.45,135808001,1326040233415,-1.000,2.926,nan,nan,nan,steady,1.3495,0.4950,0.1258,18.9573,15.9228
135824001,1783507895.615,50.023,1.6019,0.5373,0.1491,1.6962,18.5,1.0672,1.0548,1.1984,1.4200,2.1440,2.1259,20.27,135824001,1326040253497,-1.000,20.781,nan,nan,nan,steady,1.2626,0.4816,0.1207,19.0015,15.9228
135848001,1783507895.644,50.052,1.5269,0.5269,0.1447,1.6217,19.0,1.0671,1.0549,1.1977,1.4448,2.1815,2.1633,19.26,135848001,1326040283196,-1.000,19.727,nan,nan,nan,steady,1.1871,0.4680,0.1148,19.0339,15.9228
135964001,1783507895.682,50.089,1.4454,0.5128,0.1395,1.5400,19.5,1.0836,1.0715,1.2147,1.4634,2.2085,2.1906,20.21,135964001,1326040319532,-1.000,20.916,nan,nan,nan,steady,1.0751,0.4357,0.1061,19.2240,16.0650
135984001,1783507895.711,50.119,1.3605,0.4991,0.1338,1.4553,20.1,1.0922,1.0803,1.2221,1.4412,2.1734,2.1563,20.19,135984001,1326040349350,-1.000,20.619,nan,nan,nan,steady,0.9740,0.4253,0.0977,19.2609,16.2677
136008001,1783507895.744,50.152,1.2772,0.4904,0.1288,1.3742,21.0,1.1013,1.0897,1.2293,1.4752,2.2223,2.2056,23.47,136008001,1326040378944,-1.000,23.949,nan,nan,nan,steady,0.9018,0.4436,0.0976,19.3040,16.2677
136028001,1783507895.773,50.181,1.2003,0.4880,0.1245,1.3017,22.1,1.1117,1.1005,1.2376,1.4884,2.2392,2.2234,19.91,136028001,1326040411780,-1.000,20.364,nan,nan,nan,steady,0.8570,0.4729,0.0979,19.3369,16.2677
136048001,1783507895.803,50.211,1.1327,0.4948,0.1208,1.2420,23.6,1.1210,1.1101,1.2440,1.5099,2.2679,2.2530,20.46,136048001,1326040441024,-1.000,20.947,nan,nan,nan,steady,0.8336,0.5252,0.0975,19.3820,16.2677
136068001,1783507895.834,50.241,1.0763,0.5108,0.1176,1.1972,25.4,1.1304,1.1198,1.2502,1.5101,2.2643,2.2505,20.95,136068001,1326040470954,-1.000,21.420,nan,nan,nan,steady,0.8280,0.5854,0.0969,19.4079,16.2677
136144001,1783507895.869,50.277,1.0349,0.5345,0.1151,1.1705,27.3,1.1455,1.1352,1.2623,1.5330,2.2941,2.2815,19.55,136144001,1326040507895,-1.000,19.958,nan,nan,nan,steady,0.8559,0.6438,0.0979,19.5615,16.2683
136164001,1783507895.899,50.306,1.0098,0.5686,0.1128,1.1644,29.4,1.1551,1.1452,1.2683,1.5279,2.2821,2.2707,20.09,136164001,1326040536868,-1.000,20.570,nan,nan,nan,steady,0.9034,0.7276,0.0969,19.6115,16.2683
136188001,1783507895.929,50.337,0.9976,0.6161,0.1109,1.1777,31.7,1.1650,1.1554,1.2746,1.4118,2.1047,2.0953,21.15,136188001,1326040566321,-1.000,21.638,nan,nan,nan,steady,0.9454,0.8408,0.0964,19.6405,16.5502
136204001,1783507895.959,50.367,0.9942,0.6749,0.1094,1.2066,34.2,1.1727,1.1635,1.2784,1.4063,2.0928,2.0846,19.07,136204001,1326040598131,-1.000,19.697,nan,nan,nan,steady,0.9764,0.9517,0.0961,19.6795,16.5502
136224001,1783507895.990,50.398,0.9964,0.7424,0.1082,1.2473,36.7,1.1782,1.1692,1.2800,1.3915,2.0674,2.0602,21.52,136224001,1326040626849,-1.000,21.996,nan,nan,nan,steady,0.9993,1.0572,0.0967,19.7177,16.5502
136244001,1783507896.022,50.429,1.0018,0.8162,0.1073,1.2966,39.2,1.1829,1.1742,1.2811,1.3909,2.0632,2.0569,22.42,136244001,1326040657659,-1.000,22.886,nan,nan,nan,steady,1.0150,1.1566,0.0972,19.7637,16.5502
136348001,1783507896.057,50.464,1.0137,0.8883,0.1070,1.3521,41.2,1.1848,1.1765,1.2796,1.3651,2.0219,2.0166,19.94,136348001,1326040695141,-1.000,20.457,nan,nan,nan,steady,1.0558,1.2142,0.0994,19.9320,16.6612
136368001,1783507896.086,50.493,1.0278,0.9630,0.1070,1.4125,43.1,1.1874,1.1793,1.2794,1.3629,2.0162,2.0116,19.65,136368001,1326040724498,-1.000,20.059,nan,nan,nan,steady,1.0770,1.2994,0.1005,19.9762,16.6612
136388001,1783507896.115,50.522,1.0438,1.0378,0.1072,1.4759,44.8,1.1873,1.1794,1.2766,1.3078,1.9326,1.9288,19.44,136388001,1326040753553,-1.000,19.913,nan,nan,nan,steady,1.0995,1.3738,0.1014,20.0106,16.7983
136408001,1783507896.146,50.554,1.0612,1.1104,0.1075,1.5397,46.3,1.1869,1.1792,1.2739,1.3040,1.9253,1.9221,22.18,136408001,1326040782348,-1.000,22.620,nan,nan,nan,steady,1.1214,1.4325,0.1018,20.0415,16.7983
136424001,1783507896.176,50.583,1.0798,1.1789,0.1079,1.6024,47.5,1.1834,1.1759,1.2682,1.2944,1.9095,1.9068,19.07,136424001,1326040814883,-1.000,19.488,nan,nan,nan,steady,1.1452,1.4790,0.1019,20.0761,16.7983
136448001,1783507896.209,50.616,1.0988,1.2413,0.1082,1.6613,48.5,1.1791,1.1718,1.2618,1.2944,1.9080,1.9058,23.69,136448001,1326040843293,-1.000,24.234,nan,nan,nan,steady,1.1648,1.5102,0.1020,20.1088,16.7983
136508001,1783507896.240,50.647,1.1193,1.2944,0.1089,1.7147,49.2,1.1819,1.1748,1.2634,1.2611,1.8578,1.8559,19.41,136508001,1326040878655,-1.000,19.869,nan,nan,nan,steady,1.1930,1.5156,0.1030,20.1380,16.7983
136524001,1783507896.270,50.678,1.1379,1.3403,0.1095,1.7616,49.7,1.1790,1.1720,1.2591,1.2712,1.8716,1.8700,21.40,136524001,1326040907383,-1.000,21.841,nan,nan,nan,steady,1.2012,1.5290,0.1034,20.2348,16.9285
136548001,1783507896.304,50.711,1.1552,1.3793,0.1101,1.8025,50.1,1.1754,1.1684,1.2541,1.2699,1.8689,1.8676,24.12,136548001,1326040938065,-1.000,24.584,nan,nan,nan,steady,1.2117,1.5364,0.1037,20.2581,16.9285
136568001,1783507896.333,50.741,1.1707,1.4110,0.1106,1.8368,50.3,1.1725,1.1657,1.2503,1.2790,1.8817,1.8807,20.13,136568001,1326040971707,-1.000,20.612,nan,nan,nan,steady,1.2191,1.5354,0.1039,20.2943,16.9285
136584001,1783507896.364,50.771,1.1848,1.4361,0.1111,1.8651,50.5,1.1703,1.1635,1.2473,1.2555,1.8468,1.8459,20.96,136584001,1326041001224,-1.000,21.364,nan,nan,nan,steady,1.2270,1.5308,0.1040,20.3187,17.0099
136608001,1783507896.395,50.802,1.1971,1.4549,0.1116,1.8874,50.6,1.1680,1.1613,1.2446,1.2658,1.8618,1.8611,21.40,136608001,1326041031587,-1.000,21.871,nan,nan,nan,steady,1.2309,1.5211,0.1043,20.3484,17.0099
136628001,1783507896.417,50.825,1.2081,1.4686,0.1120,1.9050,50.6,1.1660,1.1594,1.2424,1.2671,1.8639,1.8631,13.04,136628001,1326041062487,-1.000,13.502,nan,nan,nan,steady,1.2371,1.5134,0.1046,20.3661,17.0099
136704001,1783507896.442,50.850,1.2212,1.4734,0.1126,1.9170,50.3,1.1637,1.1572,1.2399,1.2531,1.8434,1.8427,15.80,136704001,1326041084916,-1.000,16.357,nan,nan,nan,steady,1.2619,1.4743,0.1054,20.4610,17.1337
136728001,1783507896.474,50.882,1.2336,1.4751,0.1131,1.9263,50.1,1.1626,1.1561,1.2388,1.2600,1.8540,1.8532,22.27,136728001,1326041110257,-1.000,22.782,nan,nan,nan,steady,1.2707,1.4657,0.1057,20.4875,17.1337
136748001,1783507896.504,50.912,1.2458,1.4759,0.1136,1.9348,49.8,1.1582,1.1518,1.2345,1.2610,1.8560,1.8552,19.69,136748001,1326041142981,-1.000,20.104,nan,nan,nan,steady,1.2817,1.4657,0.1058,20.5081,17.1337
136768001,1783507896.533,50.941,1.2585,1.4763,0.1140,1.9432,49.6,1.1538,1.1474,1.2299,1.2608,1.8564,1.8555,19.85,136768001,1326041171890,-1.000,20.297,nan,nan,nan,steady,1.2970,1.4660,0.1058,20.5281,17.1337
136784001,1783507896.564,50.972,1.2709,1.4759,0.1144,1.9510,49.3,1.1518,1.1454,1.2281,1.2437,1.8321,1.8311,21.27,136784001,1326041201135,-1.000,21.842,nan,nan,nan,steady,1.3078,1.4627,0.1060,20.5428,17.1869
136804001,1783507896.594,51.002,1.2829,1.4748,0.1148,1.9580,49.0,1.1494,1.1430,1.2259,1.2462,1.8367,1.8355,20.80,136804001,1326041231759,-1.000,21.223,nan,nan,nan,steady,1.3180,1.4590,0.1062,20.5636,17.1869
136884001,1783507896.632,51.039,1.2978,1.4697,0.1152,1.9640,48.6,1.1472,1.1408,1.2238,1.2503,1.8437,1.8423,22.91,136884001,1326041267337,-1.000,23.399,nan,nan,nan,steady,1.3480,1.4329,0.1064,20.6249,17.2195
136908001,1783507896.661,51.068,1.3137,1.4651,0.1154,1.9712,48.1,1.1421,1.1357,1.2187,1.2500,1.8442,1.8426,19.48,136908001,1326041299627,-1.000,19.883,nan,nan,nan,steady,1.3678,1.4334,0.1063,20.6489,17.2195
136924001,1783507896.691,51.099,1.3307,1.4617,0.1156,1.9801,47.7,1.1396,1.1333,1.2164,1.2410,1.8320,1.8303,21.58,136924001,1326041328319,-1.000,22.011,nan,nan,nan,steady,1.3892,1.4365,0.1061,20.6506,17.2195
136944001,1783507896.721,51.128,1.3490,1.4596,0.1157,1.9909,47.3,1.1389,1.1326,1.2159,1.2351,1.8245,1.8225,19.63,136944001,1326041359354,-1.000,20.067,nan,nan,nan,steady,1.4133,1.4417,0.1058,20.6598,17.2195
136964001,1783507896.750,51.157,1.3683,1.4591,0.1158,2.0037,46.8,1.1381,1.1317,1.2152,1.2322,1.8214,1.8192,20.16,136964001,1326041388217,-1.000,20.529,nan,nan,nan,steady,1.4370,1.4484,0.1056,20.6779,17.2195
136984001,1783507896.781,51.189,1.3881,1.4603,0.1159,2.0181,46.5,1.1396,1.1332,1.2169,1.2031,1.7795,1.7771,21.70,136984001,1326041417792,-1.000,22.124,nan,nan,nan,steady,1.4583,1.4580,0.1056,20.6872,17.2910
137064001,1783507896.814,51.222,1.4094,1.4621,0.1164,2.0342,46.1,1.1446,1.1381,1.2223,1.2126,1.7944,1.7918,19.48,137064001,1326041453241,-1.000,19.951,nan,nan,nan,steady,1.4886,1.4608,0.1066,20.6983,17.2910
137084001,1783507896.852,51.259,1.4304,1.4660,0.1168,2.0516,45.7,1.1413,1.1348,1.2186,1.1767,1.7423,1.7396,21.55,137084001,1326041488525,-1.000,22.136,nan,nan,nan,steady,1.5054,1.4763,0.1069,20.7350,17.3680
137104001,1783507896.883,51.290,1.4498,1.4712,0.1171,2.0689,45.4,1.1398,1.1332,1.2167,1.1700,1.7334,1.7305,19.87,137104001,1326041521123,-1.000,20.461,nan,nan,nan,steady,1.5172,1.4866,0.1070,20.7374,17.3680
137124001,1783507896.912,51.319,1.4672,1.4766,0.1174,2.0849,45.2,1.1375,1.1310,1.2141,1.1638,1.7252,1.7221,20.03,137124001,1326041550355,-1.000,20.453,nan,nan,nan,steady,1.5240,1.4926,0.1070,20.7359,17.3680
137148001,1783507896.942,51.349,1.4822,1.4816,0.1176,2.0990,45.0,1.1372,1.1306,1.2135,1.1654,1.7286,1.7253,20.71,137148001,1326041579621,-1.000,21.203,nan,nan,nan,steady,1.5287,1.4949,0.1070,20.7469,17.3680
137168001,1783507896.970,51.378,1.4951,1.4865,0.1177,2.1116,44.8,1.1368,1.1302,1.2128,1.1513,1.7089,1.7054,19.07,137168001,1326041609838,-1.000,19.494,nan,nan,nan,steady,1.5324,1.4990,0.1070,20.7447,17.3955
137268001,1783507897.009,51.417,1.5080,1.4907,0.1183,2.1238,44.7,1.1411,1.1344,1.2171,1.1768,1.7476,1.7438,30.36,137268001,1326041637180,-1.000,30.794,nan,nan,nan,steady,1.5487,1.4988,0.1082,20.7483,17.3955
137288001,1783507897.040,51.447,1.5198,1.4957,0.1187,2.1356,44.5,1.1396,1.1330,1.2152,1.1739,1.7442,1.7402,20.99,137288001,1326041677010,-1.000,21.469,nan,nan,nan,steady,1.5536,1.5089,0.1084,20.7495,17.3103
137304001,1783507897.072,51.480,1.5308,1.5020,0.1190,2.1479,44.5,1.1378,1.1311,1.2130,1.1693,1.7384,1.7343,22.07,137304001,1326041708551,-1.000,22.460,nan,nan,nan,steady,1.5615,1.5217,0.1085,20.7526,17.3103
137328001,1783507897.101,51.508,1.5409,1.5088,0.1191,2.1598,44.4,1.1373,1.1306,1.2121,1.1614,1.7276,1.7233,19.25,137328001,1326041739979,-1.000,19.731,nan,nan,nan,steady,1.5673,1.5307,0.1083,20.7435,17.3103
137348001,1783507897.132,51.539,1.5501,1.5159,0.1191,2.1714,44.4,1.1374,1.1307,1.2118,1.1559,1.7204,1.7159,21.75,137348001,1326041768494,-1.000,22.111,nan,nan,nan,steady,1.5726,1.5388,0.1081,20.7389,17.3103
137364001,1783507897.165,51.573,1.5588,1.5235,0.1191,2.1829,44.3,1.1367,1.1300,1.2105,1.1504,1.7130,1.7083,23.87,137364001,1326041799620,-1.000,24.266,nan,nan,nan,steady,1.5796,1.5492,0.1079,20.7364,17.3103
137444001,1783507897.200,51.607,1.5676,1.5318,0.1195,2.1950,44.3,1.1430,1.1363,1.2167,1.1428,1.7024,1.6976,20.98,137444001,1326041837038,-1.000,21.472,nan,nan,nan,steady,1.5898,1.5603,0.1085,20.7261,17.3698
137468001,1783507897.229,51.636,1.5752,1.5410,0.1198,2.2069,44.4,1.1438,1.1371,1.2170,1.1152,1.6618,1.6570,19.72,137468001,1326041867410,-1.000,20.254,nan,nan,nan,steady,1.5918,1.5741,0.1086,20.6945,17.3698
137488001,1783507897.260,51.667,1.5811,1.5504,0.1200,2.2177,44.4,1.1432,1.1365,1.2156,1.1134,1.6597,1.6548,21.38,137488001,1326041896624,-1.000,21.896,nan,nan,nan,steady,1.5889,1.5847,0.1087,20.6832,17.3535
137508001,1783507897.274,51.682,1.5843,1.5590,0.1201,2.2260,44.5,1.1437,1.1371,1.2156,1.1137,1.6606,1.6557,4.87,137508001,1326041927776,-1.000,5.429,nan,nan,nan,steady,1.5801,1.5883,0.1088,20.6778,17.3535
137524001,1783507897.309,51.716,1.5851,1.5668,0.1203,2.2321,44.7,1.1438,1.1372,1.2152,1.1115,1.6579,1.6528,19.66,137524001,1326041947580,-1.000,20.201,nan,nan,nan,steady,1.5704,1.5920,0.1089,20.6665,17.3535
137548001,1783507897.339,51.746,1.5838,1.5738,0.1204,2.2360,44.8,1.1465,1.1399,1.2175,1.1119,1.6590,1.6539,20.34,137548001,1326041976719,-1.000,20.850,nan,nan,nan,steady,1.5601,1.5954,0.1090,20.6531,17.3535
137564001,1783507897.367,51.775,1.5808,1.5804,0.1206,2.2385,45.0,1.1465,1.1400,1.2171,1.1072,1.6523,1.6472,19.42,137564001,1326042006396,-1.000,19.810,nan,nan,nan,steady,1.5496,1.6004,0.1091,20.6342,17.3535
137648001,1783507897.397,51.804,1.5772,1.5871,0.1206,2.2407,45.2,1.1499,1.1434,1.2202,1.1400,1.7017,1.6964,20.14,137648001,1326042034940,-1.000,20.555,nan,nan,nan,steady,1.5447,1.6082,0.1092,20.5809,17.2013
137668001,1783507897.428,51.835,1.5726,1.5944,0.1207,2.2428,45.4,1.1535,1.1471,1.2235,1.1371,1.6977,1.6923,21.38,137668001,1326042064475,-1.000,21.904,nan,nan,nan,steady,1.5359,1.6192,0.1094,20.5663,17.2054
137688001,1783507897.457,51.864,1.5671,1.6033,0.1208,2.2452,45.7,1.1540,1.1476,1.2235,1.1309,1.6887,1.6833,19.84,137688001,1326042095245,-1.000,20.286,nan,nan,nan,steady,1.5259,1.6357,0.1096,20.5454,17.2054
137704001,1783507897.490,51.897,1.5608,1.6143,0.1209,2.2487,46.0,1.1557,1.1494,1.2247,1.1302,1.6877,1.6824,23.68,137704001,1326042124476,-1.000,24.168,nan,nan,nan,steady,1.5166,1.6582,0.1097,20.5385,17.2054
137728001,1783507897.519,51.926,1.5542,1.6280,0.1211,2.2541,46.3,1.1562,1.1500,1.2247,1.1210,1.6741,1.6688,19.66,137728001,1326042157556,-1.000,20.106,nan,nan,nan,steady,1.5090,1.6850,0.1098,20.5162,17.2054
137744001,1783507897.547,51.955,1.5481,1.6453,0.1212,2.2624,46.7,1.1557,1.1495,1.2234,1.1138,1.6632,1.6580,19.50,137744001,1326042186441,-1.000,19.865,nan,nan,nan,steady,1.5052,1.7200,0.1099,20.5015,17.2054
137828001,1783507897.586,51.993,1.5416,1.6684,0.1214,2.2748,47.3,1.1534,1.1472,1.2202,1.1197,1.6718,1.6667,22.12,137828001,1326042221842,-1.000,22.579,nan,nan,nan,steady,1.4968,1.7720,0.1099,20.4295,17.1089
137844001,1783507897.614,52.022,1.5358,1.6965,0.1216,2.2916,47.8,1.1538,1.1477,1.2198,1.1077,1.6536,1.6486,19.66,137844001,1326042253211,-1.000,20.068,nan,nan,nan,steady,1.4946,1.8238,0.1098,20.4054,17.1089
137864001,1783507897.645,52.052,1.5310,1.7294,0.1218,2.3129,48.5,1.1544,1.1484,1.2196,1.1040,1.6477,1.6429,21.17,137864001,1326042282144,-1.000,21.567,nan,nan,nan,steady,1.4944,1.8786,0.1097,20.3889,17.0964
137888001,1783507897.674,52.082,1.5269,1.7658,0.1220,2.3376,49.2,1.1546,1.1486,1.2187,1.0942,1.6324,1.6278,19.74,137888001,1326042312702,-1.000,20.237,nan,nan,nan,steady,1.4931,1.9312,0.1096,20.3650,17.0964
137904001,1783507897.704,52.111,1.5231,1.8049,0.1222,2.3648,49.8,1.1548,1.1489,1.2179,1.0880,1.6225,1.6180,20.35,137904001,1326042341801,-1.000,20.922,nan,nan,nan,steady,1.4907,1.9812,0.1095,20.3406,17.0964
137928001,1783507897.737,52.144,1.5189,1.8455,0.1224,2.3933,50.5,1.1562,1.1504,1.2184,1.0848,1.6169,1.6127,22.62,137928001,1326042372193,-1.000,23.224,nan,nan,nan,steady,1.4838,2.0283,0.1098,20.3231,17.0964
138028001,1783507897.772,52.180,1.5126,1.8905,0.1226,2.4242,51.3,1.1502,1.1444,1.2111,1.1122,1.6570,1.6528,19.77,138028001,1326042411080,-1.000,20.241,nan,nan,nan,steady,1.4662,2.0958,0.1100,20.2183,16.9206
138044001,1783507897.803,52.210,1.5074,1.9374,0.1227,2.4579,52.1,1.1514,1.1457,1.2114,1.1051,1.6456,1.6417,20.98,138044001,1326042440212,-1.000,21.403,nan,nan,nan,steady,1.4681,2.1511,0.1101,20.1916,16.9206
138068001,1783507897.832,52.239,1.5038,1.9849,0.1228,2.4932,52.9,1.1530,1.1473,1.2122,1.1074,1.6482,1.6445,19.67,138068001,1326042470564,-1.000,20.140,nan,nan,nan,steady,1.4718,2.2003,0.1102,20.1737,16.9206
138084001,1783507897.872,52.280,1.5014,2.0321,0.1230,2.5296,53.5,1.1531,1.1474,1.2113,1.1095,1.6504,1.6469,19.75,138084001,1326042510619,-1.000,20.280,nan,nan,nan,steady,1.4751,2.2462,0.1104,20.1468,16.8966
138108001,1783507897.902,52.309,1.5001,2.0791,0.1231,2.5667,54.2,1.1546,1.1489,1.2118,1.1163,1.6593,1.6560,20.26,138108001,1326042539828,-1.000,20.787,nan,nan,nan,steady,1.4785,2.2923,0.1106,20.1215,16.8966
138208001,1783507897.933,52.341,1.4980,2.1277,0.1231,2.6050,54.9,1.1587,1.1530,1.2151,1.2082,1.7946,1.7913,19.93,138208001,1326042571723,-1.000,20.434,nan,nan,nan,steady,1.4715,2.3523,0.1110,20.0949,16.8966
138224001,1783507897.967,52.374,1.4993,2.1738,0.1232,2.6435,55.4,1.1610,1.1552,1.2163,1.1348,1.6842,1.6814,24.19,138224001,1326042601160,-1.000,24.603,nan,nan,nan,steady,1.4901,2.3859,0.1112,19.9847,16.8296
138248001,1783507897.996,52.404,1.5030,2.2152,0.1234,2.6798,55.8,1.1633,1.1574,1.2175,1.1306,1.6764,1.6739,19.83,138248001,1326042634643,-1.000,20.238,nan,nan,nan,steady,1.5049,2.4037,0.1114,19.9500,16.8296
138264001,1783507898.027,52.434,1.5082,2.2507,0.1236,2.7121,56.2,1.1646,1.1587,1.2176,1.1366,1.6836,1.6814,21.17,138264001,1326042663795,-1.000,21.616,nan,nan,nan,steady,1.5168,2.4102,0.1115,19.9318,16.8296
138284001,1783507898.056,52.464,1.5148,2.2806,0.1236,2.7406,56.4,1.1650,1.1590,1.2169,1.1542,1.7080,1.7061,20.11,138284001,1326042694614,-1.000,20.694,nan,nan,nan,steady,1.5281,2.4135,0.1116,19.9042,16.6354
138308001,1783507898.086,52.493,1.5228,2.3061,0.1237,2.7662,56.6,1.1652,1.1591,1.2159,1.1585,1.7127,1.7112,19.91,138308001,1326042724133,-1.000,20.336,nan,nan,nan,steady,1.5420,2.4198,0.1116,19.8864,16.6354
138328001,1783507898.115,52.523,1.5318,2.3279,0.1237,2.7894,56.7,1.1653,1.1591,1.2148,1.1524,1.7022,1.7009,20.34,138328001,1326042753272,-1.000,20.909,nan,nan,nan,steady,1.5553,2.4262,0.1117,19.8588,16.6354
138408001,1783507898.143,52.551,1.5362,2.3487,0.1238,2.8092,56.8,1.1657,1.1594,1.2142,1.1603,1.7126,1.7115,18.33,138408001,1326042783163,-1.000,18.866,nan,nan,nan,steady,1.5361,2.4469,0.1121,19.7701,16.6706
138428001,1783507898.175,52.583,1.5405,2.3649,0.1239,2.8251,56.9,1.1659,1.1595,1.2135,1.1655,1.7188,1.7180,21.37,138428001,1326042812248,-1.000,21.896,nan,nan,nan,steady,1.5419,2.4409,0.1125,19.7524,16.6706
138448001,1783507898.208,52.615,1.5450,2.3767,0.1240,2.8374,57.0,1.1663,1.1597,1.2130,1.1633,1.7143,1.7137,22.90,138448001,1326042843128,-1.000,23.430,nan,nan,nan,steady,1.5482,2.4325,0.1128,19.7271,16.6706
138468001,1783507898.237,52.644,1.5495,2.3842,0.1242,2.8462,57.0,1.1654,1.1587,1.2113,1.1679,1.7198,1.7194,19.67,138468001,1326042875499,-1.000,20.069,nan,nan,nan,steady,1.5533,2.4212,0.1132,19.7099,16.6706
138484001,1783507898.266,52.673,1.5554,2.3893,0.1243,2.8537,56.9,1.1624,1.1555,1.2074,1.1669,1.7172,1.7170,19.58,138484001,1326042904638,-1.000,20.021,nan,nan,nan,steady,1.5662,2.4162,0.1132,19.6844,16.5702
138504001,1783507898.297,52.704,1.5631,2.3927,0.1244,2.8607,56.8,1.1610,1.1540,1.2053,1.1670,1.7163,1.7162,21.43,138504001,1326042933552,-1.000,21.892,nan,nan,nan,steady,1.5819,2.4136,0.1131,19.6607,16.5702
138588001,1783507898.331,52.739,1.5672,2.3977,0.1245,2.8671,56.8,1.1614,1.1543,1.2053,1.1880,1.7462,1.7463,19.65,138588001,1326042969848,-1.000,20.071,nan,nan,nan,steady,1.5668,2.4290,0.1131,19.5821,16.4553
138608001,1783507898.361,52.769,1.5731,2.4010,0.1245,2.8731,56.8,1.1587,1.1514,1.2020,1.1781,1.7309,1.7311,20.53,138608001,1326042999045,-1.000,21.076,nan,nan,nan,steady,1.5828,2.4237,0.1131,19.5667,16.4553
138628001,1783507898.390,52.797,1.5813,2.4031,0.1245,2.8794,56.7,1.1577,1.1503,1.2006,1.1786,1.7309,1.7312,19.49,138628001,1326043028901,-1.000,19.907,nan,nan,nan,steady,1.6027,2.4203,0.1130,19.5452,16.4553
138648001,1783507898.423,52.830,1.5914,2.4039,0.1245,2.8857,56.5,1.1565,1.1489,1.1989,1.1665,1.7125,1.7128,23.59,138648001,1326043057708,-1.000,24.019,nan,nan,nan,steady,1.6212,2.4157,0.1129,19.5239,16.4553
138664001,1783507898.450,52.858,1.6025,2.4038,0.1245,2.8917,56.3,1.1542,1.1465,1.1961,1.1566,1.6973,1.6977,18.30,138664001,1326043090574,-1.000,18.763,nan,nan,nan,steady,1.6363,2.4115,0.1129,19.5028,16.4553
138688001,1783507898.479,52.886,1.6147,2.4031,0.1245,2.8979,56.1,1.1522,1.1443,1.1936,1.1615,1.7038,1.7043,19.27,138688001,1326043118163,-1.000,19.650,nan,nan,nan,steady,1.6528,2.4085,0.1128,19.4968,16.3971
138748001,1783507898.515,52.922,1.6237,2.4034,0.1246,2.9031,56.0,1.1510,1.1430,1.1920,1.1582,1.6983,1.6989,20.12,138748001,1326043153149,-1.000,20.648,nan,nan,nan,steady,1.6452,2.4147,0.1128,19.4402,16.3971
138768001,1783507898.544,52.951,1.6323,2.4021,0.1246,2.9069,55.8,1.1510,1.1428,1.1918,1.1622,1.7038,1.7044,19.55,138768001,1326043182838,-1.000,19.937,nan,nan,nan,steady,1.6529,2.4054,0.1129,19.4286,16.3971
138784001,1783507898.575,52.982,1.6419,2.4004,0.1247,2.9109,55.6,1.1492,1.1408,1.1898,1.1702,1.7152,1.7158,21.30,138784001,1326043211831,-1.000,21.985,nan,nan,nan,steady,1.6680,2.4014,0.1128,19.4100,16.2936
138808001,1783507898.608,53.016,1.6531,2.3985,0.1247,2.9157,55.4,1.1495,1.1410,1.1901,1.1561,1.6941,1.6947,23.55,138808001,1326043242812,-1.000,24.091,nan,nan,nan,steady,1.6867,2.3990,0.1126,19.3947,16.2936
138828001,1783507898.637,53.045,1.6662,2.3968,0.1246,2.9217,55.2,1.1488,1.1400,1.1893,1.1579,1.6963,1.6969,19.85,138828001,1326043276012,-1.000,20.335,nan,nan,nan,steady,1.7085,2.3986,0.1123,19.3845,16.2936
138844001,1783507898.664,53.072,1.6803,2.3958,0.1246,2.9289,55.0,1.1494,1.1405,1.1899,1.1471,1.6803,1.6808,17.13,138844001,1326043305249,-1.000,17.661,nan,nan,nan,steady,1.7275,2.4012,0.1119,19.3632,16.2936
138944001,1783507898.698,53.105,1.6890,2.3987,0.1239,2.9363,54.8,1.1580,1.1488,1.1991,1.3173,1.9293,1.9300,21.07,138944001,1326043335177,-1.000,21.554,nan,nan,nan,steady,1.7077,2.4257,0.1109,19.3474,16.2936
138968001,1783507898.729,53.137,1.6990,2.3979,0.1237,2.9413,54.7,1.1548,1.1454,1.1961,1.1535,1.6892,1.6897,22.20,138968001,1326043365540,-1.000,22.633,nan,nan,nan,steady,1.7259,2.4033,0.1106,19.2797,16.2948
138984001,1783507898.758,53.166,1.7101,2.3924,0.1235,2.9434,54.4,1.1511,1.1414,1.1926,1.1509,1.6850,1.6855,19.57,138984001,1326043397156,-1.000,20.006,nan,nan,nan,steady,1.7443,2.3745,0.1100,19.2673,16.3626
139008001,1783507898.788,53.195,1.7224,2.3821,0.1233,2.9422,54.1,1.1483,1.1385,1.1901,1.1319,1.6569,1.6574,20.08,139008001,1326043425911,-1.000,20.483,nan,nan,nan,steady,1.7623,2.3405,0.1093,19.2535,16.3626
139024001,1783507898.819,53.227,1.7353,2.3673,0.1231,2.9378,53.8,1.1454,1.1353,1.1875,1.1262,1.6484,1.6487,22.05,139024001,1326043455375,-1.000,22.484,nan,nan,nan,steady,1.7778,2.3052,0.1085,19.2502,16.3626
139048001,1783507898.850,53.258,1.7474,2.3485,0.1228,2.9298,53.3,1.1434,1.1331,1.1860,1.1191,1.6379,1.6382,21.61,139048001,1326043486902,-1.000,22.105,nan,nan,nan,steady,1.7849,2.2683,0.1078,19.2304,16.3626
139068001,1783507898.879,53.286,1.7589,2.3260,0.1226,2.9187,52.9,1.1413,1.1309,1.1845,1.1069,1.6201,1.6203,19.27,139068001,1326043517949,-1.000,19.672,nan,nan,nan,steady,1.7940,2.2289,0.1072,19.2287,16.3626
139148001,1783507898.910,53.317,1.7650,2.3041,0.1222,2.9050,52.5,1.1380,1.1273,1.1819,1.0948,1.6027,1.6027,21.82,139148001,1326043546528,-1.000,22.280,nan,nan,nan,steady,1.7723,2.2131,0.1057,19.1751,16.2713
139168001,1783507898.942,53.349,1.7712,2.2802,0.1219,2.8899,52.2,1.1358,1.1249,1.1806,1.0936,1.6013,1.6012,22.24,139168001,1326043577784,-1.000,22.774,nan,nan,nan,steady,1.7821,2.1791,0.1054,19.1764,16.2713
139184001,1783507898.960,53.368,1.7785,2.2552,0.1216,2.8747,51.7,1.1335,1.1225,1.1792,1.0910,1.5979,1.5977,9.47,139184001,1326043609351,-1.000,9.966,nan,nan,nan,steady,1.7954,2.1489,0.1049,19.1644,16.2630
139208001,1783507898.992,53.400,1.7864,2.2295,0.1213,2.8595,51.3,1.1319,1.1206,1.1785,1.0757,1.5760,1.5755,19.60,139208001,1326043630746,-1.000,20.142,nan,nan,nan,steady,1.8064,2.1199,0.1045,19.1544,16.2630
139228001,1783507899.023,53.430,1.7949,2.2038,0.1210,2.8448,50.8,1.1303,1.1188,1.1780,1.0753,1.5758,1.5752,21.20,139228001,1326043659843,-1.000,21.682,nan,nan,nan,steady,1.8169,2.0956,0.1039,19.1438,16.2630
139248001,1783507899.053,53.460,1.8033,2.1790,0.1207,2.8310,50.4,1.1275,1.1159,1.1762,1.0624,1.5574,1.5566,20.61,139248001,1326043690385,-1.000,21.027,nan,nan,nan,steady,1.8253,2.0746,0.1034,19.1359,16.2630
139324001,1783507899.087,53.494,1.8068,2.1577,0.1204,2.8168,50.1,1.1250,1.1132,1.1749,1.0668,1.5646,1.5636,19.46,139324001,1326043725788,-1.000,19.927,nan,nan,nan,steady,1.8033,2.0716,0.1025,19.1096,16.2461
139348001,1783507899.118,53.525,1.8111,2.1368,0.1204,2.8036,49.7,1.1227,1.1107,1.1739,1.0665,1.5649,1.5636,21.58,139348001,1326043754579,-1.000,22.009,nan,nan,nan,steady,1.8144,2.0505,0.1044,19.1033,16.2461
139368001,1783507899.151,53.558,1.8171,2.1165,0.1207,2.7921,49.4,1.1204,1.1081,1.1728,1.0515,1.5436,1.5422,23.85,139368001,1326043785417,-1.000,24.344,nan,nan,nan,steady,1.8291,2.0325,0.1059,19.0879,16.2461
139388001,1783507899.182,53.589,1.8240,2.0973,0.1214,2.7822,49.0,1.1185,1.1061,1.1722,1.0432,1.5321,1.5305,21.28,139388001,1326043818817,-1.000,21.710,nan,nan,nan,steady,1.8406,2.0176,0.1081,19.0825,16.2716
139404001,1783507899.212,53.620,1.8326,2.0788,0.1223,2.7739,48.6,1.1161,1.1035,1.1709,1.0344,1.5200,1.5181,21.43,139404001,1326043849510,-1.000,21.822,nan,nan,nan,steady,1.8568,2.0021,0.1099,19.0786,16.2716
139424001,1783507899.245,53.652,1.8429,2.0612,0.1233,2.7677,48.2,1.1149,1.1021,1.1710,1.0346,1.5210,1.5189,21.72,139424001,1326043881321,-1.000,22.186,nan,nan,nan,steady,1.8748,1.9885,0.1109,19.0751,16.2716
139504001,1783507899.281,53.688,1.8507,2.0465,0.1244,2.7620,47.9,1.1149,1.1019,1.1724,1.0317,1.5176,1.5152,21.31,139504001,1326043917749,-1.000,21.716,nan,nan,nan,steady,1.8690,1.9889,0.1122,19.0520,16.3310
139528001,1783507899.312,53.719,1.8601,2.0333,0.1257,2.7587,47.5,1.1144,1.1012,1.1732,1.0153,1.4942,1.4916,21.91,139528001,1326043948269,-1.000,22.497,nan,nan,nan,steady,1.8882,1.9816,0.1141,19.0409,16.3310
139548001,1783507899.344,53.752,1.8714,2.0215,0.1270,2.7576,47.2,1.1146,1.1011,1.1746,1.0147,1.4939,1.4911,22.91,139548001,1326043979583,-1.000,23.379,nan,nan,nan,steady,1.9079,1.9751,0.1151,19.0372,16.3310
139564001,1783507899.375,53.783,1.8845,2.0105,0.1281,2.7586,46.9,1.1147,1.1010,1.1758,1.0020,1.4758,1.4729,21.84,139564001,1326044011831,-1.000,22.282,nan,nan,nan,steady,1.9303,1.9674,0.1151,19.0332,16.3310
139588001,1783507899.405,53.812,1.9007,2.0005,0.1292,2.7625,46.5,1.1146,1.1007,1.1768,1.0036,1.4786,1.4755,20.21,139588001,1326044043038,-1.000,20.687,nan,nan,nan,steady,1.9599,1.9604,0.1155,19.0312,16.2328
139608001,1783507899.434,53.841,1.9200,1.9914,0.1301,2.7693,46.0,1.1152,1.1011,1.1783,0.9840,1.4504,1.4471,19.49,139608001,1326044072712,-1.000,19.902,nan,nan,nan,steady,1.9933,1.9544,0.1153,19.0249,16.2328
139704001,1783507899.473,53.880,1.9398,1.9870,0.1304,2.7799,45.7,1.1226,1.1082,1.1874,1.1365,1.6757,1.6718,25.26,139704001,1326044105820,-1.000,25.707,nan,nan,nan,steady,2.0116,1.9765,0.1162,19.0155,16.3844
139724001,1783507899.504,53.911,1.9631,1.9806,0.1315,2.7917,45.3,1.1184,1.1038,1.1840,0.9640,1.4218,1.4183,21.42,139724001,1326044140539,-1.000,21.839,nan,nan,nan,steady,2.0541,1.9564,0.1182,18.9981,16.3844
139748001,1783507899.532,53.940,1.9895,1.9713,0.1328,2.8039,44.7,1.1143,1.0995,1.1806,0.9558,1.4102,1.4065,19.54,139748001,1326044171337,-1.000,20.005,nan,nan,nan,steady,2.0950,1.9308,0.1198,18.9936,16.3844
139764001,1783507899.562,53.969,2.0170,1.9591,0.1342,2.8150,44.2,1.1095,1.0946,1.1765,0.9388,1.3853,1.3816,19.88,139764001,1326044200423,-1.000,20.362,nan,nan,nan,steady,2.1268,1.9043,0.1209,18.9840,16.3844
139784001,1783507899.590,53.998,2.0446,1.9443,0.1357,2.8247,43.6,1.1066,1.0915,1.1742,0.9368,1.3827,1.3788,19.17,139784001,1326044229683,-1.000,19.587,nan,nan,nan,steady,2.1546,1.8778,0.1220,18.9904,16.4213
139808001,1783507899.620,54.028,2.0709,1.9272,0.1370,2.8323,42.9,1.1022,1.0871,1.1704,0.9247,1.3652,1.3612,20.51,139808001,1326044258079,-1.000,20.917,nan,nan,nan,steady,2.1746,1.8503,0.1223,18.9834,16.4213
139884001,1783507899.658,54.065,2.0920,1.9125,0.1383,2.8378,42.4,1.0993,1.0840,1.1683,0.9216,1.3612,1.3570,19.40,139884001,1326044296541,-1.000,19.842,nan,nan,nan,steady,2.1702,1.8489,0.1227,18.9688,16.3817
139908001,1783507899.688,54.096,2.1113,1.8966,0.1394,2.8415,41.9,1.0981,1.0827,1.1679,0.9247,1.3661,1.3617,21.23,139908001,1326044325177,-1.000,21.685,nan,nan,nan,steady,2.1836,1.8249,0.1234,18.9674,16.3817
139928001,1783507899.718,54.126,2.1288,1.8802,0.1407,2.8437,41.5,1.0965,1.0810,1.1671,0.9191,1.3585,1.3539,20.58,139928001,1326044355811,-1.000,21.089,nan,nan,nan,steady,2.1944,1.8059,0.1248,18.9589,16.3817
139944001,1783507899.748,54.156,2.1444,1.8636,0.1419,2.8446,41.0,1.0931,1.0776,1.1644,0.9203,1.3607,1.3559,21.01,139944001,1326044385788,-1.000,21.549,nan,nan,nan,steady,2.2022,1.7877,0.1261,18.9592,16.3817
139964001,1783507899.789,54.196,2.1576,1.8470,0.1432,2.8437,40.6,1.0910,1.0754,1.1632,0.9163,1.3554,1.3505,30.88,139964001,1326044416251,-1.000,31.322,nan,nan,nan,steady,2.2049,1.7706,0.1278,18.9499,16.3817
139988001,1783507899.801,54.208,2.1691,1.8318,0.1445,2.8428,40.2,1.0894,1.0736,1.1624,0.9157,1.3553,1.3501,2.77,139988001,1326044456592,-1.000,3.185,nan,nan,nan,steady,2.2099,1.7632,0.1289,18.9520,16.4053
140088001,1783507899.864,54.271,2.1735,1.8232,0.1461,2.8407,40.0,1.0899,1.0741,1.1641,0.9117,1.3500,1.3446,28.93,140088001,1326044493070,-1.000,29.465,nan,nan,nan,steady,2.1807,1.7887,0.1321,18.9218,16.4840
140108001,1783507899.891,54.298,2.1760,1.8151,0.1478,2.8375,39.8,1.0899,1.0740,1.1652,0.9140,1.3540,1.3484,17.33,140108001,1326044531589,-1.000,17.826,nan,nan,nan,steady,2.1775,1.7793,0.1340,18.9169,16.4840
140124001,1783507899.919,54.326,2.1768,1.8082,0.1495,2.8339,39.7,1.0878,1.0719,1.1639,0.9104,1.3492,1.3434,19.14,140124001,1326044558248,-1.000,19.529,nan,nan,nan,steady,2.1728,1.7768,0.1356,18.9185,16.4840
140144001,1783507899.949,54.357,2.1772,1.8027,0.1511,2.8307,39.6,1.0871,1.0711,1.1640,0.9141,1.3552,1.3492,21.03,140144001,1326044586781,-1.000,21.567,nan,nan,nan,steady,2.1716,1.7768,0.1365,18.9182,16.4840
140168001,1783507899.978,54.386,2.1768,1.7982,0.1527,2.8276,39.6,1.0867,1.0707,1.1644,0.9135,1.3548,1.3487,19.31,140168001,1326044617228,-1.000,19.781,nan,nan,nan,steady,2.1684,1.7763,0.1380,18.9132,16.4840
140268001,1783507900.018,54.426,2.1712,1.8015,0.1545,2.8255,39.7,1.0898,1.0736,1.1686,0.9141,1.3561,1.3498,23.90,140268001,1326044652434,-1.000,24.495,nan,nan,nan,steady,2.1365,1.8205,0.1412,18.8842,16.5645
140288001,1783507900.047,54.454,2.1657,1.8037,0.1563,2.8227,39.8,1.0902,1.0741,1.1699,0.9030,1.3400,1.3337,19.38,140288001,1326044685828,-1.000,19.880,nan,nan,nan,steady,2.1353,1.8131,0.1426,18.8853,16.6694
140308001,1783507900.077,54.485,2.1611,1.8043,0.1580,2.8197,39.9,1.0903,1.0741,1.1707,0.9067,1.3458,1.3393,21.22,140308001,1326044714617,-1.000,21.652,nan,nan,nan,steady,2.1358,1.8047,0.1440,18.8804,16.6694
140328001,1783507900.109,54.517,2.1577,1.8033,0.1598,2.8165,39.9,1.0921,1.0758,1.1734,0.9043,1.3424,1.3359,22.54,140328001,1326044745041,-1.000,23.002,nan,nan,nan,steady,2.1385,1.7953,0.1457,18.8764,16.6694
140344001,1783507900.139,54.546,2.1564,1.8010,0.1616,2.8142,39.9,1.0932,1.0770,1.1754,0.9069,1.3464,1.3397,20.07,140344001,1326044777142,-1.000,20.522,nan,nan,nan,steady,2.1469,1.7873,0.1481,18.8636,16.6694
140368001,1783507900.168,54.575,2.1574,1.7983,0.1635,2.8133,39.8,1.0946,1.0784,1.1775,0.9027,1.3403,1.3336,19.65,140368001,1326044806467,-1.000,20.053,nan,nan,nan,steady,2.1584,1.7832,0.1499,18.8605,16.6694
140448001,1783507900.200,54.608,2.1616,1.8025,0.1654,2.8194,39.8,1.1094,1.0930,1.1942,0.9910,1.4713,1.4639,19.83,140448001,1326044838915,-1.000,20.306,nan,nan,nan,steady,2.1720,1.8255,0.1546,18.8591,16.6928
140468001,1783507900.231,54.638,2.1711,1.8094,0.1676,2.8312,39.8,1.1115,1.0950,1.1970,0.9044,1.3423,1.3356,20.69,140468001,1326044868090,-1.000,21.311,nan,nan,nan,steady,2.2095,1.8423,0.1564,18.8356,16.6928
140488001,1783507900.262,54.670,2.1835,1.8143,0.1697,2.8440,39.7,1.0994,1.0832,1.1843,0.8952,1.3283,1.3217,22.13,140488001,1326044898470,-1.000,22.622,nan,nan,nan,steady,2.2357,1.8329,0.1568,18.8214,16.6801
140508001,1783507900.291,54.699,2.1973,1.8166,0.1715,2.8562,39.6,1.0992,1.0831,1.1844,0.9011,1.3366,1.3300,19.65,140508001,1326044930182,-1.000,20.112,nan,nan,nan,steady,2.2543,1.8214,0.1576,18.8164,16.6801
140524001,1783507900.321,54.728,2.2110,1.8151,0.1732,2.8659,39.4,1.0959,1.0799,1.1810,0.9002,1.3345,1.3280,19.92,140524001,1326044959218,-1.000,20.421,nan,nan,nan,steady,2.2672,1.8003,0.1580,18.8139,16.6801
140544001,1783507900.355,54.763,2.2238,1.8101,0.1747,2.8726,39.1,1.0946,1.0787,1.1797,0.9061,1.3428,1.3363,24.98,140544001,1326044988523,-1.000,25.400,nan,nan,nan,steady,2.2753,1.7789,0.1589,18.8108,16.6801
140568001,1783507900.384,54.792,2.2348,1.8010,0.1761,2.8756,38.9,1.0922,1.0764,1.1771,0.8930,1.3227,1.3164,19.70,140568001,1326045022866,-1.000,20.151,nan,nan,nan,steady,2.2788,1.7526,0.1596,18.8022,16.8164
140648001,1783507900.417,54.825,2.2403,1.7918,0.1777,2.8742,38.7,1.0916,1.0759,1.1767,0.8996,1.3320,1.3257,23.65,140648001,1326045052170,-1.000,24.078,nan,nan,nan,steady,2.2576,1.7462,0.1620,18.7726,16.8164
140664001,1783507900.446,54.854,2.2439,1.7797,0.1792,2.8696,38.4,1.0925,1.0769,1.1777,0.9073,1.3429,1.3366,19.58,140664001,1326045085172,-1.000,20.059,nan,nan,nan,steady,2.2551,1.7191,0.1635,18.7648,16.8164
140684001,1783507900.475,54.883,2.2452,1.7643,0.1808,2.8612,38.2,1.0923,1.0768,1.1776,0.8972,1.3274,1.3212,19.53,140684001,1326045114092,-1.000,19.977,nan,nan,nan,steady,2.2470,1.6894,0.1649,18.7551,16.9461
140704001,1783507900.505,54.912,2.2450,1.7470,0.1823,2.8505,37.9,1.0930,1.0777,1.1786,0.9051,1.3386,1.3325,20.07,140704001,1326045143096,-1.000,20.593,nan,nan,nan,steady,2.2401,1.6647,0.1664,18.7499,16.9461
140724001,1783507900.534,54.941,2.2427,1.7277,0.1839,2.8370,37.6,1.0938,1.0786,1.1795,0.9066,1.3405,1.3344,19.59,140724001,1326045172652,-1.000,20.002,nan,nan,nan,steady,2.2295,1.6360,0.1678,18.7326,16.9461
140748001,1783507900.565,54.972,2.2397,1.7082,0.1853,2.8229,37.3,1.0940,1.0790,1.1800,0.9144,1.3518,1.3456,20.75,140748001,1326045202501,-1.000,21.170,nan,nan,nan,steady,2.2226,1.6169,0.1691,18.7290,16.9461
140804001,1783507900.599,55.007,2.2335,1.6909,0.1868,2.8076,37.1,1.0965,1.0816,1.1828,0.9268,1.3698,1.3636,19.59,140804001,1326045238218,-1.000,20.087,nan,nan,nan,steady,2.2026,1.6102,0.1712,18.7027,16.8885
140824001,1783507900.628,55.036,2.2267,1.6748,0.1882,2.7926,36.9,1.0974,1.0826,1.1840,0.9332,1.3789,1.3727,19.49,140824001,1326045267132,-1.000,19.906,nan,nan,nan,steady,2.1946,1.5981,0.1722,18.6931,16.8885
140844001,1783507900.640,55.048,2.2197,1.6596,0.1895,2.7780,36.8,1.0981,1.0835,1.1850,0.9361,1.3830,1.3768,2.44,140844001,1326045295997,-1.000,2.890,nan,nan,nan,steady,2.1870,1.5866,0.1732,18.6850,16.8885
140864001,1783507900.678,55.085,2.2132,1.6461,0.1908,2.7648,36.6,1.1000,1.0855,1.1873,0.9417,1.3912,1.3849,19.85,140864001,1326045316151,-1.000,20.399,nan,nan,nan,steady,2.1829,1.5808,0.1744,18.6775,16.8885
140888001,1783507900.708,55.116,2.2070,1.6343,0.1921,2.7529,36.5,1.1011,1.0868,1.1888,0.9331,1.3784,1.3722,21.09,140888001,1326045345557,-1.000,21.544,nan,nan,nan,steady,2.1787,1.5762,0.1754,18.6624,16.9429
140908001,1783507900.739,55.146,2.2021,1.6247,0.1932,2.7434,36.4,1.1018,1.0876,1.1897,0.9370,1.3839,1.3777,21.47,140908001,1326045375853,-1.000,21.900,nan,nan,nan,steady,2.1792,1.5775,0.1760,18.6571,16.9429
140988001,1783507900.773,55.180,2.1996,1.6240,0.1944,2.7410,36.4,1.1150,1.1008,1.2042,1.0073,1.4875,1.4808,21.17,140988001,1326045409951,-1.000,21.641,nan,nan,nan,steady,2.1834,1.6219,0.1795,18.6446,16.9429
141008001,1783507900.801,55.209,2.1995,1.6264,0.1957,2.7424,36.5,1.1145,1.1005,1.2037,0.9268,1.3682,1.3621,19.42,141008001,1326045440424,-1.000,19.819,nan,nan,nan,steady,2.1978,1.6355,0.1801,18.6055,16.9956
141028001,1783507900.833,55.241,2.2014,1.6303,0.1968,2.7464,36.5,1.1165,1.1026,1.2057,0.9283,1.3700,1.3639,22.26,141028001,1326045469309,-1.000,22.750,nan,nan,nan,steady,2.2098,1.6438,0.1796,18.6063,16.9956
141048001,1783507900.864,55.271,2.2049,1.6347,0.1977,2.7519,36.6,1.1171,1.1033,1.2062,0.9315,1.3741,1.3681,21.42,141048001,1326045500866,-1.000,21.826,nan,nan,nan,steady,2.2197,1.6480,0.1794,18.5934,16.9956
141068001,1783507900.895,55.303,2.2101,1.6381,0.1984,2.7581,36.5,1.1190,1.1053,1.2080,0.9256,1.3648,1.3590,21.04,141068001,1326045532533,-1.000,21.463,nan,nan,nan,steady,2.2325,1.6464,0.1791,18.5858,17.0582
141088001,1783507900.933,55.341,2.2160,1.6403,0.1989,2.7642,36.5,1.1196,1.1061,1.2084,0.9237,1.3615,1.3557,21.76,141088001,1326045569587,-1.000,22.286,nan,nan,nan,steady,2.2414,1.6422,0.1786,18.5667,17.0582
141208001,1783507900.966,55.373,2.2150,1.6482,0.1995,2.7681,36.7,1.1147,1.1016,1.2031,0.9183,1.3530,1.3473,19.80,141208001,1326045604267,-1.000,20.269,nan,nan,nan,steady,2.2050,1.6812,0.1796,18.4974,17.1185
141224001,1783507900.999,55.406,2.2144,1.6522,0.1998,2.7701,36.7,1.1159,1.1030,1.2041,0.9218,1.3576,1.3519,23.87,141224001,1326045633294,-1.000,24.394,nan,nan,nan,steady,2.2102,1.6616,0.1786,18.4878,17.1185
141244001,1783507901.030,55.437,2.2136,1.6516,0.1999,2.7691,36.7,1.1174,1.1046,1.2055,0.9275,1.3655,1.3598,21.36,141244001,1326045666645,-1.000,21.816,nan,nan,nan,steady,2.2096,1.6375,0.1780,18.4724,17.1185
141264001,1783507901.059,55.466,2.2129,1.6475,0.1998,2.7660,36.7,1.1184,1.1058,1.2063,0.9344,1.3751,1.3695,19.72,141264001,1326045697218,-1.000,20.189,nan,nan,nan,steady,2.2091,1.6171,0.1767,18.4650,17.1185
141284001,1783507901.090,55.497,2.2116,1.6403,0.1995,2.7607,36.6,1.1195,1.1071,1.2071,0.9316,1.3707,1.3651,21.63,141284001,1326045726486,-1.000,22.189,nan,nan,nan,steady,2.2051,1.5968,0.1755,18.4507,17.1590
141304001,1783507901.121,55.528,2.2095,1.6312,0.1990,2.7536,36.4,1.1212,1.1091,1.2087,0.9402,1.3829,1.3773,21.32,141304001,1326045757580,-1.000,21.777,nan,nan,nan,steady,2.1991,1.5805,0.1746,18.4359,17.1590
141388001,1783507901.159,55.566,2.2020,1.6257,0.1987,2.7443,36.4,1.1254,1.1135,1.2132,0.9377,1.3791,1.3735,23.33,141388001,1326045793700,-1.000,23.820,nan,nan,nan,steady,2.1650,1.5956,0.1751,18.3855,17.1925
141404001,1783507901.191,55.599,2.1939,1.6187,0.1985,2.7336,36.4,1.1265,1.1148,1.2143,0.9395,1.3817,1.3760,23.16,141404001,1326045826541,-1.000,23.676,nan,nan,nan,steady,2.1570,1.5791,0.1756,18.3686,17.1925
141428001,1783507901.222,55.629,2.1858,1.6115,0.1982,2.7228,36.4,1.1260,1.1145,1.2138,0.9450,1.3896,1.3839,19.49,141428001,1326045860448,-1.000,20.042,nan,nan,nan,steady,2.1497,1.5707,0.1755,18.3600,17.1925
141448001,1783507901.253,55.660,2.1775,1.6043,0.1980,2.7119,36.4,1.1274,1.1161,1.2153,0.9438,1.3879,1.3821,21.90,141448001,1326045889387,-1.000,22.342,nan,nan,nan,steady,2.1410,1.5634,0.1753,18.3391,17.1925
141464001,1783507901.281,55.689,2.1694,1.5981,0.1977,2.7017,36.4,1.1284,1.1173,1.2164,0.9490,1.3956,1.3898,19.31,141464001,1326045920534,-1.000,19.737,nan,nan,nan,steady,2.1336,1.5629,0.1754,18.3327,17.1925
141488001,1783507901.310,55.717,2.1617,1.5927,0.1976,2.6923,36.4,1.1286,1.1177,1.2165,0.9281,1.3649,1.3592,19.32,141488001,1326045949133,-1.000,19.709,nan,nan,nan,steady,2.1278,1.5615,0.1752,18.3149,17.2907
141564001,1783507901.345,55.752,2.1514,1.5919,0.1977,2.6836,36.5,1.1298,1.1191,1.2181,0.9236,1.3584,1.3526,20.04,141564001,1326045983217,-1.000,20.549,nan,nan,nan,steady,2.1043,1.5853,0.1768,18.2490,17.3200
141588001,1783507901.374,55.781,2.1423,1.5917,0.1978,2.6762,36.6,1.1308,1.1202,1.2193,0.9283,1.3655,1.3596,19.43,141588001,1326046012637,-1.000,20.001,nan,nan,nan,steady,2.1016,1.5852,0.1769,18.2396,17.3200
141604001,1783507901.402,55.809,2.1345,1.5914,0.1978,2.6698,36.7,1.1318,1.1213,1.2204,0.9219,1.3561,1.3502,18.58,141604001,1326046041547,-1.000,19.162,nan,nan,nan,steady,2.1008,1.5834,0.1766,18.2098,17.3200
141624001,1783507901.430,55.838,2.1287,1.5917,0.1978,2.6653,36.8,1.1318,1.1214,1.2204,0.9265,1.3629,1.3569,18.81,141624001,1326046069569,-1.000,19.341,nan,nan,nan,steady,2.1042,1.5860,0.1763,18.2027,17.3200
141648001,1783507901.459,55.866,2.1249,1.5926,0.1977,2.6628,36.9,1.1327,1.1224,1.2214,0.9237,1.3589,1.3528,19.38,141648001,1326046097874,-1.000,19.787,nan,nan,nan,steady,2.1092,1.5896,0.1758,18.1859,17.3200
141668001,1783507901.480,55.887,2.1230,1.5950,0.1975,2.6627,36.9,1.1338,1.1237,1.2225,0.9259,1.3622,1.3560,11.52,141668001,1326046126624,-1.000,12.006,nan,nan,nan,steady,2.1153,1.5998,0.1750,18.1682,17.3200
141744001,1783507901.518,55.925,2.1194,1.6042,0.1973,2.6653,37.1,1.1371,1.1271,1.2261,0.9200,1.3534,1.3473,21.70,141744001,1326046154358,-1.000,22.337,nan,nan,nan,steady,2.1026,1.6432,0.1750,18.1004,17.3153
141768001,1783507901.552,55.959,2.1170,1.6137,0.1968,2.6691,37.3,1.1349,1.1250,1.2236,0.9138,1.3442,1.3381,24.17,141768001,1326046185695,-1.000,24.705,nan,nan,nan,steady,2.1072,1.6506,0.1734,18.0801,17.3153
141788001,1783507901.581,55.989,2.1168,1.6234,0.1961,2.6748,37.5,1.1355,1.1257,1.2240,0.9174,1.3494,1.3432,20.16,141788001,1326046219287,-1.000,20.576,nan,nan,nan,steady,2.1173,1.6597,0.1713,18.0690,17.3163
141804001,1783507901.611,56.019,2.1179,1.6325,0.1952,2.6812,37.6,1.1359,1.1263,1.2242,0.9121,1.3414,1.3353,21.27,141804001,1326046248577,-1.000,21.640,nan,nan,nan,steady,2.1250,1.6651,0.1695,18.0468,17.3163
141828001,1783507901.644,56.052,2.1202,1.6423,0.1941,2.6889,37.8,1.1350,1.1255,1.2231,0.9177,1.3496,1.3434,23.76,141828001,1326046279073,-1.000,24.232,nan,nan,nan,steady,2.1312,1.6785,0.1676,18.0337,17.3163
141848001,1783507901.677,56.084,2.1233,1.6515,0.1929,2.6969,37.9,1.1356,1.1261,1.2235,0.9126,1.3420,1.3359,23.03,141848001,1326046312343,-1.000,23.477,nan,nan,nan,steady,2.1379,1.6849,0.1658,18.0108,17.3163
141924001,1783507901.712,56.119,2.1255,1.6703,0.1922,2.7101,38.2,1.1437,1.1342,1.2321,0.9922,1.4589,1.4523,22.31,141924001,1326046347812,-1.000,22.959,nan,nan,nan,steady,2.1302,1.7527,0.1695,17.9950,17.3163
141948001,1783507901.742,56.149,2.1277,1.6909,0.1920,2.7245,38.5,1.1423,1.1330,1.2305,0.9051,1.3305,1.3245,19.82,141948001,1326046380017,-1.000,20.418,nan,nan,nan,steady,2.1370,1.7790,0.1703,17.9210,17.3068
141968001,1783507901.772,56.179,2.1300,1.7124,0.1918,2.7397,38.8,1.1402,1.1309,1.2280,0.9037,1.3281,1.3221,20.15,141968001,1326046409669,-1.000,20.799,nan,nan,nan,steady,2.1413,1.8029,0.1701,17.8945,17.3068
141988001,1783507901.809,56.216,2.1329,1.7331,0.1916,2.7549,39.1,1.1394,1.1302,1.2269,0.9027,1.3263,1.3204,26.75,141988001,1326046439755,-1.000,27.614,nan,nan,nan,steady,2.1478,1.8187,0.1691,17.8720,17.3025
142008001,1783507901.838,56.246,2.1356,1.7530,0.1912,2.7695,39.4,1.1388,1.1297,1.2261,0.9018,1.3247,1.3188,20.03,142008001,1326046476711,-1.000,20.620,nan,nan,nan,steady,2.1494,1.8348,0.1678,17.8535,17.3025
142024001,1783507901.868,56.276,2.1383,1.7712,0.1907,2.7832,39.6,1.1389,1.1299,1.2260,0.9019,1.3244,1.3186,19.72,142024001,1326046506540,-1.000,20.381,nan,nan,nan,steady,2.1526,1.8446,0.1667,17.8333,17.3025
142128001,1783507901.908,56.316,2.1355,1.7939,0.1900,2.7954,40.0,1.1396,1.1306,1.2267,0.8848,1.2993,1.2935,19.79,142128001,1326046546299,-1.000,20.592,nan,nan,nan,steady,2.1209,1.8947,0.1650,17.7271,17.4553
142144001,1783507901.938,56.346,2.1332,1.8131,0.1891,2.8060,40.4,1.1402,1.1313,1.2273,0.8869,1.3022,1.2964,20.29,142144001,1326046575844,-1.000,21.052,nan,nan,nan,steady,2.1238,1.8941,0.1627,17.7082,17.4553
142164001,1783507901.968,56.376,2.1317,1.8281,0.1880,2.8145,40.6,1.1409,1.1321,1.2281,0.8866,1.3017,1.2959,20.60,142164001,1326046605973,-1.000,21.249,nan,nan,nan,steady,2.1274,1.8879,0.1604,17.6896,17.4553
142188001,1783507901.996,56.403,2.1310,1.8394,0.1866,2.8212,40.8,1.1407,1.1320,1.2279,0.8917,1.3091,1.3033,17.65,142188001,1326046636230,-1.000,18.295,nan,nan,nan,steady,2.1301,1.8827,0.1586,17.6646,17.3879
142204001,1783507902.028,56.436,2.1303,1.8473,0.1853,2.8258,40.9,1.1420,1.1335,1.2295,0.8919,1.3096,1.3037,21.61,142204001,1326046664919,-1.000,22.196,nan,nan,nan,steady,2.1303,1.8752,0.1576,17.6438,17.3879
142224001,1783507902.061,56.469,2.1295,1.8531,0.1841,2.8289,41.0,1.1408,1.1324,1.2284,0.8924,1.3104,1.3045,23.15,142224001,1326046696371,-1.000,23.934,nan,nan,nan,steady,2.1284,1.8725,0.1571,17.6209,17.3879
142288001,1783507902.095,56.502,2.1267,1.8628,0.1834,2.8331,41.2,1.1391,1.1308,1.2269,0.9125,1.3402,1.3341,20.23,142288001,1326046732799,-1.000,20.889,nan,nan,nan,steady,2.1114,1.9039,0.1591,17.5953,17.4917
142308001,1783507902.130,56.538,2.1238,1.8720,0.1829,2.8370,41.4,1.1393,1.1310,1.2274,0.8840,1.2984,1.2925,25.76,142308001,1326046762902,-1.000,26.356,nan,nan,nan,steady,2.1111,1.9119,0.1590,17.5280,17.4917
142324001,1783507902.163,56.571,2.1215,1.8801,0.1822,2.8405,41.5,1.1395,1.1314,1.2279,0.8842,1.2988,1.2928,19.85,142324001,1326046801785,-1.000,20.524,nan,nan,nan,steady,2.1128,1.9143,0.1570,17.5031,17.4917
142348001,1783507902.193,56.601,2.1197,1.8870,0.1814,2.8437,41.7,1.1383,1.1303,1.2267,0.8847,1.2996,1.2935,19.90,142348001,1326046831470,-1.000,20.571,nan,nan,nan,steady,2.1136,1.9159,0.1560,17.4869,17.4917
142364001,1783507902.224,56.632,2.1181,1.8923,0.1806,2.8460,41.8,1.1386,1.1308,1.2272,0.8847,1.2998,1.2937,21.49,142364001,1326046861210,-1.000,22.035,nan,nan,nan,steady,2.1131,1.9145,0.1552,17.4574,17.4917
142384001,1783507902.254,56.661,2.1167,1.8966,0.1798,2.8478,41.9,1.1373,1.1295,1.2258,0.8818,1.2954,1.2894,20.12,142384001,1326046892080,-1.000,20.694,nan,nan,nan,steady,2.1119,1.9143,0.1543,17.4373,17.5232
142484001,1783507902.293,56.700,2.1089,1.9046,0.1787,2.8473,42.1,1.1393,1.1317,1.2284,0.8787,1.2913,1.2851,23.86,142484001,1326046927228,-1.000,24.425,nan,nan,nan,steady,2.0730,1.9434,0.1522,17.3145,17.4876
142508001,1783507902.323,56.730,2.1015,1.9116,0.1776,2.8464,42.3,1.1384,1.1309,1.2278,0.8790,1.2921,1.2859,20.13,142508001,1326046960838,-1.000,20.752,nan,nan,nan,steady,2.0697,1.9432,0.1508,17.3007,17.4876
142524001,1783507902.336,56.743,2.0954,1.9167,0.1764,2.8453,42.4,1.1389,1.1316,1.2286,0.8796,1.2933,1.2870,3.25,142524001,1326046990777,-1.000,3.918,nan,nan,nan,steady,2.0719,1.9382,0.1493,17.2706,17.4876
142544001,1783507902.374,56.782,2.0907,1.9206,0.1752,2.8444,42.6,1.1378,1.1306,1.2278,0.8758,1.2880,1.2816,21.02,142544001,1326047011156,-1.000,21.742,nan,nan,nan,steady,2.0728,1.9373,0.1483,17.2523,17.4876
142564001,1783507902.404,56.812,2.0869,1.9236,0.1741,2.8435,42.7,1.1377,1.1306,1.2280,0.8754,1.2878,1.2813,20.07,142564001,1326047042265,-1.000,20.740,nan,nan,nan,steady,2.0730,1.9367,0.1484,17.2187,17.4876
142584001,1783507902.438,56.845,2.0844,1.9265,0.1733,2.8436,42.7,1.1372,1.1303,1.2279,0.8771,1.2906,1.2840,24.09,142584001,1326047072141,-1.000,24.675,nan,nan,nan,steady,2.0755,1.9404,0.1486,17.2019,17.5503
142684001,1783507902.477,56.884,2.0768,1.9337,0.1723,2.8429,43.0,1.1368,1.1300,1.2283,0.8818,1.2981,1.2914,21.99,142684001,1326047112920,-1.000,22.777,nan,nan,nan,steady,2.0401,1.9727,0.1469,17.0660,17.6227
142708001,1783507902.507,56.914,2.0719,1.9402,0.1711,2.8437,43.1,1.1389,1.1323,1.2315,0.8816,1.2985,1.2916,19.92,142708001,1326047144982,-1.000,20.465,nan,nan,nan,steady,2.0512,1.9729,0.1449,17.0488,17.6227
142724001,1783507902.540,56.948,2.0701,1.9446,0.1697,2.8453,43.2,1.1390,1.1325,1.2324,0.8812,1.2987,1.2916,23.87,142724001,1326047174543,-1.000,24.482,nan,nan,nan,steady,2.0636,1.9668,0.1428,17.0209,17.6227
142748001,1783507902.570,56.978,2.0712,1.9473,0.1682,2.8478,43.2,1.1362,1.1298,1.2302,0.8755,1.2909,1.2837,19.55,142748001,1326047209047,-1.000,20.081,nan,nan,nan,steady,2.0772,1.9612,0.1406,16.9986,17.6227
142764001,1783507902.600,57.007,2.0745,1.9483,0.1666,2.8509,43.2,1.1366,1.1305,1.2316,0.8768,1.2935,1.2861,20.00,142764001,1326047238039,-1.000,20.427,nan,nan,nan,steady,2.0904,1.9550,0.1386,16.9673,17.6227
142784001,1783507902.631,57.038,2.0789,1.9486,0.1650,2.8542,43.1,1.1343,1.1284,1.2299,0.8684,1.2816,1.2742,21.65,142784001,1326047267392,-1.000,22.142,nan,nan,nan,steady,2.0997,1.9520,0.1374,16.9468,17.5284
142864001,1783507902.664,57.071,2.0785,1.9511,0.1637,2.8555,43.2,1.1356,1.1298,1.2325,0.8666,1.2798,1.2722,18.38,142864001,1326047303773,-1.000,18.833,nan,nan,nan,steady,2.0743,1.9666,0.1375,16.8364,17.5284
142884001,1783507902.697,57.104,2.0790,1.9526,0.1625,2.8568,43.2,1.1324,1.1268,1.2302,0.8671,1.2815,1.2737,23.94,142884001,1326047331380,-1.000,24.409,nan,nan,nan,steady,2.0810,1.9632,0.1377,16.8137,17.5914
142904001,1783507902.727,57.135,2.0806,1.9541,0.1615,2.8589,43.2,1.1298,1.1244,1.2285,0.8651,1.2793,1.2713,20.65,142904001,1326047364891,-1.000,21.171,nan,nan,nan,steady,2.0879,1.9646,0.1374,16.7852,17.5914
142924001,1783507902.759,57.167,2.0831,1.9558,0.1606,2.8619,43.2,1.1288,1.1235,1.2285,0.8671,1.2830,1.2748,22.87,142924001,1326047394958,-1.000,23.289,nan,nan,nan,steady,2.0942,1.9683,0.1370,16.7513,17.5914
142944001,1783507902.791,57.199,2.0860,1.9587,0.1598,2.8659,43.2,1.1257,1.1206,1.2260,0.8642,1.2792,1.2710,22.66,142944001,1326047427118,-1.000,23.189,nan,nan,nan,steady,2.0982,1.9771,0.1366,16.7309,17.5914
142964001,1783507902.820,57.228,2.0884,1.9628,0.1591,2.8705,43.2,1.1232,1.1183,1.2240,0.8672,1.2842,1.2758,19.55,142964001,1326047459312,-1.000,20.029,nan,nan,nan,steady,2.0985,1.9875,0.1366,16.6999,17.5914
143044001,1783507902.852,57.259,2.0839,1.9754,0.1592,2.8758,43.5,1.1231,1.1183,1.2247,0.8677,1.2854,1.2769,18.80,143044001,1326047491345,-1.000,19.227,nan,nan,nan,steady,2.0586,2.0368,0.1406,16.6818,17.4211
143068001,1783507902.883,57.291,2.0775,1.9910,0.1594,2.8819,43.8,1.1202,1.1155,1.2221,0.8591,1.2729,1.2644,21.99,143068001,1326047519593,-1.000,22.472,nan,nan,nan,steady,2.0487,2.0673,0.1416,16.5676,17.4211
143084001,1783507902.921,57.328,2.0703,2.0079,0.1595,2.8885,44.1,1.1189,1.1144,1.2211,0.8765,1.2988,1.2900,21.55,143084001,1326047557610,-1.000,22.042,nan,nan,nan,steady,2.0387,2.0912,0.1418,16.5375,17.5259
143104001,1783507902.965,57.373,2.0628,2.0258,0.1596,2.8956,44.5,1.1179,1.1135,1.2203,0.8788,1.3023,1.2935,35.05,143104001,1326047588488,-1.000,35.493,nan,nan,nan,steady,2.0291,2.1124,0.1416,16.5109,17.5259
143124001,1783507902.994,57.401,2.0549,2.0434,0.1596,2.9023,44.8,1.1162,1.1118,1.2186,0.8852,1.3118,1.3029,19.47,143124001,1326047632920,-1.000,19.878,nan,nan,nan,steady,2.0197,2.1287,0.1409,16.4808,17.5259
143144001,1783507903.023,57.430,2.0465,2.0605,0.1594,2.9085,45.2,1.1166,1.1123,1.2192,0.8870,1.3143,1.3055,19.40,143144001,1326047661578,-1.000,19.812,nan,nan,nan,steady,2.0091,2.1435,0.1404,16.4561,17.5259
143244001,1783507903.056,57.464,2.0295,2.0785,0.1592,2.9094,45.7,1.1188,1.1147,1.2222,0.8918,1.3218,1.3129,20.87,143244001,1326047693603,-1.000,21.412,nan,nan,nan,steady,1.9496,2.1670,0.1402,16.3111,17.4285
143264001,1783507903.084,57.491,2.0124,2.0944,0.1589,2.9088,46.1,1.1188,1.1148,1.2226,0.8801,1.3048,1.2959,18.54,143264001,1326047723799,-1.000,18.967,nan,nan,nan,steady,1.9372,2.1703,0.1397,16.2885,17.3637
143288001,1783507903.115,57.522,1.9961,2.1074,0.1585,2.9070,46.6,1.1202,1.1163,1.2245,0.8868,1.3151,1.3060,21.67,143288001,1326047751612,-1.000,22.088,nan,nan,nan,steady,1.9259,2.1701,0.1388,16.2556,17.3637
143304001,1783507903.145,57.553,1.9807,2.1179,0.1581,2.9040,46.9,1.1197,1.1158,1.2242,0.8848,1.3125,1.3033,19.78,143304001,1326047783783,-1.000,20.304,nan,nan,nan,steady,1.9144,2.1693,0.1386,16.2300,17.3637
143324001,1783507903.174,57.581,1.9662,2.1259,0.1577,2.9000,47.2,1.1198,1.1160,1.2248,0.8911,1.3224,1.3130,19.19,143324001,1326047812952,-1.000,19.610,nan,nan,nan,steady,1.9036,2.1666,0.1383,16.1952,17.3637
143344001,1783507903.185,57.593,1.9522,2.1320,0.1575,2.8950,47.5,1.1200,1.1163,1.2255,0.8889,1.3195,1.3101,2.31,143344001,1326047841540,-1.000,2.713,nan,nan,nan,steady,1.8909,2.1646,0.1389,16.1713,17.3637
143424001,1783507903.233,57.641,1.9324,2.1384,0.1573,2.8865,47.9,1.1217,1.1182,1.2283,0.8910,1.3234,1.3138,23.30,143424001,1326047868399,-1.000,23.826,nan,nan,nan,steady,1.8414,2.1748,0.1393,16.0599,17.3225
143448001,1783507903.263,57.671,1.9141,2.1426,0.1569,2.8773,48.2,1.1207,1.1172,1.2279,0.8960,1.3317,1.3219,20.51,143448001,1326047901019,-1.000,20.950,nan,nan,nan,steady,1.8327,2.1679,0.1378,16.0199,17.3225
143464001,1783507903.294,57.701,1.8975,2.1448,0.1566,2.8680,48.5,1.1195,1.1162,1.2275,0.8912,1.3254,1.3154,21.19,143464001,1326047930943,-1.000,21.669,nan,nan,nan,steady,1.8242,2.1610,0.1380,15.9967,17.3225
143484001,1783507903.322,57.730,1.8825,2.1454,0.1563,2.8585,48.7,1.1190,1.1157,1.2277,0.8906,1.3253,1.3152,19.35,143484001,1326047961600,-1.000,19.739,nan,nan,nan,steady,1.8164,2.1549,0.1379,15.9594,17.2897
143508001,1783507903.356,57.763,1.8689,2.1452,0.1561,2.8494,48.9,1.1166,1.1134,1.2259,0.8860,1.3193,1.3090,23.87,143508001,1326047990366,-1.000,24.366,nan,nan,nan,steady,1.8083,2.1518,0.1385,15.9378,17.2897
143528001,1783507903.387,57.794,1.8563,2.1446,0.1561,2.8407,49.1,1.1156,1.1126,1.2258,0.8900,1.3260,1.3155,21.33,143528001,1326048023664,-1.000,21.794,nan,nan,nan,steady,1.7992,2.1500,0.1396,15.9070,17.2897
143604001,1783507903.418,57.825,1.8387,2.1497,0.1571,2.8331,49.5,1.1106,1.1077,1.2212,0.8749,1.3043,1.2938,19.61,143604001,1326048056374,-1.000,20.041,nan,nan,nan,steady,1.7537,2.1806,0.1451,15.8778,17.2897
143628001,1783507903.447,57.854,1.8226,2.1566,0.1581,2.8280,49.8,1.1093,1.1065,1.2207,0.9154,1.3653,1.3542,19.87,143628001,1326048085292,-1.000,20.346,nan,nan,nan,steady,1.7477,2.1977,0.1469,15.7567,17.3089
143648001,1783507903.475,57.883,1.8089,2.1647,0.1588,2.8255,50.1,1.1079,1.1052,1.2197,0.9246,1.3795,1.3681,19.33,143648001,1326048114550,-1.000,19.752,nan,nan,nan,steady,1.7451,2.2119,0.1462,15.7237,17.3089
143664001,1783507903.506,57.913,1.7965,2.1738,0.1594,2.8245,50.4,1.1081,1.1055,1.2204,0.8847,1.3203,1.3094,21.05,143664001,1326048143047,-1.000,21.443,nan,nan,nan,steady,1.7402,2.2251,0.1461,15.6999,17.1070
143688001,1783507903.536,57.943,1.7851,2.1838,0.1596,2.8250,50.7,1.1068,1.1043,1.2193,0.8962,1.3377,1.3266,20.47,143688001,1326048173395,-1.000,21.004,nan,nan,nan,steady,1.7333,2.2394,0.1449,15.6600,17.1070
143704001,1783507903.564,57.972,1.7738,2.1944,0.1598,2.8262,51.1,1.1048,1.1023,1.2172,0.8973,1.3395,1.3284,19.44,143704001,1326048203163,-1.000,19.833,nan,nan,nan,steady,1.7214,2.2529,0.1448,15.6369,17.1070
143724001,1783507903.596,58.003,1.7621,2.2052,0.1599,2.8273,51.4,1.1046,1.1022,1.2171,0.9101,1.3588,1.3475,21.94,143724001,1326048231989,-1.000,22.387,nan,nan,nan,steady,1.7073,2.2638,0.1455,15.5993,17.1070
143808001,1783507903.625,58.032,1.7455,2.2164,0.1597,2.8257,51.8,1.1090,1.1066,1.2225,0.9771,1.4592,1.4469,19.79,143808001,1326048263382,-1.000,20.434,nan,nan,nan,steady,1.6632,2.2782,0.1452,15.4491,17.2142
143824001,1783507903.654,58.061,1.7304,2.2247,0.1593,2.8230,52.1,1.1116,1.1093,1.2259,0.9851,1.4717,1.4592,19.43,143824001,1326048292866,-1.000,19.925,nan,nan,nan,steady,1.6580,2.2720,0.1436,15.4114,17.2142
143844001,1783507903.693,58.100,1.7179,2.2296,0.1584,2.8191,52.4,1.1115,1.1093,1.2265,0.9776,1.4612,1.4487,29.30,143844001,1326048321765,-1.000,29.833,nan,nan,nan,steady,1.6570,2.2602,0.1408,15.3884,17.2142
143868001,1783507903.722,58.129,1.7065,2.2303,0.1574,2.8127,52.6,1.1129,1.1109,1.2289,0.9521,1.4241,1.4117,19.48,143868001,1326048360479,-1.000,19.876,nan,nan,nan,steady,1.6511,2.2412,0.1397,15.3492,17.0591
143884001,1783507903.751,58.158,1.6956,2.2272,0.1564,2.8036,52.7,1.1111,1.1091,1.2277,0.9433,1.4118,1.3993,19.79,143884001,1326048389322,-1.000,20.310,nan,nan,nan,steady,1.6426,2.2209,0.1388,15.3267,17.0591
143904001,1783507903.780,58.188,1.6850,2.2207,0.1554,2.7919,52.8,1.1120,1.1101,1.2296,0.9472,1.4187,1.4059,19.87,143904001,1326048418773,-1.000,20.414,nan,nan,nan,steady,1.6318,2.1996,0.1379,15.2931,17.0591
143928001,1783507903.809,58.217,1.6737,2.2096,0.1540,2.7762,52.9,1.1130,1.1113,1.2317,0.9785,1.4670,1.4535,19.70,143928001,1326048448037,-1.000,20.095,nan,nan,nan,steady,1.6182,2.1684,0.1352,15.2001,16.9542
143984001,1783507903.838,58.245,1.6578,2.1971,0.1527,2.7566,53.0,1.1109,1.1093,1.2306,0.9346,1.4027,1.3894,19.32,143984001,1326048477055,-1.000,19.773,nan,nan,nan,steady,1.5787,2.1508,0.1342,15.1630,16.9542
144004001,1783507903.869,58.277,1.6414,2.1828,0.1517,2.7353,53.1,1.1071,1.1056,1.2278,0.9307,1.3985,1.3849,21.58,144004001,1326048506018,-1.000,22.025,nan,nan,nan,steady,1.5612,2.1286,0.1348,15.1337,16.9542
144024001,1783507903.898,58.305,1.6244,2.1671,0.1512,2.7126,53.1,1.1029,1.1015,1.2245,0.9336,1.4044,1.3904,19.22,144024001,1326048536882,-1.000,19.610,nan,nan,nan,steady,1.5411,2.1068,0.1366,15.0984,16.9542
144044001,1783507903.929,58.336,1.6070,2.1511,0.1510,2.6893,53.2,1.0989,1.0976,1.2214,0.9323,1.4041,1.3898,21.85,144044001,1326048565303,-1.000,22.256,nan,nan,nan,steady,1.5220,2.0898,0.1386,15.0702,16.9542
144068001,1783507903.967,58.374,1.5892,2.1357,0.1513,2.6664,53.3,1.0950,1.0938,1.2185,0.9232,1.3918,1.3773,18.72,144068001,1326048606336,-1.000,19.275,nan,nan,nan,steady,1.5025,2.0784,0.1410,15.0260,16.8788
144168001,1783507903.999,58.406,1.5639,2.1235,0.1521,2.6416,53.6,1.0919,1.0908,1.2165,0.9282,1.4009,1.3860,19.41,144168001,1326048637868,-1.000,19.820,nan,nan,nan,steady,1.4398,2.0823,0.1443,14.8724,16.7699
144184001,1783507904.022,58.430,1.5393,2.1123,0.1533,2.6182,53.9,1.0903,1.0893,1.2162,0.9416,1.4226,1.4072,12.75,144184001,1326048667696,-1.000,13.280,nan,nan,nan,steady,1.4219,2.0751,0.1475,14.8234,16.7699
144208001,1783507904.054,58.462,1.5165,2.1031,0.1549,2.5974,54.2,1.0887,1.0878,1.2156,0.9413,1.4234,1.4077,22.79,144208001,1326048689906,-1.000,23.350,nan,nan,nan,steady,1.4080,2.0744,0.1510,14.8030,16.7699
144228001,1783507904.086,58.493,1.4960,2.0964,0.1567,2.5802,54.5,1.0866,1.0857,1.2142,0.9537,1.4432,1.4270,22.11,144228001,1326048722157,-1.000,22.597,nan,nan,nan,steady,1.3977,2.0793,0.1540,14.7570,16.7699
144244001,1783507904.116,58.524,1.4786,2.0924,0.1586,2.5670,54.8,1.0840,1.0832,1.2123,0.9753,1.4768,1.4600,20.85,144244001,1326048753720,-1.000,21.316,nan,nan,nan,steady,1.3936,2.0879,0.1561,14.7272,16.8409
144268001,1783507904.146,58.554,1.4647,2.0915,0.1605,2.5584,55.0,1.0840,1.0832,1.2129,0.9853,1.4926,1.4755,21.04,144268001,1326048783808,-1.000,21.483,nan,nan,nan,steady,1.3942,2.1007,0.1586,14.6926,16.8409
144388001,1783507904.184,58.592,1.4467,2.0968,0.1627,2.5527,55.4,1.0857,1.0850,1.2157,0.9594,1.4541,1.4373,23.07,144388001,1326048819634,-1.000,23.634,nan,nan,nan,steady,1.3541,2.1366,0.1612,14.5270,16.6376
144404001,1783507904.213,58.621,1.4332,2.1061,0.1645,2.5528,55.8,1.0854,1.0847,1.2158,0.9705,1.4710,1.4540,19.45,144404001,1326048852138,-1.000,19.897,nan,nan,nan,steady,1.3638,2.1621,0.1614,14.4878,16.6376
144428001,1783507904.246,58.653,1.4241,2.1189,0.1660,2.5583,56.1,1.0859,1.0853,1.2167,0.9747,1.4775,1.4604,22.09,144428001,1326048881983,-1.000,22.508,nan,nan,nan,steady,1.3751,2.1898,0.1609,14.4617,16.6376
144448001,1783507904.275,58.682,1.4192,2.1342,0.1670,2.5684,56.4,1.0861,1.0855,1.2169,0.9887,1.4985,1.4812,19.50,144448001,1326048913610,-1.000,19.971,nan,nan,nan,steady,1.3884,2.2160,0.1595,14.4139,16.6376
144464001,1783507904.308,58.715,1.4176,2.1514,0.1677,2.5819,56.6,1.0844,1.0838,1.2147,0.9888,1.4981,1.4810,24.01,144464001,1326048942391,-1.000,24.432,nan,nan,nan,steady,1.4000,2.2404,0.1589,14.3905,16.6376
144488001,1783507904.337,58.744,1.4169,2.1693,0.1683,2.5965,56.8,1.0851,1.0846,1.2153,0.9383,1.4211,1.4049,19.45,144488001,1326048975774,-1.000,19.966,nan,nan,nan,steady,1.4038,2.2617,0.1588,14.3527,16.3567
144564001,1783507904.371,58.779,1.4125,2.1893,0.1686,2.6108,57.2,1.0871,1.0866,1.2173,0.9708,1.4699,1.4533,19.34,144564001,1326049010239,-1.000,19.790,nan,nan,nan,steady,1.3793,2.2911,0.1585,14.2174,16.3567
144584001,1783507904.402,58.809,1.4085,2.2091,0.1689,2.6254,57.5,1.0854,1.0849,1.2151,0.9635,1.4582,1.4418,21.42,144584001,1326049038890,-1.000,21.898,nan,nan,nan,steady,1.3792,2.3091,0.1587,14.1959,16.3134
144604001,1783507904.431,58.838,1.4046,2.2280,0.1692,2.6392,57.8,1.0844,1.0840,1.2136,0.9798,1.4822,1.4657,19.57,144604001,1326049069761,-1.000,20.055,nan,nan,nan,steady,1.3758,2.3223,0.1595,14.1523,16.3134
144628001,1783507904.473,58.880,1.4002,2.2456,0.1696,2.6518,58.1,1.0833,1.0830,1.2121,0.9828,1.4861,1.4698,32.55,144628001,1326049098685,-1.000,33.022,nan,nan,nan,steady,1.3686,2.3337,0.1610,14.1315,16.3134
144644001,1783507904.502,58.910,1.3949,2.2615,0.1702,2.6625,58.3,1.0805,1.0801,1.2084,0.9971,1.5068,1.4904,19.57,144644001,1326049140727,-1.000,20.123,nan,nan,nan,steady,1.3581,2.3417,0.1624,14.0892,16.3134
144664001,1783507904.532,58.940,1.3876,2.2750,0.1711,2.6703,58.6,1.0799,1.0796,1.2073,1.0035,1.5157,1.4994,21.07,144664001,1326049169790,-1.000,21.467,nan,nan,nan,steady,1.3412,2.3437,0.1655,14.0592,16.3134
144748001,1783507904.569,58.977,1.3736,2.2870,0.1724,2.6734,59.0,1.0802,1.0799,1.2074,1.0003,1.5103,1.4942,20.83,144748001,1326049206844,-1.000,21.340,nan,nan,nan,steady,1.2951,2.3491,0.1686,13.9293,16.1526
144768001,1783507904.600,59.008,1.3578,2.2964,0.1739,2.6735,59.4,1.0794,1.0792,1.2062,1.0134,1.5294,1.5133,21.65,144768001,1326049237025,-1.000,22.103,nan,nan,nan,steady,1.2732,2.3464,0.1717,13.8896,16.1526
144788001,1783507904.631,59.039,1.3404,2.3040,0.1755,2.6713,59.8,1.0781,1.0779,1.2045,1.0170,1.5341,1.5181,21.73,144788001,1326049267909,-1.000,22.197,nan,nan,nan,steady,1.2497,2.3455,0.1742,13.8602,16.1381
144808001,1783507904.660,59.068,1.3225,2.3095,0.1773,2.6672,60.2,1.0783,1.0781,1.2044,1.0343,1.5597,1.5435,19.37,144808001,1326049299058,-1.000,19.916,nan,nan,nan,steady,1.2300,2.3418,0.1766,13.8226,16.1381
144828001,1783507904.689,59.096,1.3043,2.3139,0.1789,2.6622,60.6,1.0772,1.0769,1.2028,1.0397,1.5672,1.5511,19.41,144828001,1326049327746,-1.000,19.892,nan,nan,nan,steady,1.2103,2.3419,0.1779,13.8035,16.1381
144848001,1783507904.722,59.130,1.2863,2.3172,0.1805,2.6564,61.0,1.0775,1.0773,1.2028,1.0540,1.5880,1.5718,24.28,144848001,1326049356544,-1.000,24.751,nan,nan,nan,steady,1.1929,2.3406,0.1790,13.7652,16.1381
144924001,1783507904.759,59.167,1.2649,2.3200,0.1818,2.6486,61.4,1.0782,1.0779,1.2033,1.0502,1.5819,1.5659,20.69,144924001,1326049396668,-1.000,21.176,nan,nan,nan,steady,1.1552,2.3417,0.1793,13.6351,15.9758
144948001,1783507904.789,59.197,1.2450,2.3214,0.1830,2.6405,61.8,1.0793,1.0790,1.2043,1.0573,1.5922,1.5762,20.97,144948001,1326049426589,-1.000,21.374,nan,nan,nan,steady,1.1437,2.3365,0.1801,13.6074,15.9758
144968001,1783507904.819,59.226,1.2270,2.3218,0.1841,2.6325,62.1,1.0790,1.0788,1.2036,1.0672,1.6065,1.5905,19.96,144968001,1326049456968,-1.000,20.449,nan,nan,nan,steady,1.1347,2.3320,0.1810,13.5711,15.9758
144988001,1783507904.847,59.255,1.2114,2.3210,0.1851,2.6247,62.4,1.0786,1.0784,1.2029,1.0621,1.5985,1.5826,19.28,144988001,1326049486407,-1.000,19.714,nan,nan,nan,steady,1.1300,2.3259,0.1819,13.5434,15.9337
145008001,1783507904.860,59.267,1.1980,2.3195,0.1861,2.6172,62.7,1.0787,1.0785,1.2027,1.0714,1.6121,1.5962,2.77,145008001,1326049515107,-1.000,3.272,nan,nan,nan,steady,1.1264,2.3211,0.1825,13.5070,15.9337
145024001,1783507904.901,59.309,1.1869,2.3173,0.1870,2.6103,62.9,1.0780,1.0778,1.2017,1.0732,1.6143,1.5985,24.14,145024001,1326049535172,-1.000,24.709,nan,nan,nan,steady,1.1248,2.3165,0.1834,13.4902,15.9337
145108001,1783507904.934,59.341,1.1748,2.3166,0.1880,2.6042,63.1,1.0774,1.0772,1.2010,1.0617,1.5969,1.5813,20.12,145108001,1326049572124,-1.000,20.632,nan,nan,nan,steady,1.1053,2.3222,0.1848,13.4432,15.9337
145124001,1783507904.965,59.372,1.1647,2.3157,0.1889,2.5990,63.3,1.0767,1.0766,1.2002,1.0621,1.5973,1.5817,21.65,145124001,1326049601629,-1.000,22.143,nan,nan,nan,steady,1.1058,2.3216,0.1858,13.3259,15.7252
145144001,1783507904.994,59.402,1.1568,2.3149,0.1899,2.5948,63.4,1.0779,1.0778,1.2014,1.0665,1.6035,1.5880,19.77,145144001,1326049632748,-1.000,20.265,nan,nan,nan,steady,1.1082,2.3210,0.1867,13.2995,15.7252
145164001,1783507905.023,59.431,1.1509,2.3134,0.1910,2.5909,63.6,1.0783,1.0783,1.2017,1.0747,1.6155,1.6000,19.96,145164001,1326049661830,-1.000,20.370,nan,nan,nan,steady,1.1105,2.3156,0.1889,13.2630,15.7252
145188001,1783507905.053,59.460,1.1464,2.3109,0.1922,2.5867,63.6,1.0777,1.0777,1.2010,1.0587,1.5913,1.5760,19.93,145188001,1326049691171,-1.000,20.391,nan,nan,nan,steady,1.1123,2.3085,0.1906,13.2279,15.6325
145208001,1783507905.083,59.490,1.1430,2.3076,0.1933,2.5824,63.7,1.0760,1.0760,1.1992,1.0599,1.5928,1.5776,19.81,145208001,1326049721530,-1.000,20.271,nan,nan,nan,steady,1.1131,2.3019,0.1917,13.2008,15.6325
145304001,1783507905.121,59.528,1.1372,2.3051,0.1945,2.5777,63.7,1.0748,1.0749,1.1981,1.0116,1.5202,1.5058,21.86,145304001,1326049757349,-1.000,22.327,nan,nan,nan,steady,1.0942,2.3029,0.1927,13.1728,15.5429
145328001,1783507905.150,59.557,1.1331,2.3024,0.1957,2.5736,63.8,1.0751,1.0753,1.1987,1.0809,1.6242,1.6088,19.66,145328001,1326049788460,-1.000,20.072,nan,nan,nan,steady,1.0996,2.2988,0.1941,13.0212,15.5429
145344001,1783507905.179,59.586,1.1316,2.2994,0.1969,2.5703,63.8,1.0746,1.0748,1.1983,1.0781,1.6199,1.6046,19.60,145344001,1326049817442,-1.000,20.017,nan,nan,nan,steady,1.1102,2.2944,0.1956,13.0026,15.5429
145368001,1783507905.211,59.619,1.1329,2.2962,0.1983,2.5681,63.7,1.0742,1.0744,1.1980,1.0832,1.6274,1.6120,22.92,145368001,1326049846542,-1.000,23.466,nan,nan,nan,steady,1.1237,2.2903,0.1980,12.9666,15.5429
145384001,1783507905.238,59.646,1.1365,2.2928,0.1997,2.5668,63.6,1.0741,1.0744,1.1981,1.0545,1.5839,1.5691,17.91,145384001,1326049878834,-1.000,18.301,nan,nan,nan,steady,1.1374,2.2865,0.1994,12.9395,15.4243
145408001,1783507905.267,59.674,1.1419,2.2886,0.2013,2.5655,63.5,1.0739,1.0743,1.1981,1.0596,1.5916,1.5767,19.32,145408001,1326049905906,-1.000,19.752,nan,nan,nan,steady,1.1502,2.2783,0.2015,12.9038,15.4243
145508001,1783507905.306,59.714,1.1469,2.2846,0.2029,2.5644,63.3,1.0737,1.0742,1.1982,1.0592,1.5909,1.5760,21.31,145508001,1326049943383,-1.000,21.892,nan,nan,nan,steady,1.1515,2.2760,0.2034,12.7772,15.3229
145528001,1783507905.335,59.742,1.1544,2.2802,0.2046,2.5639,63.1,1.0730,1.0735,1.1978,1.0606,1.5929,1.5781,18.71,145528001,1326049974217,-1.000,19.148,nan,nan,nan,steady,1.1716,2.2689,0.2053,12.7397,15.3229
145548001,1783507905.366,59.773,1.1652,2.2753,0.2064,2.5646,62.9,1.0731,1.0738,1.1984,1.0560,1.5860,1.5713,21.63,145548001,1326050002307,-1.000,22.161,nan,nan,nan,steady,1.1973,2.2616,0.2074,12.7217,15.3229
145564001,1783507905.397,59.804,1.1785,2.2696,0.2082,2.5658,62.6,1.0714,1.0722,1.1969,1.0391,1.5606,1.5461,21.39,145564001,1326050033609,-1.000,21.819,nan,nan,nan,steady,1.2215,2.2521,0.2096,12.6844,15.2502
145588001,1783507905.430,59.837,1.1938,2.2630,0.2103,2.5672,62.2,1.0687,1.0696,1.1943,1.0324,1.5503,1.5360,24.00,145588001,1326050064377,-1.000,24.442,nan,nan,nan,steady,1.2447,2.2410,0.2123,12.6665,15.2502
145604001,1783507905.459,59.866,1.2100,2.2557,0.2125,2.5685,61.8,1.0680,1.0690,1.1939,1.0314,1.5488,1.5345,19.55,145604001,1326050097629,-1.000,20.038,nan,nan,nan,steady,1.2642,2.2305,0.2149,12.6378,15.2502
145664001,1783507905.491,59.898,1.2258,2.2492,0.2145,2.5705,61.4,1.0640,1.0652,1.1898,1.0169,1.5269,1.5129,19.43,145664001,1326050129744,-1.000,19.849,nan,nan,nan,steady,1.2769,2.2285,0.2162,12.6200,15.2502
145684001,1783507905.525,59.933,1.2414,2.2426,0.2167,2.5724,61.0,1.0621,1.0634,1.1879,1.0073,1.5123,1.4985,25.38,145684001,1326050158470,-1.000,25.846,nan,nan,nan,steady,1.2913,2.2212,0.2191,12.5353,15.1092
145708001,1783507905.556,59.964,1.2558,2.2356,0.2191,2.5736,60.7,1.0594,1.0608,1.1852,1.0060,1.5102,1.4965,21.52,145708001,1326050193278,-1.000,21.937,nan,nan,nan,steady,1.3006,2.2129,0.2220,12.5177,15.1092
145724001,1783507905.588,59.995,1.2686,2.2284,0.2216,2.5738,60.3,1.0566,1.0581,1.1822,1.0097,1.5153,1.5017,21.97,145724001,1326050224069,-1.000,22.369,nan,nan,nan,steady,1.3055,2.2040,0.2252,12.4893,15.1092
145748001,1783507905.617,60.025,1.2795,2.2204,0.2242,2.5724,60.0,1.0535,1.0552,1.1789,1.0102,1.5158,1.5023,20.00,145748001,1326050255400,-1.000,20.492,nan,nan,nan,steady,1.3075,2.1915,0.2287,12.4719,15.1092
145764001,1783507905.646,60.053,1.2879,2.2119,0.2270,2.5696,59.8,1.0519,1.0537,1.1772,1.0155,1.5232,1.5098,19.34,145764001,1326050284714,-1.000,19.782,nan,nan,nan,steady,1.3051,2.1808,0.2317,12.4420,15.1092
145788001,1783507905.680,60.087,1.2930,2.2028,0.2298,2.5645,59.6,1.0501,1.0519,1.1751,0.9769,1.4648,1.4520,24.64,145788001,1326050313319,-1.000,25.127,nan,nan,nan,steady,1.2955,2.1695,0.2346,12.4246,14.9363
145864001,1783507905.703,60.111,1.2946,2.1941,0.2326,2.5582,59.5,1.0483,1.0502,1.1731,1.0012,1.5008,1.4879,13.97,145864001,1326050347512,-1.000,14.387,nan,nan,nan,steady,1.2818,2.1632,0.2374,12.3279,14.9363
145888001,1783507905.740,60.148,1.2943,2.1855,0.2353,2.5509,59.4,1.0495,1.0515,1.1744,0.9917,1.4860,1.4733,27.55,145888001,1326050370786,-1.000,28.076,nan,nan,nan,steady,1.2743,2.1545,0.2398,12.3097,14.8686
145904001,1783507905.772,60.179,1.2929,2.1770,0.2381,2.5431,59.3,1.0473,1.0493,1.1719,0.9952,1.4908,1.4782,22.08,145904001,1326050407787,-1.000,22.616,nan,nan,nan,steady,1.2684,2.1467,0.2423,12.2882,14.8686
145924001,1783507905.801,60.208,1.2906,2.1693,0.2407,2.5356,59.2,1.0472,1.0493,1.1718,1.0024,1.5010,1.4885,19.56,145924001,1326050439389,-1.000,20.012,nan,nan,nan,steady,1.2634,2.1427,0.2441,12.2702,14.8686
145944001,1783507905.830,60.237,1.2881,2.1623,0.2432,2.5286,59.2,1.0464,1.0486,1.1709,1.0074,1.5080,1.4955,19.70,145944001,1326050468251,-1.000,20.111,nan,nan,nan,steady,1.2596,2.1391,0.2464,12.2514,14.8686
145964001,1783507905.859,60.267,1.2856,2.1565,0.2456,2.5226,59.2,1.0462,1.0484,1.1705,1.0135,1.5165,1.5041,20.43,145964001,1326050497287,-1.000,20.975,nan,nan,nan,steady,1.2579,2.1382,0.2480,12.2317,14.8686
146044001,1783507905.895,60.302,1.2839,2.1527,0.2477,2.5187,59.2,1.0464,1.0487,1.1707,1.0278,1.5374,1.5250,19.35,146044001,1326050533897,-1.000,19.806,nan,nan,nan,steady,1.2595,2.1445,0.2488,12.1516,14.8434
146064001,1783507905.926,60.334,1.2849,2.1509,0.2497,2.5179,59.1,1.0462,1.0485,1.1703,1.0299,1.5399,1.5277,22.01,146064001,1326050562468,-1.000,22.440,nan,nan,nan,steady,1.2734,2.1515,0.2496,12.1303,14.8434
146088001,1783507905.967,60.375,1.2879,2.1501,0.2515,2.5189,59.1,1.0451,1.0474,1.1690,0.9848,1.4720,1.4604,21.54,146088001,1326050603967,-1.000,22.073,nan,nan,nan,steady,1.2864,2.1550,0.2507,12.1109,14.6608
146108001,1783507905.998,60.405,1.2927,2.1497,0.2533,2.5212,59.0,1.0443,1.0468,1.1681,0.9837,1.4698,1.4583,21.31,146108001,1326050634806,-1.000,21.716,nan,nan,nan,steady,1.2990,2.1563,0.2519,12.0994,14.6608
146128001,1783507906.029,60.436,1.2989,2.1496,0.2549,2.5245,58.9,1.0436,1.0461,1.1672,0.9863,1.4732,1.4618,21.34,146128001,1326050665529,-1.000,21.824,nan,nan,nan,steady,1.3107,2.1568,0.2530,12.0801,14.6608
146224001,1783507906.064,60.471,1.3070,2.1502,0.2565,2.5293,58.7,1.0440,1.0465,1.1677,1.0057,1.5018,1.4903,19.43,146224001,1326050702778,-1.000,19.822,nan,nan,nan,steady,1.3272,2.1604,0.2545,12.0040,14.6776
146244001,1783507906.097,60.504,1.3180,2.1515,0.2580,2.5363,58.5,1.0431,1.0458,1.1669,1.0065,1.5026,1.4912,23.89,146244001,1326050731319,-1.000,24.337,nan,nan,nan,steady,1.3511,2.1645,0.2549,11.9848,14.6776
146264001,1783507906.126,60.533,1.3317,2.1530,0.2593,2.5449,58.3,1.0417,1.0444,1.1654,1.0027,1.4965,1.4852,19.38,146264001,1326050764642,-1.000,19.849,nan,nan,nan,steady,1.3763,2.1670,0.2554,11.9736,14.6776
146288001,1783507906.158,60.566,1.3470,2.1547,0.2606,2.5544,58.0,1.0384,1.0412,1.1618,0.9569,1.4277,1.4171,21.68,146288001,1326050794667,-1.000,22.216,nan,nan,nan,steady,1.3989,2.1694,0.2560,11.9502,14.4957
146308001,1783507906.187,60.595,1.3630,2.1555,0.2620,2.5637,57.7,1.0380,1.0409,1.1614,0.9550,1.4245,1.4141,20.13,146308001,1326050825766,-1.000,20.549,nan,nan,nan,steady,1.4179,2.1660,0.2577,11.9391,14.4957
146328001,1783507906.218,60.626,1.3792,2.1552,0.2634,2.5723,57.4,1.0355,1.0385,1.1588,0.9530,1.4210,1.4107,21.26,146328001,1326050855406,-1.000,21.664,nan,nan,nan,steady,1.4344,2.1606,0.2593,11.9280,14.4957
146448001,1783507906.254,60.662,1.3962,2.1543,0.2649,2.5809,57.1,1.0343,1.0373,1.1575,0.9615,1.4333,1.4230,21.10,146448001,1326050891515,-1.000,21.519,nan,nan,nan,steady,1.4551,2.1567,0.2607,11.8562,14.4717
146468001,1783507906.285,60.692,1.4142,2.1534,0.2663,2.5900,56.7,1.0342,1.0374,1.1576,0.9593,1.4295,1.4194,20.11,146468001,1326050922218,-1.000,21.424,nan,nan,nan,steady,1.4771,2.1562,0.2615,11.8436,14.4717
146484001,1783507906.318,60.726,1.4333,2.1522,0.2679,2.5996,56.3,1.0328,1.0361,1.1562,0.9578,1.4268,1.4169,23.90,146484001,1326050952508,-1.000,24.385,nan,nan,nan,steady,1.5016,2.1531,0.2635,11.8328,14.4752
146508001,1783507906.350,60.757,1.4536,2.1506,0.2694,2.6097,55.9,1.0311,1.0345,1.1544,0.9513,1.4168,1.4070,22.18,146508001,1326050985711,-1.000,22.642,nan,nan,nan,steady,1.5267,2.1501,0.2647,11.8300,14.4752
146524001,1783507906.379,60.786,1.4746,2.1486,0.2708,2.6200,55.5,1.0285,1.0320,1.1516,0.9476,1.4107,1.4011,19.66,146524001,1326051017306,-1.000,20.095,nan,nan,nan,steady,1.5512,2.1466,0.2653,11.8175,14.4752
146544001,1783507906.407,60.814,1.4964,2.1463,0.2721,2.6305,55.1,1.0274,1.0311,1.1506,0.9446,1.4058,1.3964,19.21,146544001,1326051046233,-1.000,19.593,nan,nan,nan,steady,1.5759,2.1424,0.2657,11.8050,14.4752
146628001,1783507906.441,60.849,1.5197,2.1436,0.2732,2.6418,54.7,1.0252,1.0290,1.1482,0.9459,1.4072,1.3979,18.56,146628001,1326051081136,-1.000,19.179,nan,nan,nan,steady,1.6068,2.1380,0.2657,11.7764,14.4634
146648001,1783507906.472,60.880,1.5440,2.1407,0.2741,2.6537,54.2,1.0246,1.0284,1.1476,0.9387,1.3962,1.3871,21.51,146648001,1326051109160,-1.000,21.924,nan,nan,nan,steady,1.6350,2.1348,0.2655,11.7721,14.4634
146668001,1783507906.501,60.909,1.5695,2.1379,0.2749,2.6663,53.7,1.0217,1.0257,1.1445,0.9315,1.3850,1.3761,19.65,146668001,1326051139913,-1.000,20.168,nan,nan,nan,steady,1.6655,2.1321,0.2656,11.7697,14.4634
146688001,1783507906.532,60.940,1.5940,2.1341,0.2758,2.6779,53.2,1.0200,1.0241,1.1428,0.8929,1.3273,1.3189,21.75,146688001,1326051169033,-1.000,22.249,nan,nan,nan,steady,1.6872,2.1244,0.2666,11.7673,14.3004
146708001,1783507906.544,60.952,1.6168,2.1292,0.2766,2.6878,52.8,1.0177,1.0220,1.1404,0.8920,1.3256,1.3173,2.46,146708001,1326051200173,-1.000,2.884,nan,nan,nan,steady,1.7019,2.1144,0.2668,11.7551,14.3004
146728001,1783507906.581,60.989,1.6373,2.1231,0.2773,2.6954,52.4,1.0162,1.0206,1.1389,0.8897,1.3218,1.3136,19.23,146728001,1326051220274,-1.000,19.774,nan,nan,nan,steady,1.7124,2.1023,0.2674,11.7508,14.3004
146788001,1783507906.618,61.026,1.6573,2.1161,0.2776,2.7022,51.9,1.0129,1.0175,1.1353,0.9115,1.3539,1.3457,23.22,146788001,1326051253548,-1.000,23.766,nan,nan,nan,steady,1.7294,2.0918,0.2657,11.7488,14.4291
146808001,1783507906.648,61.055,1.6769,2.1092,0.2779,2.7089,51.5,1.0125,1.0172,1.1350,0.9109,1.3528,1.3446,19.97,146808001,1326051286342,-1.000,20.500,nan,nan,nan,steady,1.7481,2.0849,0.2658,11.7388,14.4291
146824001,1783507906.677,61.085,1.6965,2.1025,0.2784,2.7159,51.1,1.0115,1.0163,1.1340,0.9081,1.3483,1.3402,19.97,146824001,1326051315638,-1.000,20.389,nan,nan,nan,steady,1.7677,2.0793,0.2668,11.7349,14.4291
146844001,1783507906.708,61.116,1.7160,2.0960,0.2788,2.7231,50.7,1.0108,1.0157,1.1333,0.9038,1.3417,1.3337,21.31,146844001,1326051345006,-1.000,21.846,nan,nan,nan,steady,1.7868,2.0739,0.2668,11.7331,14.4291
146864001,1783507906.737,61.144,1.7352,2.0892,0.2794,2.7302,50.3,1.0100,1.0151,1.1325,0.8998,1.3354,1.3276,19.49,146864001,1326051375670,-1.000,19.982,nan,nan,nan,steady,1.8054,2.0655,0.2683,11.7295,14.4291
146884001,1783507906.769,61.176,1.7531,2.0816,0.2803,2.7359,49.9,1.0097,1.0148,1.1323,0.8666,1.2859,1.2785,22.81,146884001,1326051404498,-1.000,23.268,nan,nan,nan,steady,1.8184,2.0540,0.2700,11.7259,14.2771
146984001,1783507906.807,61.215,1.7715,2.0725,0.2812,2.7409,49.5,1.0092,1.0145,1.1320,0.8731,1.2954,1.2880,19.69,146984001,1326051445533,-1.000,20.508,nan,nan,nan,steady,1.8401,2.0377,0.2704,11.7306,14.3231
147008001,1783507906.836,61.243,1.7889,2.0635,0.2820,2.7454,49.1,1.0094,1.0148,1.1323,0.8703,1.2910,1.2837,19.36,147008001,1326051474890,-1.000,19.748,nan,nan,nan,steady,1.8529,2.0293,0.2708,11.7259,14.3231
147024001,1783507906.864,61.272,1.8054,2.0545,0.2825,2.7496,48.7,1.0092,1.0147,1.1323,0.8661,1.2846,1.2774,19.25,147024001,1326051503564,-1.000,19.706,nan,nan,nan,steady,1.8658,2.0212,0.2702,11.7343,14.3231
147048001,1783507906.893,61.301,1.8213,2.0458,0.2829,2.7536,48.3,1.0078,1.0135,1.1311,0.8630,1.2799,1.2728,19.51,147048001,1326051532247,-1.000,19.972,nan,nan,nan,steady,1.8793,2.0139,0.2693,11.7298,14.3231
147068001,1783507906.925,61.332,1.8370,2.0373,0.2831,2.7577,48.0,1.0069,1.0127,1.1303,0.8589,1.2737,1.2667,21.98,147068001,1326051561118,-1.000,22.388,nan,nan,nan,steady,1.8943,2.0060,0.2688,11.7268,14.3231
147084001,1783507906.961,61.368,1.8534,2.0294,0.2831,2.7630,47.6,1.0071,1.0130,1.1308,0.8824,1.3084,1.3013,20.07,147084001,1326051599169,-1.000,20.608,nan,nan,nan,steady,1.9135,2.0004,0.2683,11.7324,14.4609
147168001,1783507906.991,61.399,1.8732,2.0215,0.2830,2.7704,47.2,1.0060,1.0120,1.1297,0.8776,1.3012,1.2942,21.04,147168001,1326051628656,-1.000,21.672,nan,nan,nan,steady,1.9489,1.9915,0.2670,11.7401,14.4609
147188001,1783507907.020,61.427,1.8950,2.0147,0.2826,2.7802,46.8,1.0045,1.0106,1.1283,0.8617,1.2777,1.2708,18.77,147188001,1326051659436,-1.000,19.317,nan,nan,nan,steady,1.9800,1.9905,0.2652,11.7474,14.4262
147208001,1783507907.051,61.459,1.9180,2.0084,0.2820,2.7914,46.3,1.0052,1.0115,1.1293,0.8551,1.2680,1.2612,20.79,147208001,1326051688867,-1.000,21.207,nan,nan,nan,steady,2.0081,1.9866,0.2639,11.7535,14.4262
147228001,1783507907.085,61.493,1.9415,2.0021,0.2814,2.8031,45.9,1.0041,1.0105,1.1283,0.8513,1.2624,1.2556,24.58,147228001,1326051718993,-1.000,25.001,nan,nan,nan,steady,2.0340,1.9797,0.2624,11.7511,14.4262
147244001,1783507907.115,61.523,1.9650,1.9953,0.2806,2.8145,45.4,1.0037,1.0102,1.1282,0.8455,1.2539,1.2472,20.59,147244001,1326051753009,-1.000,21.081,nan,nan,nan,steady,2.0567,1.9697,0.2613,11.7575,14.4262
147268001,1783507907.147,61.554,1.9878,1.9877,0.2800,2.8250,45.0,1.0024,1.0091,1.1270,0.8410,1.2473,1.2407,21.14,147268001,1326051784049,-1.000,21.634,nan,nan,nan,steady,2.0768,1.9583,0.2608,11.7652,14.4262
147348001,1783507907.180,61.588,2.0103,1.9776,0.2792,2.8338,44.5,1.0023,1.0091,1.1272,0.8205,1.2169,1.2105,19.88,147348001,1326051818934,-1.000,20.376,nan,nan,nan,steady,2.1013,1.9360,0.2592,11.7833,14.2676
147368001,1783507907.211,61.618,2.0309,1.9665,0.2786,2.8407,44.1,1.0010,1.0080,1.1260,0.8165,1.2110,1.2046,20.96,147368001,1326051848151,-1.000,21.525,nan,nan,nan,steady,2.1138,1.9213,0.2586,11.7990,14.2676
147388001,1783507907.243,61.650,2.0497,1.9546,0.2779,2.8459,43.6,1.0015,1.0086,1.1267,0.8187,1.2144,1.2080,22.52,147388001,1326051878701,-1.000,22.947,nan,nan,nan,steady,2.1246,1.9056,0.2577,11.7971,14.3287
147404001,1783507907.274,61.681,2.0670,1.9420,0.2774,2.8497,43.2,0.9999,1.0071,1.1252,0.8184,1.2141,1.2077,21.58,147404001,1326051910761,-1.000,22.065,nan,nan,nan,steady,2.1355,1.8898,0.2575,11.8034,14.3287
147428001,1783507907.304,61.711,2.0831,1.9287,0.2769,2.8523,42.8,0.9995,1.0068,1.1249,0.8152,1.2095,1.2031,19.48,147428001,1326051942733,-1.000,19.909,nan,nan,nan,steady,2.1466,1.8737,0.2575,11.8115,14.3287
147448001,1783507907.331,61.739,2.0980,1.9151,0.2765,2.8540,42.4,0.9988,1.0063,1.1243,0.8125,1.2055,1.1992,17.94,147448001,1326051971501,-1.000,18.474,nan,nan,nan,steady,2.1574,1.8579,0.2571,11.8279,14.3287
147524001,1783507907.366,61.773,2.1141,1.8992,0.2763,2.8553,41.9,0.9991,1.0068,1.1249,0.8169,1.2121,1.2057,19.77,147524001,1326052004371,-1.000,20.198,nan,nan,nan,steady,2.1804,1.8301,0.2572,11.8588,14.3599
147548001,1783507907.386,61.794,2.1297,1.8831,0.2760,2.8562,41.5,1.0003,1.0081,1.1263,0.8150,1.2093,1.2030,11.21,147548001,1326052033434,-1.000,11.611,nan,nan,nan,steady,2.1932,1.8145,0.2562,11.8664,14.3599
147564001,1783507907.418,61.825,2.1447,1.8673,0.2756,2.8570,41.0,0.9995,1.0074,1.1254,0.8155,1.2101,1.2038,21.76,147564001,1326052054070,-1.000,22.453,nan,nan,nan,steady,2.2065,1.8001,0.2550,11.8845,14.3599
147584001,1783507907.447,61.854,2.1597,1.8519,0.2751,2.8583,40.6,0.9986,1.0066,1.1243,0.8143,1.2081,1.2019,19.84,147584001,1326052085464,-1.000,20.307,nan,nan,nan,steady,2.2218,1.7862,0.2542,11.8923,14.3751
147604001,1783507907.478,61.886,2.1744,1.8367,0.2746,2.8595,40.2,0.9999,1.0082,1.1259,0.8168,1.2119,1.2057,22.08,147604001,1326052114778,-1.000,22.504,nan,nan,nan,steady,2.2354,1.7715,0.2539,11.8998,14.3751
147624001,1783507907.508,61.915,2.1887,1.8215,0.2741,2.8607,39.8,0.9990,1.0074,1.1248,0.8159,1.2104,1.2043,19.63,147624001,1326052146390,-1.000,20.219,nan,nan,nan,steady,2.2481,1.7564,0.2530,11.9086,14.3751
147708001,1783507907.546,61.954,2.2047,1.8036,0.2732,2.8616,39.3,0.9976,1.0061,1.1231,0.8086,1.1997,1.1937,24.89,147708001,1326052179932,-1.000,25.348,nan,nan,nan,steady,2.2725,1.7251,0.2501,11.9263,14.4174
147728001,1783507907.576,61.983,2.2212,1.7860,0.2722,2.8632,38.8,0.9977,1.0064,1.1232,0.8243,1.2230,1.2169,19.77,147728001,1326052214196,-1.000,20.200,nan,nan,nan,steady,2.2916,1.7090,0.2485,11.9692,14.4174
147744001,1783507907.604,62.012,2.2379,1.7686,0.2711,2.8653,38.3,0.9975,1.0064,1.1230,0.8257,1.2252,1.2191,19.65,147744001,1326052243281,-1.000,20.066,nan,nan,nan,steady,2.3096,1.6916,0.2469,11.9778,14.4174
147764001,1783507907.636,62.043,2.2545,1.7511,0.2702,2.8674,37.8,0.9974,1.0064,1.1228,0.8318,1.2342,1.2281,21.98,147764001,1326052272174,-1.000,22.428,nan,nan,nan,steady,2.3262,1.6733,0.2462,11.9964,14.4174
147788001,1783507907.665,62.072,2.2713,1.7337,0.2692,2.8700,37.4,0.9975,1.0067,1.1228,0.8324,1.2351,1.2290,19.71,147788001,1326052303616,-1.000,20.192,nan,nan,nan,steady,2.3431,1.6560,0.2449,12.0053,14.4805
147808001,1783507907.694,62.102,2.2880,1.7163,0.2683,2.8728,36.9,0.9989,1.0082,1.1242,0.8391,1.2451,1.2390,19.78,147808001,1326052332712,-1.000,20.197,nan,nan,nan,steady,2.3602,1.6382,0.2444,12.0241,14.4805
147908001,1783507907.732,62.140,2.3068,1.6957,0.2672,2.8755,36.3,0.9991,1.0087,1.1243,0.8506,1.2620,1.2559,20.17,147908001,1326052370614,-1.000,20.701,nan,nan,nan,steady,2.3909,1.5998,0.2422,12.0889,14.4471
147928001,1783507907.761,62.169,2.3252,1.6751,0.2662,2.8781,35.8,1.0000,1.0097,1.1251,0.8605,1.2766,1.2705,19.74,147928001,1326052400189,-1.000,20.113,nan,nan,nan,steady,2.4070,1.5811,0.2416,12.1086,14.4471
147948001,1783507907.793,62.200,2.3424,1.6547,0.2651,2.8801,35.2,1.0004,1.0103,1.1254,0.8620,1.2788,1.2728,21.77,147948001,1326052429157,-1.000,22.203,nan,nan,nan,steady,2.4190,1.5615,0.2401,12.1177,14.4471
147964001,1783507907.822,62.230,2.3580,1.6346,0.2638,2.8813,34.7,1.0010,1.0110,1.1258,0.8730,1.2950,1.2890,20.23,147964001,1326052460372,-1.000,20.724,nan,nan,nan,steady,2.4280,1.5425,0.2376,12.1374,14.4471
147988001,1783507907.854,62.262,2.3724,1.6149,0.2623,2.8819,34.2,1.0000,1.0102,1.1245,0.8751,1.2980,1.2920,21.19,147988001,1326052491424,-1.000,21.757,nan,nan,nan,steady,2.4380,1.5243,0.2354,12.1466,14.4413
148004001,1783507907.894,62.301,2.3857,1.5956,0.2607,2.8820,33.8,1.0000,1.0103,1.1242,0.8854,1.3132,1.3071,29.80,148004001,1326052522132,-1.000,30.251,nan,nan,nan,steady,2.4472,1.5067,0.2331,12.1670,14.4413
148088001,1783507907.929,62.337,2.3997,1.5740,0.2590,2.8815,33.3,1.0010,1.0115,1.1250,0.8961,1.3290,1.3230,19.53,148088001,1326052568107,-1.000,20.042,nan,nan,nan,steady,2.4656,1.4715,0.2306,12.2265,14.4784
148108001,1783507907.960,62.368,2.4129,1.5528,0.2572,2.8809,32.8,1.0008,1.0114,1.1245,0.9025,1.3384,1.3324,21.88,148108001,1326052596988,-1.000,22.306,nan,nan,nan,steady,2.4753,1.4538,0.2291,12.2470,14.4784
148128001,1783507907.990,62.398,2.4255,1.5323,0.2554,2.8803,32.3,1.0009,1.0117,1.1245,0.9099,1.3494,1.3433,20.39,148128001,1326052628295,-1.000,20.998,nan,nan,nan,steady,2.4854,1.4360,0.2273,12.2668,14.4784
148144001,1783507908.021,62.428,2.4370,1.5120,0.2537,2.8791,31.8,1.0005,1.0115,1.1239,0.9129,1.3540,1.3480,20.85,148144001,1326052658167,-1.000,21.253,nan,nan,nan,steady,2.4928,1.4167,0.2257,12.2774,14.4784
148168001,1783507908.062,62.469,2.4474,1.4919,0.2519,2.8773,31.4,1.0004,1.0115,1.1237,0.9223,1.3680,1.3619,31.66,148168001,1326052688263,-1.000,32.148,nan,nan,nan,steady,2.4986,1.3966,0.2240,12.2982,14.4784
148188001,1783507908.092,62.500,2.4581,1.4720,0.2502,2.8760,30.9,0.9986,1.0098,1.1216,0.9134,1.3551,1.3490,21.52,148188001,1326052729358,-1.000,21.985,nan,nan,nan,steady,2.5104,1.3773,0.2229,12.3083,14.5548
148264001,1783507908.132,62.539,2.4699,1.4490,0.2485,2.8743,30.4,0.9997,1.0111,1.1229,0.9365,1.3896,1.3834,22.08,148264001,1326052767818,-1.000,22.635,nan,nan,nan,steady,2.5286,1.3371,0.2209,12.3824,14.5548
148284001,1783507908.164,62.571,2.4819,1.4264,0.2467,2.8732,29.9,0.9996,1.0112,1.1227,0.9287,1.3782,1.3721,22.05,148284001,1326052799477,-1.000,22.973,nan,nan,nan,steady,2.5408,1.3174,0.2191,12.4030,14.6466
148304001,1783507908.195,62.603,2.4943,1.4043,0.2450,2.8729,29.4,0.9982,1.0099,1.1212,0.9341,1.3866,1.3803,21.94,148304001,1326052831467,-1.000,22.447,nan,nan,nan,steady,2.5548,1.2979,0.2177,12.4145,14.6466
148328001,1783507908.226,62.633,2.5073,1.3826,0.2433,2.8735,28.9,0.9979,1.0097,1.1209,0.9456,1.4042,1.3978,21.24,148328001,1326052862979,-1.000,21.690,nan,nan,nan,steady,2.5703,1.2780,0.2159,12.4362,14.6466
148344001,1783507908.245,62.653,2.5204,1.3611,0.2414,2.8746,28.4,0.9969,1.0089,1.1199,0.9496,1.4104,1.4040,10.08,148344001,1326052893551,-1.000,10.576,nan,nan,nan,steady,2.5849,1.2569,0.2135,12.4472,14.6466
148368001,1783507908.277,62.685,2.5339,1.3395,0.2395,2.8762,27.9,0.9960,1.0081,1.1189,0.9588,1.4246,1.4181,21.88,148368001,1326052913726,-1.000,22.438,nan,nan,nan,steady,2.6000,1.2344,0.2119,12.4690,14.6523
148448001,1783507908.312,62.720,2.5484,1.3143,0.2375,2.8772,27.3,0.9962,1.0085,1.1193,0.9790,1.4551,1.4484,20.02,148448001,1326052950406,-1.000,20.453,nan,nan,nan,steady,2.6202,1.1888,0.2100,12.5371,14.6523
148468001,1783507908.346,62.753,2.5619,1.2889,0.2355,2.8775,26.7,0.9969,1.0094,1.1203,0.9879,1.4690,1.4621,24.15,148468001,1326052979771,-1.000,24.643,nan,nan,nan,steady,2.6289,1.1642,0.2080,12.5592,14.6523
148484001,1783507908.374,62.782,2.5755,1.2639,0.2336,2.8784,26.1,0.9969,1.0095,1.1205,0.9718,1.4456,1.4387,19.52,148484001,1326053013309,-1.000,19.998,nan,nan,nan,steady,2.6412,1.1418,0.2064,12.5819,14.8325
148504001,1783507908.405,62.813,2.5891,1.2397,0.2317,2.8799,25.6,0.9958,1.0086,1.1195,0.9777,1.4551,1.4481,21.26,148504001,1326053042168,-1.000,21.690,nan,nan,nan,steady,2.6546,1.1211,0.2047,12.5943,14.8325
148524001,1783507908.436,62.844,2.6022,1.2161,0.2299,2.8815,25.0,0.9953,1.0082,1.1193,0.9874,1.4702,1.4630,21.69,148524001,1326053072944,-1.000,22.197,nan,nan,nan,steady,2.6656,1.0999,0.2036,12.6174,14.8325
148548001,1783507908.465,62.872,2.6143,1.1930,0.2282,2.8827,24.5,0.9955,1.0086,1.1197,0.9954,1.4828,1.4755,19.38,148548001,1326053104034,-1.000,19.759,nan,nan,nan,steady,2.6736,1.0787,0.2025,12.6308,14.8325
148644001,1783507908.506,62.913,2.6264,1.1657,0.2264,2.8823,23.9,0.9959,1.0091,1.1204,1.0216,1.5223,1.5147,24.90,148644001,1326053139124,-1.000,25.322,nan,nan,nan,steady,2.6865,1.0280,0.2012,12.7176,14.8034
148664001,1783507908.535,62.942,2.6362,1.1393,0.2246,2.8806,23.4,0.9958,1.0092,1.1205,1.0248,1.5278,1.5200,19.65,148664001,1326053173315,-1.000,20.073,nan,nan,nan,steady,2.6863,1.0082,0.1994,12.7303,14.8034
148688001,1783507908.564,62.971,2.6442,1.1142,0.2228,2.8780,22.9,0.9957,1.0092,1.1207,1.0200,1.5212,1.5134,19.83,148688001,1326053202169,-1.000,20.245,nan,nan,nan,steady,2.6850,0.9901,0.1975,12.7548,14.8902
148708001,1783507908.592,63.000,2.6498,1.0906,0.2209,2.8740,22.4,0.9953,1.0089,1.1204,1.0231,1.5264,1.5184,19.22,148708001,1326053231466,-1.000,19.877,nan,nan,nan,steady,2.6804,0.9730,0.1947,12.7685,14.8902
148728001,1783507908.622,63.029,2.6539,1.0684,0.2189,2.8693,21.9,0.9942,1.0079,1.1193,1.0303,1.5379,1.5297,19.81,148728001,1326053260376,-1.000,20.218,nan,nan,nan,steady,2.6784,0.9576,0.1931,12.7933,14.8902
148744001,1783507908.655,63.063,2.6564,1.0474,0.2171,2.8637,21.5,0.9930,1.0069,1.1183,1.0329,1.5423,1.5340,22.95,148744001,1326053290562,-1.000,23.501,nan,nan,nan,steady,2.6740,0.9415,0.1919,12.8073,14.8902
148828001,1783507908.688,63.095,2.6575,1.0234,0.2155,2.8559,21.1,0.9923,1.0062,1.1177,1.0121,1.5119,1.5037,19.81,148828001,1326053326061,-1.000,20.616,nan,nan,nan,steady,2.6694,0.9005,0.1909,12.8224,14.8902
148848001,1783507908.717,63.124,2.6570,1.0002,0.2138,2.8470,20.6,0.9923,1.0063,1.1179,1.0448,1.5614,1.5528,19.71,148848001,1326053355582,-1.000,20.155,nan,nan,nan,steady,2.6615,0.8824,0.1895,12.8918,14.9546
148868001,1783507908.748,63.156,2.6560,0.9782,0.2123,2.8384,20.2,0.9902,1.0043,1.1158,1.0450,1.5623,1.5535,21.81,148868001,1326053384749,-1.000,22.260,nan,nan,nan,steady,2.6589,0.8661,0.1889,12.9065,14.9740
148884001,1783507908.777,63.185,2.6547,0.9574,0.2108,2.8300,19.8,0.9904,1.0046,1.1163,1.0523,1.5739,1.5650,19.87,148884001,1326053415967,-1.000,20.306,nan,nan,nan,steady,2.6567,0.8507,0.1876,12.9233,14.9740
148908001,1783507908.807,63.214,2.6534,0.9377,0.2095,2.8220,19.5,0.9893,1.0035,1.1154,1.0529,1.5756,1.5665,19.88,148908001,1326053445256,-1.000,20.375,nan,nan,nan,steady,2.6556,0.8358,0.1873,12.9371,14.9740
148928001,1783507908.838,63.246,2.6524,0.9187,0.2084,2.8148,19.1,0.9891,1.0034,1.1155,1.0612,1.5887,1.5794,22.18,148928001,1326053474550,-1.000,22.663,nan,nan,nan,steady,2.6564,0.8196,0.1875,12.9648,14.9740
148944001,1783507908.868,63.276,2.6511,0.9010,0.2072,2.8077,18.8,0.9882,1.0026,1.1148,1.0616,1.5900,1.5805,20.37,148944001,1326053506057,-1.000,20.796,nan,nan,nan,steady,2.6536,0.8077,0.1856,12.9781,14.9740
149028001,1783507908.903,63.311,2.6504,0.8820,0.2058,2.8008,18.4,0.9884,1.0028,1.1155,1.0764,1.6129,1.6032,25.79,149028001,1326053535721,-1.000,26.217,nan,nan,nan,steady,2.6559,0.7805,0.1839,13.0442,14.9816
149044001,1783507908.934,63.342,2.6496,0.8647,0.2046,2.7946,18.1,0.9862,1.0007,1.1137,1.0785,1.6171,1.6071,21.77,149044001,1326053570875,-1.000,22.381,nan,nan,nan,steady,2.6547,0.7726,0.1831,13.0610,14.9816
149064001,1783507908.966,63.373,2.6483,0.8486,0.2034,2.7884,17.8,0.9861,1.0006,1.1142,1.0807,1.6213,1.6111,22.08,149064001,1326053602062,-1.000,22.494,nan,nan,nan,steady,2.6513,0.7618,0.1827,13.0771,14.9816
149088001,1783507909.001,63.409,2.6470,0.8331,0.2026,2.7824,17.5,0.9839,0.9985,1.1126,1.0747,1.6134,1.6030,19.34,149088001,1326053640096,-1.000,19.860,nan,nan,nan,steady,2.6493,0.7490,0.1834,13.0949,15.0558
149108001,1783507909.030,63.438,2.6455,0.8181,0.2020,2.7765,17.2,0.9829,0.9976,1.1122,1.0761,1.6164,1.6058,19.61,149108001,1326053668986,-1.000,20.062,nan,nan,nan,steady,2.6470,0.7348,0.1839,13.1106,15.0558
149124001,1783507909.062,63.469,2.6439,0.8031,0.2015,2.7706,16.9,0.9809,0.9956,1.1107,1.0816,1.6258,1.6149,22.29,149124001,1326053697896,-1.000,22.739,nan,nan,nan,steady,2.6450,0.7203,0.1844,13.1287,15.0558
149204001,1783507909.075,63.482,2.6426,0.7852,0.2012,2.7641,16.5,0.9806,0.9954,1.1112,1.0923,1.6427,1.6316,2.53,149204001,1326053730718,-1.000,3.018,nan,nan,nan,steady,2.6451,0.6854,0.1850,13.1894,15.0911
149224001,1783507909.111,63.519,2.6406,0.7675,0.2010,2.7572,16.2,0.9810,0.9959,1.1123,1.0961,1.6492,1.6379,19.96,149224001,1326053749625,-1.000,20.464,nan,nan,nan,steady,2.6391,0.6707,0.1850,13.2065,15.0911
149248001,1783507909.143,63.551,2.6376,0.7505,0.2006,2.7497,15.9,0.9793,0.9942,1.1110,1.1000,1.6559,1.6443,21.71,149248001,1326053780048,-1.000,22.177,nan,nan,nan,steady,2.6319,0.6574,0.1843,13.2250,15.0911
149264001,1783507909.172,63.580,2.6336,0.7343,0.2000,2.7413,15.6,0.9787,0.9936,1.1110,1.1001,1.6569,1.6452,19.50,149264001,1326053811365,-1.000,19.985,nan,nan,nan,steady,2.6227,0.6451,0.1823,13.2319,15.0911
149284001,1783507909.205,63.612,2.6297,0.7190,0.1994,2.7335,15.3,0.9776,0.9926,1.1103,1.0922,1.6457,1.6339,23.22,149284001,1326053840161,-1.000,23.624,nan,nan,nan,steady,2.6200,0.6338,0.1817,13.2507,15.1866
149304001,1783507909.239,63.647,2.6265,0.7044,0.1990,2.7266,15.0,0.9772,0.9922,1.1104,1.0955,1.6514,1.6394,25.18,149304001,1326053872616,-1.000,25.589,nan,nan,nan,steady,2.6199,0.6225,0.1821,13.2683,15.1866
149384001,1783507909.270,63.677,2.6230,0.6870,0.1987,2.7187,14.7,0.9751,0.9902,1.1085,1.0726,1.6174,1.6055,19.76,149384001,1326053908344,-1.000,20.186,nan,nan,nan,steady,2.6146,0.5894,0.1821,13.2869,15.1866
149404001,1783507909.300,63.707,2.6182,0.6697,0.1982,2.7098,14.3,0.9750,0.9901,1.1087,1.1179,1.6863,1.6738,20.92,149404001,1326053937348,-1.000,21.350,nan,nan,nan,steady,2.6040,0.5742,0.1812,13.3419,15.1441
149428001,1783507909.331,63.738,2.6120,0.6525,0.1975,2.6995,14.0,0.9740,0.9892,1.1080,1.1182,1.6874,1.6748,20.26,149428001,1326053968845,-1.000,20.742,nan,nan,nan,steady,2.5913,0.5574,0.1802,13.3596,15.1441
149444001,1783507909.360,63.767,2.6046,0.6359,0.1967,2.6884,13.7,0.9734,0.9886,1.1076,1.1229,1.6952,1.6824,19.68,149444001,1326053998602,-1.000,20.091,nan,nan,nan,steady,2.5788,0.5441,0.1787,13.3695,15.1441
149468001,1783507909.394,63.801,2.5970,0.6200,0.1958,2.6772,13.4,0.9725,0.9877,1.1068,1.1149,1.6838,1.6709,24.63,149468001,1326054027495,-1.000,25.021,nan,nan,nan,steady,2.5700,0.5311,0.1770,13.3880,15.2374
149488001,1783507909.423,63.830,2.5895,0.6047,0.1947,2.6663,13.1,0.9718,0.9870,1.1063,1.1181,1.6893,1.6762,19.49,149488001,1326054061476,-1.000,19.957,nan,nan,nan,steady,2.5629,0.5184,0.1757,13.3982,15.2374
149608000,1783507909.459,63.866,2.5825,0.5860,0.1932,2.6552,12.8,0.9738,0.9892,1.1088,1.1344,1.7144,1.7010,20.07,149608000,1326054097134,-1.000,20.611,nan,nan,nan,steady,2.5586,0.4810,0.1719,13.4761,15.2495
149624000,1783507909.491,63.898,2.5747,0.5684,0.1915,2.6436,12.4,0.9745,0.9899,1.1097,1.1337,1.7140,1.7005,19.89,149624000,1326054128930,-1.000,20.427,nan,nan,nan,steady,2.5467,0.4707,0.1696,13.4926,15.2495
149644000,1783507909.523,63.931,2.5658,0.5519,0.1900,2.6314,12.1,0.9742,0.9896,1.1096,1.1369,1.7194,1.7058,23.12,149644000,1326054158650,-1.000,23.592,nan,nan,nan,steady,2.5326,0.4599,0.1698,13.5045,15.2495
149664000,1783507909.555,63.962,2.5550,0.5366,0.1889,2.6176,11.9,0.9745,0.9899,1.1101,1.1427,1.7289,1.7150,24.04,149664000,1326054189041,-1.000,24.617,nan,nan,nan,steady,2.5124,0.4503,0.1704,13.5191,15.2495
149688000,1783507909.588,63.996,2.5425,0.5226,0.1879,2.6025,11.6,0.9735,0.9890,1.1094,1.1323,1.7137,1.6998,21.58,149688000,1326054224856,-1.000,22.055,nan,nan,nan,steady,2.4922,0.4426,0.1701,13.5238,15.2820
149704000,1783507909.619,64.027,2.5296,0.5101,0.1871,2.5873,11.4,0.9725,0.9879,1.1085,1.1345,1.7176,1.7036,22.01,149704000,1326054255851,-1.000,22.442,nan,nan,nan,steady,2.4778,0.4368,0.1706,13.5361,15.2820
149788000,1783507909.651,64.058,2.5151,0.4965,0.1864,2.5704,11.2,0.9706,0.9860,1.1066,1.1178,1.6929,1.6790,19.57,149788000,1326054289487,-1.000,20.044,nan,nan,nan,steady,2.4571,0.4161,0.1697,13.5487,15.2216
149808000,1783507909.686,64.093,2.4992,0.4837,0.1858,2.5523,11.0,0.9699,0.9852,1.1061,1.1461,1.7364,1.7220,23.54,149808000,1326054320568,-1.000,23.966,nan,nan,nan,steady,2.4344,0.4080,0.1699,13.5870,15.2216
149828000,1783507909.715,64.122,2.4819,0.4719,0.1852,2.5332,10.8,0.9688,0.9841,1.1052,1.1484,1.7406,1.7260,19.70,149828000,1326054353540,-1.000,20.174,nan,nan,nan,steady,2.4112,0.4011,0.1700,13.6003,15.2216
149848000,1783507909.742,64.149,2.4641,0.4614,0.1846,2.5137,10.6,0.9690,0.9843,1.1058,1.1513,1.7455,1.7308,19.58,149848000,1326054380529,-1.000,20.072,nan,nan,nan,steady,2.3912,0.3966,0.1691,13.6138,15.2216
149868000,1783507909.775,64.183,2.4462,0.4521,0.1841,2.4944,10.5,0.9681,0.9833,1.1052,1.1474,1.7402,1.7254,21.77,149868000,1326054411689,-1.000,22.322,nan,nan,nan,steady,2.3732,0.3924,0.1688,13.6218,15.2216
149888000,1783507909.805,64.212,2.4293,0.4441,0.1836,2.4764,10.4,0.9669,0.9821,1.1043,1.1431,1.7344,1.7195,20.03,149888000,1326054442924,-1.000,20.529,nan,nan,nan,steady,2.3612,0.3901,0.1685,13.6355,15.2843
149904000,1783507909.833,64.240,2.4141,0.4374,0.1829,2.4602,10.3,0.9673,0.9824,1.1051,1.1448,1.7376,1.7226,21.03,149904000,1326054470125,-1.000,21.449,nan,nan,nan,steady,2.3537,0.3897,0.1674,13.6491,15.2843
149964000,1783507909.871,64.278,2.4008,0.4307,0.1823,2.4459,10.2,0.9663,0.9814,1.1045,1.1528,1.7503,1.7350,28.79,149964000,1326054500410,-1.000,29.219,nan,nan,nan,steady,2.3487,0.3818,0.1667,13.6791,15.2843
149988000,1783507909.902,64.309,2.3899,0.4255,0.1815,2.4343,10.1,0.9661,0.9811,1.1046,1.1471,1.7424,1.7270,21.32,149988000,1326054538689,-1.000,21.733,nan,nan,nan,steady,2.3487,0.3836,0.1659,13.6934,15.3406
150008000,1783507909.914,64.322,2.3819,0.4221,0.1806,2.4257,10.0,0.9659,0.9809,1.1049,1.1505,1.7481,1.7326,3.27,150008000,1326054569218,-1.000,3.662,nan,nan,nan,steady,2.3532,0.3891,0.1644,13.6987,15.3406
150024000,1783507909.954,64.361,2.3765,0.4202,0.1797,2.4201,10.0,0.9651,0.9800,1.1044,1.1437,1.7384,1.7227,22.46,150024000,1326054589573,-1.000,23.037,nan,nan,nan,steady,2.3595,0.3937,0.1634,13.7045,15.3406
150044000,1783507909.983,64.390,2.3735,0.4195,0.1788,2.4169,10.0,0.9641,0.9790,1.1037,1.1458,1.7422,1.7264,19.64,150044000,1326054621687,-1.000,20.101,nan,nan,nan,steady,2.3660,0.3982,0.1621,13.7196,15.3406
150144000,1783507910.030,64.437,2.3709,0.4174,0.1779,2.4139,10.0,0.9639,0.9787,1.1039,1.1491,1.7475,1.7316,21.99,150144000,1326054665893,-1.000,22.614,nan,nan,nan,steady,2.3647,0.3877,0.1619,13.7557,15.3406
150168000,1783507910.060,64.468,2.3681,0.4164,0.1772,2.4110,10.0,0.9650,0.9797,1.1055,1.1532,1.7543,1.7382,21.05,150168000,1326054697422,-1.000,21.533,nan,nan,nan,steady,2.3599,0.3928,0.1628,13.7589,15.2948
150184000,1783507910.089,64.496,2.3645,0.4167,0.1767,2.4074,10.0,0.9658,0.9804,1.1068,1.1530,1.7544,1.7382,19.40,150184000,1326054727826,-1.000,19.886,nan,nan,nan,steady,2.3521,0.3994,0.1630,13.7653,15.3062
150204000,1783507910.124,64.531,2.3596,0.4186,0.1760,2.4029,10.1,0.9640,0.9785,1.1051,1.1452,1.7429,1.7267,24.36,150204000,1326054757587,-1.000,24.785,nan,nan,nan,steady,2.3411,0.4087,0.1615,13.7718,15.3062
150224000,1783507910.155,64.563,2.3537,0.4217,0.1753,2.3976,10.2,0.9630,0.9774,1.1043,1.1419,1.7382,1.7220,21.38,150224000,1326054792307,-1.000,21.809,nan,nan,nan,steady,2.3307,0.4176,0.1603,13.7752,15.3062
150244000,1783507910.186,64.594,2.3466,0.4258,0.1746,2.3914,10.3,0.9640,0.9783,1.1058,1.1413,1.7375,1.7212,21.58,150244000,1326054822919,-1.000,22.011,nan,nan,nan,steady,2.3182,0.4255,0.1599,13.7883,15.3062
150264000,1783507910.213,64.621,2.3392,0.4313,0.1736,2.3850,10.4,0.9643,0.9785,1.1064,1.1631,1.7712,1.7545,19.82,150264000,1326054851785,-1.000,20.438,nan,nan,nan,steady,2.3093,0.4378,0.1580,13.8035,15.3062
150344000,1783507910.242,64.650,2.3324,0.4365,0.1729,2.3792,10.6,0.9634,0.9775,1.1056,1.1230,1.7104,1.6942,19.63,150344000,1326054881110,-1.000,20.079,nan,nan,nan,steady,2.3047,0.4397,0.1584,13.8077,15.4956
150368000,1783507910.274,64.682,2.3264,0.4424,0.1724,2.3744,10.8,0.9625,0.9765,1.1049,1.1217,1.7087,1.6924,22.62,150368000,1326054909937,-1.000,23.081,nan,nan,nan,steady,2.3022,0.4492,0.1587,13.8120,15.4956
150384000,1783507910.305,64.712,2.3196,0.4486,0.1720,2.3689,10.9,0.9598,0.9737,1.1020,1.1259,1.7153,1.6989,20.98,150384000,1326054942062,-1.000,21.413,nan,nan,nan,steady,2.2919,0.4568,0.1587,13.8188,15.3380
150408000,1783507910.333,64.741,2.3114,0.4547,0.1717,2.3620,11.1,0.9591,0.9728,1.1014,1.1256,1.7151,1.6986,19.28,150408000,1326054972374,-1.000,19.725,nan,nan,nan,steady,2.2772,0.4619,0.1586,13.8234,15.3380
150424000,1783507910.366,64.774,2.3017,0.4606,0.1715,2.3536,11.3,0.9580,0.9716,1.1005,1.1250,1.7146,1.6979,22.30,150424000,1326055002165,-1.000,22.832,nan,nan,nan,steady,2.2602,0.4661,0.1596,13.8280,15.3380
150448000,1783507910.396,64.803,2.2903,0.4660,0.1716,2.3435,11.5,0.9574,0.9709,1.1001,1.1202,1.7077,1.6910,19.70,150448000,1326055034250,-1.000,20.147,nan,nan,nan,steady,2.2415,0.4694,0.1604,13.8258,15.3380
150544000,1783507910.427,64.835,2.2778,0.4697,0.1718,2.3320,11.7,0.9586,0.9720,1.1018,1.1246,1.7147,1.6978,20.15,150544000,1326055065470,-1.000,20.575,nan,nan,nan,steady,2.2236,0.4642,0.1620,13.8366,15.3380
150564000,1783507910.458,64.866,2.2636,0.4733,0.1723,2.3190,11.8,0.9589,0.9721,1.1024,1.1245,1.7148,1.6978,21.15,150564000,1326055095284,-1.000,21.668,nan,nan,nan,steady,2.2027,0.4683,0.1633,13.8440,15.2897
150588000,1783507910.488,64.895,2.2484,0.4771,0.1727,2.3049,12.0,0.9588,0.9719,1.1025,1.1235,1.7136,1.6966,19.56,150588000,1326055125946,-1.000,20.431,nan,nan,nan,steady,2.1829,0.4733,0.1636,13.8457,15.2780
150604000,1783507910.521,64.928,2.2327,0.4810,0.1731,2.2905,12.2,0.9585,0.9715,1.1024,1.1246,1.7155,1.6984,24.05,150604000,1326055155321,-1.000,24.487,nan,nan,nan,steady,2.1653,0.4783,0.1642,13.8512,15.2780
150628000,1783507910.551,64.958,2.2167,0.4852,0.1736,2.2758,12.3,0.9583,0.9712,1.1022,1.1174,1.7048,1.6877,20.22,150628000,1326055188803,-1.000,20.714,nan,nan,nan,steady,2.1484,0.4836,0.1643,13.8457,15.2780
150648000,1783507910.583,64.991,2.2015,0.4896,0.1739,2.2620,12.5,0.9586,0.9715,1.1028,1.1189,1.7073,1.6901,23.31,150648000,1326055218382,-1.000,23.725,nan,nan,nan,steady,2.1373,0.4888,0.1642,13.8514,15.2780
150664000,1783507910.614,65.021,2.1887,0.4942,0.1742,2.2505,12.7,0.9598,0.9725,1.1043,1.1320,1.7276,1.7101,21.07,150664000,1326055250970,-1.000,21.730,nan,nan,nan,steady,2.1355,0.4948,0.1643,13.8539,15.2780
150728000,1783507910.646,65.053,2.1784,0.4986,0.1745,2.2416,12.9,0.9592,0.9718,1.1037,1.1138,1.6999,1.6826,21.40,150728000,1326055282790,-1.000,21.964,nan,nan,nan,steady,2.1368,0.4975,0.1651,13.8562,15.3325
150744000,1783507910.678,65.085,2.1703,0.5033,0.1749,2.2347,13.1,0.9598,0.9723,1.1045,1.1080,1.6912,1.6739,22.60,150744000,1326055313617,-1.000,23.008,nan,nan,nan,steady,2.1373,0.5034,0.1655,13.8508,15.3325
150768000,1783507910.708,65.115,2.1634,0.5081,0.1752,2.2291,13.2,0.9582,0.9706,1.1027,1.1074,1.6903,1.6730,20.29,150768000,1326055345704,-1.000,20.828,nan,nan,nan,steady,2.1349,0.5095,0.1653,13.8532,15.3117
150784000,1783507910.740,65.147,2.1575,0.5132,0.1753,2.2246,13.4,0.9595,0.9718,1.1041,1.1075,1.6904,1.6731,22.19,150784000,1326055375777,-1.000,22.796,nan,nan,nan,steady,2.1333,0.5157,0.1640,13.8556,15.3117
150804000,1783507910.760,65.167,2.1531,0.5183,0.1754,2.2215,13.5,0.9591,0.9713,1.1037,1.1049,1.6865,1.6692,9.89,150804000,1326055407848,-1.000,10.851,nan,nan,nan,steady,2.1350,0.5207,0.1642,13.8542,15.3117
150828000,1783507910.773,65.181,2.1495,0.5233,0.1755,2.2193,13.7,0.9597,0.9718,1.1042,1.1051,1.6868,1.6695,3.51,150828000,1326055428172,-1.000,4.173,nan,nan,nan,steady,2.1350,0.5250,0.1646,13.8568,15.3117
150928000,1783507910.814,65.221,2.1469,0.5272,0.1758,2.2177,13.8,0.9593,0.9713,1.1037,1.1022,1.6824,1.6650,20.45,150928000,1326055451527,-1.000,21.151,nan,nan,nan,steady,2.1360,0.5235,0.1656,13.8506,15.3303
150948000,1783507910.846,65.254,2.1447,0.5311,0.1764,2.2165,13.9,0.9609,0.9728,1.1054,1.1037,1.6845,1.6672,22.53,150948000,1326055481799,-1.000,23.149,nan,nan,nan,steady,2.1348,0.5276,0.1681,13.8535,15.3303
150968000,1783507910.876,65.283,2.1426,0.5350,0.1772,2.2155,14.0,0.9614,0.9732,1.1059,1.1027,1.6828,1.6654,20.07,150968000,1326055514116,-1.000,20.644,nan,nan,nan,steady,2.1325,0.5318,0.1702,13.8433,15.3352
150988000,1783507910.906,65.313,2.1402,0.5391,0.1782,2.2143,14.1,0.9618,0.9735,1.1063,1.0975,1.6746,1.6574,19.96,150988000,1326055543878,-1.000,20.584,nan,nan,nan,steady,2.1289,0.5366,0.1713,13.8473,15.3352
151008000,1783507910.937,65.344,2.1381,0.5434,0.1791,2.2133,14.3,0.9620,0.9737,1.1065,1.0992,1.6770,1.6597,21.19,151008000,1326055573621,-1.000,21.797,nan,nan,nan,steady,2.1274,0.5427,0.1716,13.8504,15.3352
151024000,1783507910.968,65.375,2.1358,0.5480,0.1799,2.2123,14.4,0.9630,0.9746,1.1074,1.0979,1.6747,1.6575,21.52,151024000,1326055604416,-1.000,22.119,nan,nan,nan,steady,2.1245,0.5483,0.1724,13.8403,15.3352
151108000,1783507911.005,65.412,2.1338,0.5519,0.1809,2.2114,14.5,0.9635,0.9750,1.1078,1.0962,1.6718,1.6547,22.00,151108000,1326055640950,-1.000,22.560,nan,nan,nan,steady,2.1236,0.5485,0.1737,13.8327,15.3352
151128000,1783507911.036,65.443,2.1314,0.5558,0.1818,2.2102,14.6,0.9635,0.9749,1.1075,1.0997,1.6766,1.6595,21.29,151128000,1326055672728,-1.000,21.921,nan,nan,nan,steady,2.1199,0.5527,0.1748,13.8319,15.2438
151148000,1783507911.066,65.473,2.1283,0.5598,0.1828,2.2082,14.7,0.9642,0.9755,1.1081,1.0997,1.6763,1.6592,19.96,151148000,1326055703823,-1.000,20.647,nan,nan,nan,steady,2.1130,0.5571,0.1760,13.8312,15.2438
151164000,1783507911.097,65.504,2.1244,0.5638,0.1838,2.2056,14.9,0.9646,0.9758,1.1085,1.0966,1.6712,1.6543,20.82,151164000,1326055733861,-1.000,21.700,nan,nan,nan,steady,2.1059,0.5614,0.1771,13.8263,15.2438
151184000,1783507911.128,65.536,2.1198,0.5680,0.1846,2.2024,15.0,0.9651,0.9762,1.1088,1.0939,1.6667,1.6499,21.76,151184000,1326055764768,-1.000,22.361,nan,nan,nan,steady,2.0980,0.5667,0.1767,13.8256,15.2727
151204000,1783507911.160,65.567,2.1156,0.5724,0.1855,2.1995,15.1,0.9650,0.9761,1.1086,1.0942,1.6667,1.6499,20.29,151204000,1326055797467,-1.000,20.938,nan,nan,nan,steady,2.0954,0.5716,0.1782,13.8159,15.2727
151228000,1783507911.190,65.597,2.1125,0.5771,0.1863,2.1979,15.3,0.9664,0.9774,1.1101,1.1087,1.6885,1.6716,21.46,151228000,1326055826447,-1.000,22.180,nan,nan,nan,steady,2.0980,0.5783,0.1786,13.8003,15.2727
151324000,1783507911.222,65.629,2.1104,0.5815,0.1872,2.1970,15.4,0.9665,0.9774,1.1099,1.0882,1.6569,1.6404,21.83,151324000,1326055857741,-1.000,22.682,nan,nan,nan,steady,2.0996,0.5808,0.1795,13.7956,15.2720
151344000,1783507911.251,65.659,2.1084,0.5862,0.1881,2.1965,15.5,0.9664,0.9772,1.1096,1.0840,1.6500,1.6335,19.76,151344000,1326055889540,-1.000,20.312,nan,nan,nan,steady,2.0980,0.5872,0.1805,13.7999,15.2720
151368000,1783507911.285,65.692,2.1069,0.5911,0.1890,2.1964,15.7,0.9664,0.9771,1.1095,1.0817,1.6462,1.6298,23.61,151368000,1326055919209,-1.000,24.270,nan,nan,nan,steady,2.0984,0.5924,0.1817,13.7861,15.2720
151384000,1783507911.316,65.723,2.1047,0.5960,0.1899,2.1957,15.8,0.9670,0.9776,1.1101,1.0866,1.6532,1.6368,21.59,151384000,1326055952522,-1.000,22.178,nan,nan,nan,steady,2.0928,0.5981,0.1825,13.7857,15.1779
151404000,1783507911.349,65.756,2.1014,0.6010,0.1909,2.1939,16.0,0.9670,0.9776,1.1101,1.0812,1.6446,1.6284,22.74,151404000,1326055983896,-1.000,23.471,nan,nan,nan,steady,2.0847,0.6029,0.1838,13.7767,15.1779
151428000,1783507911.379,65.786,2.0970,0.6060,0.1918,2.1912,16.1,0.9682,0.9786,1.1113,1.0830,1.6470,1.6309,19.54,151428000,1326056017695,-1.000,20.128,nan,nan,nan,steady,2.0753,0.6081,0.1839,13.7763,15.1779
151484000,1783507911.411,65.819,2.0915,0.6106,0.1926,2.1873,16.3,0.9680,0.9784,1.1109,1.0809,1.6434,1.6273,20.19,151484000,1326056049402,-1.000,20.860,nan,nan,nan,steady,2.0645,0.6106,0.1848,13.7623,15.1779
151508000,1783507911.444,65.852,2.0850,0.6150,0.1935,2.1824,16.4,0.9685,0.9788,1.1113,1.0803,1.6421,1.6261,22.67,151508000,1326056079463,-1.000,23.392,nan,nan,nan,steady,2.0538,0.6143,0.1855,13.7576,15.1722
151524000,1783507911.474,65.881,2.0779,0.6192,0.1944,2.1769,16.6,0.9691,0.9793,1.1117,1.0801,1.6413,1.6254,19.73,151524000,1326056112098,-1.000,20.563,nan,nan,nan,steady,2.0437,0.6177,0.1867,13.7530,15.1722
151548000,1783507911.504,65.912,2.0706,0.6230,0.1954,2.1711,16.7,0.9705,0.9806,1.1131,1.0803,1.6413,1.6254,20.66,151548000,1326056141680,-1.000,21.259,nan,nan,nan,steady,2.0361,0.6196,0.1882,13.7484,15.1722
151564000,1783507911.535,65.943,2.0636,0.6266,0.1964,2.1656,16.9,0.9704,0.9805,1.1128,1.0799,1.6403,1.6245,21.33,151564000,1326056172041,-1.000,21.884,nan,nan,nan,steady,2.0304,0.6219,0.1890,13.7438,15.1722
151588000,1783507911.566,65.973,2.0567,0.6299,0.1974,2.1600,17.0,0.9712,0.9811,1.1134,1.0787,1.6379,1.6222,21.28,151588000,1326056202977,-1.000,21.848,nan,nan,nan,steady,2.0240,0.6242,0.1903,13.7348,15.1258
151608000,1783507911.600,66.008,2.0502,0.6332,0.1985,2.1549,17.2,0.9707,0.9806,1.1126,1.0855,1.6479,1.6322,24.38,151608000,1326056233977,-1.000,24.927,nan,nan,nan,steady,2.0195,0.6279,0.1916,13.7121,15.1258
151688000,1783507911.619,66.026,2.0441,0.6362,0.1998,2.1501,17.3,0.9718,0.9816,1.1136,1.0779,1.6359,1.6204,9.37,151688000,1326056267878,-1.000,9.870,nan,nan,nan,steady,2.0149,0.6295,0.1940,13.7075,15.1476
151704000,1783507911.650,66.057,2.0387,0.6393,0.2013,2.1461,17.4,0.9712,0.9809,1.1127,1.0749,1.6308,1.6154,19.89,151704000,1326056288117,-1.000,20.374,nan,nan,nan,steady,2.0124,0.6328,0.1963,13.6985,15.1476
151728000,1783507911.680,66.087,2.0342,0.6423,0.2029,2.1428,17.5,0.9728,0.9825,1.1144,1.0759,1.6318,1.6165,20.47,151728000,1326056317524,-1.000,20.959,nan,nan,nan,steady,2.0117,0.6362,0.1981,13.6940,15.1476
151744000,1783507911.709,66.117,2.0306,0.6455,0.2045,2.1405,17.6,0.9729,0.9825,1.1142,1.0756,1.6309,1.6157,19.78,151744000,1326056347710,-1.000,20.327,nan,nan,nan,steady,2.0118,0.6403,0.1998,13.6895,15.1476
151764000,1783507911.738,66.146,2.0280,0.6490,0.2061,2.1393,17.7,0.9742,0.9838,1.1155,1.0736,1.6273,1.6122,19.87,151764000,1326056376934,-1.000,20.378,nan,nan,nan,steady,2.0138,0.6449,0.2009,13.6894,15.1548
151784000,1783507911.770,66.177,2.0269,0.6528,0.2075,2.1395,17.9,0.9737,0.9831,1.1145,1.0731,1.6259,1.6110,21.65,151784000,1326056406479,-1.000,22.211,nan,nan,nan,steady,2.0194,0.6504,0.2014,13.6849,15.1548
151884000,1783507911.802,66.210,2.0273,0.6565,0.2090,2.1412,17.9,0.9744,0.9838,1.1150,1.0722,1.6240,1.6092,19.69,151884000,1326056441013,-1.000,20.163,nan,nan,nan,steady,2.0260,0.6540,0.2031,13.6580,15.1548
151908000,1783507911.833,66.241,2.0285,0.6605,0.2105,2.1437,18.0,0.9755,0.9849,1.1159,1.0731,1.6246,1.6099,21.68,151908000,1326056470057,-1.000,22.179,nan,nan,nan,steady,2.0308,0.6592,0.2045,13.6491,15.0605
151928000,1783507911.865,66.273,2.0303,0.6649,0.2121,2.1469,18.1,0.9768,0.9860,1.1168,1.0749,1.6265,1.6119,22.13,151928000,1326056501261,-1.000,22.669,nan,nan,nan,steady,2.0356,0.6653,0.2066,13.6446,15.0605
151944000,1783507911.894,66.302,2.0326,0.6698,0.2136,2.1508,18.2,0.9762,0.9854,1.1156,1.0714,1.6204,1.6061,19.69,151944000,1326056532818,-1.000,20.129,nan,nan,nan,steady,2.0398,0.6723,0.2076,13.6446,15.0605
151964000,1783507911.923,66.331,2.0355,0.6753,0.2150,2.1554,18.4,0.9773,0.9865,1.1164,1.0694,1.6166,1.6024,19.78,151964000,1326056561888,-1.000,20.226,nan,nan,nan,steady,2.0453,0.6811,0.2083,13.6357,15.0605
151984000,1783507911.952,66.360,2.0383,0.6811,0.2165,2.1599,18.5,0.9793,0.9883,1.1180,1.0700,1.6166,1.6026,19.77,151984000,1326056591019,-1.000,20.207,nan,nan,nan,steady,2.0473,0.6882,0.2099,13.6267,14.9994
152004000,1783507911.986,66.393,2.0409,0.6873,0.2178,2.1645,18.6,0.9790,0.9880,1.1172,1.0708,1.6170,1.6032,23.77,152004000,1326056620022,-1.000,24.332,nan,nan,nan,steady,2.0493,0.6962,0.2107,13.6134,14.9994
152088000,1783507912.016,66.424,2.0420,0.6939,0.2191,2.1678,18.8,0.9800,0.9889,1.1177,1.0725,1.6186,1.6049,21.42,152088000,1326056653344,-1.000,21.826,nan,nan,nan,steady,2.0439,0.7043,0.2119,13.6134,14.9047
152104000,1783507912.049,66.456,2.0415,0.7012,0.2204,2.1697,19.0,0.9789,0.9878,1.1158,1.0699,1.6137,1.6003,23.17,152104000,1326056683973,-1.000,23.585,nan,nan,nan,steady,2.0357,0.7144,0.2127,13.6044,14.9047
152124000,1783507912.080,66.487,2.0396,0.7088,0.2216,2.1706,19.2,0.9807,0.9895,1.1171,1.0687,1.6109,1.5977,20.55,152124000,1326056717067,-1.000,21.606,nan,nan,nan,steady,2.0282,0.7242,0.2137,13.6044,14.9047
152144000,1783507912.109,66.516,2.0365,0.7171,0.2227,2.1706,19.4,0.9810,0.9897,1.1168,1.0666,1.6068,1.5938,19.34,152144000,1326056747614,-1.000,19.747,nan,nan,nan,steady,2.0201,0.7351,0.2142,13.5955,14.9047
152164000,1783507912.142,66.550,2.0327,0.7259,0.2237,2.1700,19.7,0.9820,0.9907,1.1172,1.0645,1.6027,1.5899,24.14,152164000,1326056776379,-1.000,24.615,nan,nan,nan,steady,2.0128,0.7462,0.2143,13.5866,14.9047
152188000,1783507912.173,66.581,2.0308,0.7353,0.2246,2.1715,19.9,0.9819,0.9905,1.1164,1.0596,1.5943,1.5817,21.84,152188000,1326056810047,-1.000,22.298,nan,nan,nan,steady,2.0182,0.7596,0.2148,13.5866,15.2085
152308000,1783507912.206,66.613,2.0305,0.7455,0.2255,2.1747,20.2,0.9817,0.9902,1.1154,1.0542,1.5853,1.5730,19.34,152308000,1326056844526,-1.000,19.877,nan,nan,nan,steady,2.0261,0.7729,0.2153,13.5642,15.0061
152328000,1783507912.240,66.647,2.0318,0.7563,0.2261,2.1797,20.4,0.9829,0.9912,1.1159,1.0516,1.5803,1.5682,21.91,152328000,1326056876213,-1.000,22.404,nan,nan,nan,steady,2.0345,0.7868,0.2148,13.5642,15.0061
152348000,1783507912.271,66.678,2.0344,0.7678,0.2267,2.1863,20.7,0.9840,0.9923,1.1164,1.0459,1.5707,1.5589,21.82,152348000,1326056907399,-1.000,22.260,nan,nan,nan,steady,2.0432,0.8009,0.2146,13.5597,15.0061
152368000,1783507912.300,66.708,2.0383,0.7800,0.2270,2.1942,20.9,0.9855,0.9937,1.1171,1.0437,1.5665,1.5549,22.22,152368000,1326056936305,-1.000,22.654,nan,nan,nan,steady,2.0521,0.8166,0.2137,13.5508,15.0061
152388000,1783507912.332,66.739,2.0424,0.7922,0.2273,2.2025,21.2,0.9857,0.9938,1.1165,1.0395,1.5592,1.5478,19.98,152388000,1326056970162,-1.000,20.397,nan,nan,nan,steady,2.0574,0.8286,0.2140,13.5463,14.9556
152408000,1783507912.360,66.768,2.0465,0.8043,0.2277,2.2106,21.5,0.9872,0.9953,1.1174,1.0383,1.5565,1.5454,19.55,152408000,1326056999333,-1.000,19.991,nan,nan,nan,steady,2.0606,0.8392,0.2145,13.5463,14.9556
152464000,1783507912.394,66.801,2.0501,0.8164,0.2279,2.2184,21.7,0.9879,0.9959,1.1175,1.0401,1.5584,1.5474,20.52,152464000,1326057031511,-1.000,21.035,nan,nan,nan,steady,2.0619,0.8517,0.2143,13.5373,14.9556
152488000,1783507912.423,66.830,2.0537,0.8284,0.2283,2.2262,22.0,0.9898,0.9978,1.1189,1.0360,1.5514,1.5406,19.50,152488000,1326057061511,-1.000,20.007,nan,nan,nan,steady,2.0649,0.8637,0.2150,13.5328,15.0302
152504000,1783507912.457,66.865,2.0573,0.8402,0.2290,2.2340,22.2,0.9908,0.9986,1.1193,1.0329,1.5459,1.5352,25.01,152504000,1326057090511,-1.000,25.497,nan,nan,nan,steady,2.0683,0.8741,0.2170,13.5194,15.0302
152528000,1783507912.469,66.877,2.0610,0.8519,0.2296,2.2419,22.5,0.9907,0.9985,1.1184,1.0311,1.5422,1.5317,2.53,152528000,1326057125101,-1.000,3.040,nan,nan,nan,steady,2.0722,0.8863,0.2174,13.5194,15.0302
152548000,1783507912.504,66.911,2.0649,0.8636,0.2303,2.2501,22.7,0.9938,1.0014,1.1211,1.0291,1.5383,1.5281,19.38,152548000,1326057142768,-1.000,19.910,nan,nan,nan,steady,2.0773,0.8977,0.2180,13.5149,15.0302
152564000,1783507912.536,66.944,2.0690,0.8750,0.2310,2.2583,22.9,0.9949,1.0026,1.1216,1.0256,1.5322,1.5222,20.68,152564000,1326057173861,-1.000,21.169,nan,nan,nan,steady,2.0820,0.9078,0.2185,13.5104,15.0302
152584000,1783507912.565,66.972,2.0738,0.8862,0.2316,2.2671,23.1,0.9959,1.0035,1.1219,1.0250,1.5303,1.5204,19.26,152584000,1326057203945,-1.000,19.743,nan,nan,nan,steady,2.0900,0.9182,0.2182,13.5104,15.0525
152688000,1783507912.597,67.005,2.0793,0.8973,0.2321,2.2765,23.3,0.9967,1.0042,1.1219,1.0215,1.5242,1.5146,21.00,152688000,1326057234709,-1.000,21.508,nan,nan,nan,steady,2.0985,0.9294,0.2181,13.4835,15.0698
152708000,1783507912.627,67.034,2.0856,0.9079,0.2326,2.2865,23.5,0.9977,1.0052,1.1223,1.0185,1.5188,1.5094,19.91,152708000,1326057265133,-1.000,20.386,nan,nan,nan,steady,2.1080,0.9371,0.2186,13.4790,15.0698
152724000,1783507912.654,67.061,2.0926,0.9178,0.2332,2.2969,23.7,0.9992,1.0066,1.1231,1.0186,1.5181,1.5088,19.74,152724000,1326057292278,-1.000,20.172,nan,nan,nan,steady,2.1179,0.9441,0.2197,13.4790,15.0698
152748000,1783507912.688,67.096,2.1003,0.9270,0.2339,2.3076,23.8,1.0012,1.0086,1.1247,1.0166,1.5142,1.5051,22.06,152748000,1326057324518,-1.000,22.501,nan,nan,nan,steady,2.1289,0.9500,0.2210,13.4746,15.0698
152768000,1783507912.717,67.125,2.1087,0.9359,0.2346,2.3190,23.9,1.0007,1.0080,1.1234,1.0133,1.5086,1.4997,19.57,152768000,1326057355904,-1.000,20.024,nan,nan,nan,steady,2.1409,0.9581,0.2208,13.4701,15.0698
152784000,1783507912.745,67.152,2.1170,0.9446,0.2351,2.3301,24.0,1.0020,1.0092,1.1241,1.0138,1.5085,1.4997,20.28,152784000,1326057382697,-1.000,20.698,nan,nan,nan,steady,2.1488,0.9662,0.2210,13.4656,14.9545
152868000,1783507912.777,67.185,2.1245,0.9535,0.2356,2.3405,24.2,1.0029,1.0101,1.1245,1.0179,1.5137,1.5051,19.72,152868000,1326057415647,-1.000,20.329,nan,nan,nan,steady,2.1530,0.9761,0.2209,13.4612,14.9545
152884000,1783507912.806,67.214,2.1303,0.9623,0.2359,2.3495,24.3,1.0028,1.0099,1.1237,1.0094,1.5003,1.4919,19.91,152884000,1326057444748,-1.000,20.319,nan,nan,nan,steady,2.1521,0.9841,0.2205,13.4435,14.8752
152908000,1783507912.835,67.243,2.1346,0.9712,0.2361,2.3570,24.5,1.0048,1.0119,1.1252,1.0077,1.4971,1.4889,22.04,152908000,1326057471736,-1.000,22.515,nan,nan,nan,steady,2.1498,0.9933,0.2198,13.4391,14.8752
152924000,1783507912.868,67.275,2.1375,0.9799,0.2363,2.3632,24.6,1.0048,1.0119,1.1246,1.0084,1.4974,1.4893,20.80,152924000,1326057505485,-1.000,21.263,nan,nan,nan,steady,2.1462,1.0019,0.2200,13.4391,14.8752
152948000,1783507912.897,67.304,2.1388,0.9883,0.2367,2.3679,24.8,1.0062,1.0132,1.1255,1.0047,1.4911,1.4831,19.59,152948000,1326057535527,-1.000,20.045,nan,nan,nan,steady,2.1410,1.0080,0.2213,13.4303,14.8752
152968000,1783507912.927,67.335,2.1389,0.9964,0.2371,2.3714,25.0,1.0064,1.0133,1.1252,1.0031,1.4881,1.4803,21.59,152968000,1326057563403,-1.000,22.682,nan,nan,nan,steady,2.1359,1.0153,0.2224,13.4259,14.8752
153068000,1783507912.968,67.375,2.1395,1.0047,0.2376,2.3756,25.2,1.0075,1.0144,1.1260,0.9968,1.4782,1.4705,20.21,153068000,1326057606154,-1.000,20.657,nan,nan,nan,steady,2.1379,1.0257,0.2228,13.3996,15.0286
153084000,1783507913.003,67.411,2.1410,1.0130,0.2381,2.3805,25.3,1.0086,1.0155,1.1267,0.9945,1.4743,1.4667,21.46,153084000,1326057640220,-1.000,22.019,nan,nan,nan,steady,2.1440,1.0341,0.2228,13.3952,14.9947
153104000,1783507913.035,67.442,2.1438,1.0214,0.2384,2.3867,25.5,1.0081,1.0149,1.1257,0.9919,1.4699,1.4624,19.67,153104000,1326057673321,-1.000,20.167,nan,nan,nan,steady,2.1526,1.0430,0.2222,13.3909,14.9947
153128000,1783507913.067,67.474,2.1481,1.0300,0.2385,2.3942,25.6,1.0085,1.0153,1.1256,0.9891,1.4652,1.4579,22.76,153128000,1326057702416,-1.000,23.216,nan,nan,nan,steady,2.1632,1.0527,0.2210,13.3956,14.9947
153148000,1783507913.096,67.503,2.1538,1.0387,0.2384,2.4030,25.7,1.0099,1.0167,1.1267,0.9846,1.4581,1.4509,21.68,153148000,1326057732272,-1.000,22.114,nan,nan,nan,steady,2.1757,1.0617,0.2204,13.3869,14.9947
153164000,1783507913.129,67.536,2.1606,1.0473,0.2383,2.4128,25.9,1.0097,1.0164,1.1260,0.9820,1.4538,1.4467,21.60,153164000,1326057765360,-1.000,22.022,nan,nan,nan,steady,2.1871,1.0704,0.2200,13.3826,14.9947
153248000,1783507913.159,67.566,2.1678,1.0562,0.2382,2.4232,26.0,1.0108,1.0175,1.1268,0.9742,1.4418,1.4348,20.59,153248000,1326057796516,-1.000,21.105,nan,nan,nan,steady,2.1960,1.0802,0.2198,13.3615,14.9802
153268000,1783507913.188,67.595,2.1743,1.0649,0.2379,2.4328,26.1,1.0120,1.0187,1.1277,0.9760,1.4440,1.4371,19.36,153268000,1326057826654,-1.000,19.745,nan,nan,nan,steady,2.1999,1.0885,0.2186,13.3573,14.8489
153288000,1783507913.217,67.625,2.1794,1.0735,0.2375,2.4410,26.2,1.0120,1.0186,1.1272,0.9727,1.4387,1.4319,20.47,153288000,1326057855238,-1.000,20.973,nan,nan,nan,steady,2.1990,1.0956,0.2177,13.3487,14.8489
153304000,1783507913.246,67.654,2.1830,1.0816,0.2371,2.4478,26.4,1.0122,1.0188,1.1271,0.9735,1.4395,1.4328,19.51,153304000,1326057885194,-1.000,20.007,nan,nan,nan,steady,2.1956,1.1020,0.2172,13.3445,14.8489
153328000,1783507913.275,67.683,2.1849,1.0892,0.2369,2.4528,26.5,1.0125,1.0190,1.1271,0.9729,1.4385,1.4318,19.44,153328000,1326057914029,-1.000,19.828,nan,nan,nan,steady,2.1902,1.1071,0.2180,13.3402,14.8489
153344000,1783507913.307,67.714,2.1854,1.0968,0.2366,2.4566,26.7,1.0130,1.0195,1.1273,0.9691,1.4325,1.4259,22.45,153344000,1326057942750,-1.000,22.881,nan,nan,nan,steady,2.1850,1.1149,0.2175,13.3408,14.8489
153368000,1783507913.322,67.729,2.1848,1.1036,0.2368,2.4591,26.8,1.0143,1.0208,1.1286,0.9590,1.4174,1.4109,5.58,153368000,1326057974634,-1.000,6.157,nan,nan,nan,steady,2.1785,1.1183,0.2194,13.3156,14.9013
153448000,1783507913.356,67.764,2.1835,1.1103,0.2373,2.4610,27.0,1.0139,1.0203,1.1281,0.9691,1.4321,1.4255,19.98,153448000,1326057994693,-1.000,20.530,nan,nan,nan,steady,2.1746,1.1253,0.2213,13.3205,14.9013
153468000,1783507913.387,67.795,2.1829,1.1167,0.2380,2.4635,27.1,1.0142,1.0206,1.1283,0.9678,1.4301,1.4235,21.49,153468000,1326058024229,-1.000,22.035,nan,nan,nan,steady,2.1765,1.1308,0.2232,13.3122,15.0381
153484000,1783507913.416,67.823,2.1837,1.1230,0.2389,2.4671,27.2,1.0153,1.0217,1.1295,0.9666,1.4280,1.4215,18.53,153484000,1326058055346,-1.000,19.040,nan,nan,nan,steady,2.1826,1.1373,0.2251,13.3039,15.0381
153508000,1783507913.445,67.852,2.1860,1.1295,0.2400,2.4723,27.3,1.0150,1.0213,1.1289,0.9651,1.4256,1.4191,19.54,153508000,1326058083403,-1.000,19.956,nan,nan,nan,steady,2.1926,1.1446,0.2266,13.2997,15.0381
153524000,1783507913.476,67.884,2.1903,1.1365,0.2409,2.4794,27.4,1.0144,1.0207,1.1281,0.9596,1.4169,1.4106,22.15,153524000,1326058112368,-1.000,22.624,nan,nan,nan,steady,2.2053,1.1549,0.2262,13.3005,15.0381
153548000,1783507913.505,67.913,2.1963,1.1439,0.2418,2.4881,27.5,1.0146,1.0209,1.1279,0.9554,1.4104,1.4042,19.56,153548000,1326058144045,-1.000,19.995,nan,nan,nan,steady,2.2184,1.1638,0.2266,13.2923,15.0381
153624000,1783507913.539,67.946,2.2030,1.1524,0.2426,2.4980,27.6,1.0161,1.0223,1.1293,0.9550,1.4094,1.4032,22.20,153624000,1326058175054,-1.000,22.658,nan,nan,nan,steady,2.2297,1.1776,0.2269,13.2809,14.9456
153644000,1783507913.570,67.978,2.2104,1.1613,0.2432,2.5087,27.7,1.0152,1.0214,1.1281,0.9534,1.4065,1.4005,19.53,153644000,1326058208855,-1.000,20.016,nan,nan,nan,steady,2.2396,1.1884,0.2268,13.2768,14.9456
153668000,1783507913.599,68.006,2.2180,1.1709,0.2438,2.5199,27.8,1.0160,1.0222,1.1286,0.9502,1.4014,1.3955,19.45,153668000,1326058237653,-1.000,19.816,nan,nan,nan,steady,2.2482,1.2006,0.2269,13.2778,14.9456
153684000,1783507913.629,68.037,2.2258,1.1810,0.2443,2.5316,28.0,1.0174,1.0236,1.1297,0.9460,1.3945,1.3887,23.82,153684000,1326058264086,-1.000,24.212,nan,nan,nan,steady,2.2566,1.2138,0.2267,13.2656,14.9807
153704000,1783507913.660,68.068,2.2339,1.1918,0.2447,2.5438,28.1,1.0162,1.0223,1.1278,0.9442,1.3912,1.3855,19.46,153704000,1326058299459,-1.000,19.888,nan,nan,nan,steady,2.2658,1.2278,0.2263,13.2616,14.9807
153724000,1783507913.691,68.099,2.2420,1.2032,0.2450,2.5562,28.2,1.0171,1.0232,1.1283,0.9400,1.3844,1.3789,21.19,153724000,1326058328292,-1.000,21.640,nan,nan,nan,steady,2.2735,1.2420,0.2256,13.2627,14.9807
153804000,1783507913.722,68.129,2.2498,1.2165,0.2449,2.5693,28.4,1.0179,1.0240,1.1285,0.9478,1.3950,1.3896,19.91,153804000,1326058359983,-1.000,20.373,nan,nan,nan,steady,2.2812,1.2645,0.2240,13.2546,14.9091
153824000,1783507913.753,68.160,2.2570,1.2303,0.2448,2.5822,28.6,1.0182,1.0242,1.1281,0.9336,1.3733,1.3682,19.38,153824000,1326058391576,-1.000,20.196,nan,nan,nan,steady,2.2861,1.2802,0.2236,13.2451,14.9091
153844000,1783507913.785,68.192,2.2636,1.2445,0.2446,2.5947,28.8,1.0198,1.0257,1.1291,0.9309,1.3685,1.3636,22.12,153844000,1326058420842,-1.000,22.576,nan,nan,nan,steady,2.2901,1.2961,0.2228,13.2464,14.9091
153868000,1783507913.813,68.221,2.2693,1.2588,0.2444,2.6066,29.0,1.0206,1.0265,1.1293,0.9283,1.3639,1.3591,21.44,153868000,1326058450259,-1.000,21.962,nan,nan,nan,steady,2.2924,1.3111,0.2222,13.2385,14.9091
153884000,1783507913.847,68.254,2.2730,1.2732,0.2440,2.6167,29.3,1.0214,1.0273,1.1294,0.9339,1.3714,1.3667,21.54,153884000,1326058483492,-1.000,21.974,nan,nan,nan,steady,2.2879,1.3251,0.2210,13.2438,14.7898
153908000,1783507913.878,68.286,2.2744,1.2873,0.2436,2.6247,29.5,1.0222,1.0281,1.1296,0.9321,1.3679,1.3633,22.16,153908000,1326058514522,-1.000,22.659,nan,nan,nan,steady,2.2796,1.3379,0.2209,13.2359,14.7898
153924000,1783507913.905,68.312,2.2733,1.3005,0.2434,2.6303,29.8,1.0230,1.0288,1.1299,0.9268,1.3594,1.3550,19.47,153924000,1326058543875,-1.000,19.936,nan,nan,nan,steady,2.2675,1.3472,0.2217,13.2334,14.7898
153984000,1783507913.936,68.344,2.2710,1.3132,0.2434,2.6347,30.0,1.0244,1.0302,1.1310,0.9190,1.3474,1.3432,21.14,153984000,1326058573719,-1.000,21.548,nan,nan,nan,steady,2.2580,1.3586,0.2223,13.2248,15.0113
154008000,1783507913.968,68.376,2.2686,1.3250,0.2435,2.6385,30.3,1.0257,1.0314,1.1320,0.9182,1.3459,1.3417,22.15,154008000,1326058604217,-1.000,22.641,nan,nan,nan,steady,2.2548,1.3664,0.2228,13.2171,15.0113
154028000,1783507913.997,68.405,2.2666,1.3360,0.2436,2.6423,30.5,1.0274,1.0331,1.1335,0.9178,1.3449,1.3408,19.78,154028000,1326058635714,-1.000,20.409,nan,nan,nan,steady,2.2546,1.3743,0.2225,13.2187,15.0113
154044000,1783507914.028,68.436,2.2654,1.3461,0.2436,2.6464,30.7,1.0281,1.0338,1.1339,0.9163,1.3424,1.3383,21.81,154044000,1326058665013,-1.000,22.202,nan,nan,nan,steady,2.2578,1.3808,0.2214,13.2111,15.0113
154064000,1783507914.068,68.475,2.2644,1.3553,0.2434,2.6502,30.9,1.0292,1.0348,1.1347,0.9132,1.3375,1.3335,20.21,154064000,1326058705983,-1.000,20.707,nan,nan,nan,steady,2.2584,1.3857,0.2207,13.2128,14.9176
154088000,1783507914.099,68.506,2.2636,1.3628,0.2432,2.6533,31.1,1.0315,1.0371,1.1370,0.9007,1.3190,1.3151,21.72,154088000,1326058735611,-1.000,22.133,nan,nan,nan,steady,2.2576,1.3864,0.2204,13.1938,14.9986
154188000,1783507914.131,68.538,2.2623,1.3697,0.2432,2.6558,31.2,1.0316,1.0372,1.1368,0.9145,1.3391,1.3352,21.41,154188000,1326058767752,-1.000,21.917,nan,nan,nan,steady,2.2539,1.3909,0.2213,13.1957,14.9986
154204000,1783507914.152,68.560,2.2613,1.3755,0.2432,2.6579,31.3,1.0320,1.0376,1.1371,0.9120,1.3354,1.3314,12.06,154204000,1326058798466,-1.000,12.468,nan,nan,nan,steady,2.2544,1.3913,0.2215,13.1939,14.9986
154228000,1783507914.181,68.589,2.2610,1.3802,0.2433,2.6601,31.4,1.0312,1.0367,1.1360,0.9133,1.3372,1.3333,19.60,154228000,1326058819986,-1.000,20.319,nan,nan,nan,steady,2.2570,1.3916,0.2220,13.1903,14.9986
154248000,1783507914.212,68.620,2.2612,1.3843,0.2435,2.6624,31.5,1.0306,1.0361,1.1353,0.9133,1.3371,1.3332,20.82,154248000,1326058849441,-1.000,21.494,nan,nan,nan,steady,2.2598,1.3930,0.2226,13.1887,14.9986
154264000,1783507914.242,68.650,2.2613,1.3878,0.2438,2.6644,31.5,1.0312,1.0367,1.1358,0.9120,1.3351,1.3312,19.70,154264000,1326058880090,-1.000,21.072,nan,nan,nan,steady,2.2607,1.3946,0.2231,13.1814,14.8993
154284000,1783507914.275,68.683,2.2612,1.3911,0.2442,2.6660,31.6,1.0300,1.0355,1.1342,0.9114,1.3341,1.3302,23.60,154284000,1326058910031,-1.000,24.037,nan,nan,nan,steady,2.2596,1.3968,0.2237,13.1835,14.8993
154368000,1783507914.308,68.715,2.2612,1.3952,0.2445,2.6683,31.7,1.0299,1.0354,1.1340,0.9074,1.3281,1.3243,21.10,154368000,1326058945166,-1.000,21.569,nan,nan,nan,steady,2.2595,1.4059,0.2238,13.1698,15.0020
154384000,1783507914.337,68.744,2.2622,1.3996,0.2448,2.6713,31.7,1.0304,1.0359,1.1344,0.9065,1.3267,1.3229,19.54,154384000,1326058975657,-1.000,19.984,nan,nan,nan,steady,2.2643,1.4116,0.2239,13.1720,15.0020
154408000,1783507914.368,68.775,2.2640,1.4042,0.2452,2.6753,31.8,1.0296,1.0351,1.1333,0.9063,1.3263,1.3225,21.83,154408000,1326059004477,-1.000,22.331,nan,nan,nan,steady,2.2701,1.4173,0.2245,13.1650,15.0020
154428000,1783507914.399,68.807,2.2666,1.4091,0.2456,2.6802,31.9,1.0295,1.0350,1.1330,0.9043,1.3232,1.3194,21.13,154428000,1326059036687,-1.000,21.602,nan,nan,nan,steady,2.2761,1.4241,0.2249,13.1673,15.0020
154444000,1783507914.434,68.841,2.2698,1.4148,0.2459,2.6859,31.9,1.0297,1.0352,1.1330,0.9015,1.3188,1.3151,24.81,154444000,1326059067225,-1.000,25.391,nan,nan,nan,steady,2.2819,1.4339,0.2249,13.1662,15.0020
154468000,1783507914.466,68.873,2.2733,1.4212,0.2462,2.6923,32.0,1.0289,1.0343,1.1318,0.8995,1.3157,1.3120,22.20,154468000,1326059101654,-1.000,22.891,nan,nan,nan,steady,2.2870,1.4435,0.2246,13.1592,14.9742
154584000,1783507914.498,68.905,2.2764,1.4296,0.2465,2.6993,32.1,1.0300,1.0354,1.1329,0.9035,1.3213,1.3177,19.62,154584000,1326059136718,-1.000,20.010,nan,nan,nan,steady,2.2871,1.4615,0.2254,13.1497,15.0382
154608000,1783507914.534,68.942,2.2800,1.4386,0.2468,2.7072,32.3,1.0296,1.0350,1.1323,0.9015,1.3182,1.3146,23.65,154608000,1326059168781,-1.000,24.073,nan,nan,nan,steady,2.2933,1.4735,0.2253,13.1523,15.0382
154628000,1783507914.563,68.971,2.2843,1.4484,0.2470,2.7161,32.4,1.0293,1.0347,1.1319,0.9003,1.3161,1.3126,19.63,154628000,1326059201835,-1.000,20.064,nan,nan,nan,steady,2.3012,1.4862,0.2249,13.1456,15.0382
154648000,1783507914.591,68.998,2.2892,1.4586,0.2473,2.7256,32.5,1.0296,1.0350,1.1319,0.9013,1.3172,1.3138,20.52,154648000,1326059228658,-1.000,20.964,nan,nan,nan,steady,2.3081,1.4984,0.2253,13.1450,15.0382
154668000,1783507914.624,69.032,2.2942,1.4695,0.2476,2.7357,32.6,1.0297,1.0350,1.1317,0.9024,1.3185,1.3151,21.61,154668000,1326059261230,-1.000,22.115,nan,nan,nan,steady,2.3142,1.5126,0.2249,13.1416,15.0382
154688000,1783507914.653,69.060,2.2991,1.4806,0.2478,2.7458,32.8,1.0313,1.0367,1.1332,0.9003,1.3149,1.3116,19.00,154688000,1326059292290,-1.000,19.447,nan,nan,nan,steady,2.3187,1.5243,0.2254,13.1411,14.9918
154748000,1783507914.690,69.098,2.3032,1.4923,0.2480,2.7556,32.9,1.0312,1.0366,1.1327,0.8997,1.3136,1.3104,22.47,154748000,1326059326191,-1.000,22.937,nan,nan,nan,steady,2.3196,1.5395,0.2247,13.1370,14.9918
154768000,1783507914.721,69.129,2.3066,1.5042,0.2479,2.7649,33.1,1.0318,1.0372,1.1329,0.8999,1.3133,1.3102,21.37,154768000,1326059358158,-1.000,21.819,nan,nan,nan,steady,2.3200,1.5521,0.2231,13.1273,14.9918
154784000,1783507914.752,69.160,2.3094,1.5157,0.2477,2.7735,33.3,1.0317,1.0371,1.1322,0.9013,1.3149,1.3119,21.68,154784000,1326059388903,-1.000,22.111,nan,nan,nan,steady,2.3201,1.5616,0.2226,13.1335,15.0154
154808000,1783507914.783,69.191,2.3119,1.5267,0.2476,2.7815,33.4,1.0340,1.0394,1.1342,0.9023,1.3157,1.3128,21.72,154808000,1326059419954,-1.000,22.213,nan,nan,nan,steady,2.3211,1.5707,0.2225,13.1238,15.0154
154828000,1783507914.810,69.217,2.3136,1.5369,0.2476,2.7886,33.6,1.0345,1.0398,1.1341,0.9018,1.3145,1.3117,19.29,154828000,1326059448824,-1.000,19.728,nan,nan,nan,steady,2.3195,1.5773,0.2232,13.1237,15.0154
154848000,1783507914.843,69.251,2.3149,1.5467,0.2474,2.7950,33.7,1.0356,1.0409,1.1348,0.9006,1.3122,1.3095,21.78,154848000,1326059479757,-1.000,22.177,nan,nan,nan,steady,2.3190,1.5857,0.2224,13.1205,15.0154
154948000,1783507914.875,69.282,2.3148,1.5579,0.2474,2.8012,33.9,1.0344,1.0397,1.1330,0.9099,1.3251,1.3225,19.72,154948000,1326059513076,-1.000,20.277,nan,nan,nan,steady,2.3136,1.6031,0.2233,13.1205,14.9572
154964000,1783507914.907,69.315,2.3140,1.5689,0.2473,2.8067,34.1,1.0360,1.0413,1.1342,0.8955,1.3037,1.3013,21.30,154964000,1326059544389,-1.000,21.783,nan,nan,nan,steady,2.3104,1.6144,0.2223,13.1085,14.9572
154988000,1783507914.939,69.347,2.3132,1.5794,0.2471,2.8118,34.3,1.0367,1.0420,1.1345,0.8988,1.3079,1.3056,22.08,154988000,1326059575325,-1.000,22.633,nan,nan,nan,steady,2.3086,1.6225,0.2218,13.1150,15.0476
155004000,1783507914.966,69.373,2.3127,1.5894,0.2468,2.8170,34.5,1.0384,1.0437,1.1358,0.9001,1.3094,1.3071,19.47,155004000,1326059604662,-1.000,19.868,nan,nan,nan,steady,2.3094,1.6307,0.2208,13.1059,15.0476
155028000,1783507914.997,69.404,2.3125,1.5987,0.2463,2.8222,34.7,1.0389,1.0442,1.1360,0.9014,1.3110,1.3088,19.34,155028000,1326059635584,-1.000,19.852,nan,nan,nan,steady,2.3112,1.6371,0.2197,13.1093,15.0476
155044000,1783507915.027,69.435,2.3128,1.6074,0.2457,2.8272,34.8,1.0396,1.0449,1.1363,0.8991,1.3073,1.3051,20.80,155044000,1326059664457,-1.000,21.547,nan,nan,nan,steady,2.3133,1.6430,0.2178,13.1128,15.0476
155068000,1783507915.058,69.465,2.3136,1.6153,0.2449,2.8323,34.9,1.0419,1.0471,1.1384,0.9010,1.3098,1.3077,23.21,155068000,1326059692816,-1.000,23.672,nan,nan,nan,steady,2.3167,1.6476,0.2168,13.1039,15.0476
155148000,1783507915.088,69.496,2.3138,1.6229,0.2442,2.8367,35.0,1.0414,1.0467,1.1376,0.9020,1.3111,1.3090,20.16,155148000,1326059726632,-1.000,20.661,nan,nan,nan,steady,2.3131,1.6545,0.2162,13.0965,15.0472
155168000,1783507915.119,69.527,2.3137,1.6296,0.2434,2.8405,35.2,1.0426,1.0479,1.1386,0.9000,1.3080,1.3060,21.58,155168000,1326059756139,-1.000,22.028,nan,nan,nan,steady,2.3127,1.6571,0.2154,13.0973,15.0472
155184000,1783507915.147,69.554,2.3122,1.6351,0.2427,2.8423,35.3,1.0444,1.0497,1.1402,0.9041,1.3139,1.3119,20.11,155184000,1326059784849,-1.000,20.515,nan,nan,nan,steady,2.3066,1.6565,0.2154,13.0983,14.8824
155204000,1783507915.180,69.587,2.3086,1.6392,0.2422,2.8417,35.4,1.0431,1.0484,1.1386,0.9038,1.3135,1.3114,20.08,155204000,1326059817743,-1.000,20.891,nan,nan,nan,steady,2.2945,1.6540,0.2161,13.0954,14.8824
155228000,1783507915.208,69.616,2.3029,1.6420,0.2419,2.8387,35.5,1.0445,1.0498,1.1399,0.9009,1.3091,1.3071,19.21,155228000,1326059847511,-1.000,19.629,nan,nan,nan,steady,2.2791,1.6513,0.2168,13.0965,14.8824
155248000,1783507915.237,69.645,2.2950,1.6439,0.2418,2.8334,35.6,1.0435,1.0488,1.1387,0.8999,1.3078,1.3058,21.67,155248000,1326059873805,-1.000,22.108,nan,nan,nan,steady,2.2617,1.6496,0.2179,13.0880,14.8824
155328000,1783507915.274,69.682,2.2852,1.6455,0.2420,2.8264,35.8,1.0432,1.0485,1.1383,0.8987,1.3061,1.3040,20.06,155328000,1326059912612,-1.000,20.547,nan,nan,nan,steady,2.2426,1.6507,0.2189,13.0822,14.9643
155344000,1783507915.304,69.711,2.2747,1.6465,0.2423,2.8185,35.9,1.0429,1.0482,1.1380,0.8989,1.3066,1.3045,20.04,155344000,1326059942059,-1.000,20.601,nan,nan,nan,steady,2.2289,1.6494,0.2199,13.0836,14.9643
155364000,1783507915.335,69.742,2.2642,1.6473,0.2427,2.8105,36.0,1.0438,1.0491,1.1390,0.8998,1.3081,1.3060,23.70,155364000,1326059969286,-1.000,24.129,nan,nan,nan,steady,2.2190,1.6498,0.2204,13.0755,14.9643
155384000,1783507915.367,69.775,2.2541,1.6482,0.2431,2.8030,36.2,1.0423,1.0476,1.1373,0.9009,1.3096,1.3075,20.95,155384000,1326060004560,-1.000,21.451,nan,nan,nan,steady,2.2111,1.6508,0.2206,13.0824,14.9785
155404000,1783507915.399,69.807,2.2452,1.6491,0.2434,2.7964,36.3,1.0434,1.0486,1.1383,0.8987,1.3066,1.3044,22.45,155404000,1326060034968,-1.000,22.920,nan,nan,nan,steady,2.2075,1.6525,0.2200,13.0744,14.9785
155428000,1783507915.427,69.835,2.2377,1.6503,0.2436,2.7910,36.4,1.0438,1.0491,1.1387,0.9000,1.3085,1.3064,19.70,155428000,1326060065773,-1.000,20.146,nan,nan,nan,steady,2.2059,1.6551,0.2201,13.0761,14.9785
155508000,1783507915.461,69.868,2.2311,1.6527,0.2438,2.7872,36.5,1.0403,1.0456,1.1347,0.9023,1.3120,1.3098,19.53,155508000,1326060099527,-1.000,20.150,nan,nan,nan,steady,2.2030,1.6628,0.2202,13.0734,14.9785
155528000,1783507915.492,69.900,2.2271,1.6552,0.2441,2.7855,36.6,1.0404,1.0456,1.1347,0.9094,1.3223,1.3201,21.81,155528000,1326060128665,-1.000,22.307,nan,nan,nan,steady,2.2089,1.6659,0.2212,13.0668,15.1433
155544000,1783507915.521,69.928,2.2258,1.6580,0.2444,2.7862,36.7,1.0406,1.0458,1.1349,0.9062,1.3176,1.3154,20.98,155544000,1326060157948,-1.000,21.406,nan,nan,nan,steady,2.2188,1.6708,0.2212,13.0591,15.1433
155568000,1783507915.551,69.959,2.2265,1.6612,0.2446,2.7887,36.7,1.0413,1.0466,1.1356,0.9000,1.3087,1.3065,19.23,155568000,1326060190491,-1.000,19.623,nan,nan,nan,steady,2.2288,1.6764,0.2212,13.0637,15.0794
155584000,1783507915.580,69.988,2.2292,1.6652,0.2445,2.7932,36.8,1.0414,1.0466,1.1355,0.8981,1.3059,1.3037,19.55,155584000,1326060219029,-1.000,20.080,nan,nan,nan,steady,2.2402,1.6836,0.2198,13.0562,15.0794
155604000,1783507915.610,70.017,2.2334,1.6696,0.2442,2.7992,36.8,1.0416,1.0469,1.1356,0.8995,1.3079,1.3057,21.20,155604000,1326060247093,-1.000,21.626,nan,nan,nan,steady,2.2515,1.6908,0.2179,13.0584,15.0794
155724000,1783507915.648,70.056,2.2377,1.6751,0.2437,2.8059,36.8,1.0440,1.0494,1.1382,0.8999,1.3086,1.3064,20.21,155724000,1326060286445,-1.000,20.697,nan,nan,nan,steady,2.2539,1.7013,0.2171,13.0440,15.1330
155748000,1783507915.679,70.087,2.2428,1.6802,0.2432,2.8129,36.8,1.0438,1.0492,1.1379,0.8973,1.3049,1.3027,19.26,155748000,1326060318224,-1.000,19.694,nan,nan,nan,steady,2.2626,1.7038,0.2163,13.0393,15.1330
155768000,1783507915.712,70.119,2.2485,1.6846,0.2424,2.8201,36.8,1.0437,1.0491,1.1378,0.8982,1.3063,1.3041,23.15,155768000,1326060346731,-1.000,23.665,nan,nan,nan,steady,2.2713,1.7050,0.2149,13.0322,15.1330
155788000,1783507915.739,70.146,2.2547,1.6881,0.2417,2.8269,36.8,1.0448,1.0503,1.1389,0.8981,1.3062,1.3040,19.93,155788000,1326060377221,-1.000,20.411,nan,nan,nan,steady,2.2793,1.7039,0.2143,13.0253,15.1106
155804000,1783507915.772,70.179,2.2608,1.6906,0.2410,2.8332,36.8,1.0438,1.0493,1.1378,0.8976,1.3058,1.3035,21.44,155804000,1326060408776,-1.000,21.924,nan,nan,nan,steady,2.2852,1.7018,0.2135,13.0229,15.1106
155824000,1783507915.805,70.212,2.2666,1.6922,0.2402,2.8388,36.7,1.0443,1.0498,1.1384,0.8950,1.3022,1.2999,23.39,155824000,1326060439732,-1.000,24.072,nan,nan,nan,steady,2.2897,1.6995,0.2127,13.0259,15.1106
155908000,1783507915.841,70.248,2.2701,1.6933,0.2395,2.8422,36.7,1.0444,1.0500,1.1387,0.8923,1.2986,1.2963,21.69,155908000,1326060477003,-1.000,22.348,nan,nan,nan,steady,2.2846,1.6990,0.2127,13.0034,14.9612
155928000,1783507915.873,70.281,2.2717,1.6933,0.2390,2.8434,36.7,1.0438,1.0494,1.1382,0.8922,1.2988,1.2964,20.73,155928000,1326060510549,-1.000,21.578,nan,nan,nan,steady,2.2783,1.6933,0.2128,13.0088,14.9612
155944000,1783507915.903,70.310,2.2711,1.6922,0.2385,2.8422,36.7,1.0425,1.0482,1.1370,0.8916,1.2982,1.2957,20.02,155944000,1326060541237,-1.000,20.522,nan,nan,nan,steady,2.2685,1.6870,0.2129,13.0022,14.9612
155968000,1783507915.931,70.338,2.2687,1.6901,0.2381,2.8391,36.7,1.0423,1.0481,1.1370,0.8879,1.2932,1.2907,20.51,155968000,1326060568556,-1.000,20.961,nan,nan,nan,steady,2.2582,1.6811,0.2129,12.9958,14.9612
155988000,1783507915.966,70.373,2.2644,1.6873,0.2379,2.8339,36.7,1.0409,1.0467,1.1356,0.8886,1.2944,1.2919,23.52,155988000,1326060600675,-1.000,24.091,nan,nan,nan,steady,2.2465,1.6748,0.2137,12.9936,14.9011
156004000,1783507915.997,70.405,2.2585,1.6839,0.2377,2.8271,36.7,1.0401,1.0459,1.1349,0.8877,1.2935,1.2909,21.61,156004000,1326060633882,-1.000,22.107,nan,nan,nan,steady,2.2341,1.6691,0.2135,12.9872,14.9011
156084000,1783507916.027,70.434,2.2505,1.6809,0.2378,2.8190,36.8,1.0389,1.0448,1.1339,0.8869,1.2927,1.2900,19.39,156084000,1326060666032,-1.000,19.787,nan,nan,nan,steady,2.2166,1.6679,0.2153,12.9809,14.9011
156104000,1783507916.058,70.466,2.2427,1.6778,0.2382,2.8110,36.8,1.0370,1.0429,1.1322,0.8919,1.3003,1.2976,19.98,156104000,1326060696889,-1.000,20.445,nan,nan,nan,steady,2.2081,1.6646,0.2168,12.9720,15.0787
156128000,1783507916.088,70.496,2.2357,1.6745,0.2389,2.8035,36.8,1.0380,1.0439,1.1337,0.8888,1.2963,1.2935,20.25,156128000,1326060726220,-1.000,20.641,nan,nan,nan,steady,2.2042,1.6613,0.2186,12.9661,15.0787
156148000,1783507916.125,70.533,2.2302,1.6716,0.2396,2.7974,36.9,1.0368,1.0427,1.1327,0.8884,1.2961,1.2932,30.38,156148000,1326060753545,-1.000,30.767,nan,nan,nan,steady,2.2054,1.6604,0.2195,12.9601,15.0787
156168000,1783507916.157,70.564,2.2265,1.6693,0.2403,2.7932,36.9,1.0367,1.0426,1.1329,0.8879,1.2957,1.2928,19.76,156168000,1326060795437,-1.000,20.289,nan,nan,nan,steady,2.2101,1.6611,0.2200,12.9581,15.0787
156188000,1783507916.187,70.594,2.2237,1.6677,0.2408,2.7900,36.9,1.0362,1.0421,1.1326,0.8819,1.2872,1.2843,20.70,156188000,1326060824489,-1.000,21.144,nan,nan,nan,steady,2.2120,1.6627,0.2196,12.9522,14.9576
156208000,1783507916.216,70.624,2.2212,1.6667,0.2412,2.7874,36.9,1.0350,1.0410,1.1315,0.8821,1.2877,1.2847,20.86,156208000,1326060853594,-1.000,21.488,nan,nan,nan,steady,2.2111,1.6644,0.2190,12.9463,14.9576
156288000,1783507916.248,70.655,2.2188,1.6667,0.2413,2.7855,36.9,1.0350,1.0410,1.1316,0.8832,1.2896,1.2865,19.29,156288000,1326060887097,-1.000,19.718,nan,nan,nan,steady,2.2073,1.6693,0.2179,12.9311,15.0381
156308000,1783507916.280,70.687,2.2171,1.6666,0.2415,2.7841,36.9,1.0351,1.0411,1.1319,0.8833,1.2901,1.2869,22.48,156308000,1326060915699,-1.000,22.945,nan,nan,nan,steady,2.2088,1.6675,0.2190,12.9255,15.0381
156324000,1783507916.307,70.715,2.2161,1.6663,0.2418,2.7832,36.9,1.0347,1.0408,1.1317,0.8834,1.2904,1.2872,19.68,156324000,1326060946084,-1.000,20.145,nan,nan,nan,steady,2.2110,1.6666,0.2195,12.9200,15.0381
156344000,1783507916.340,70.748,2.2161,1.6659,0.2420,2.7830,36.9,1.0352,1.0413,1.1324,0.8799,1.2855,1.2823,21.40,156344000,1326060977294,-1.000,21.847,nan,nan,nan,steady,2.2149,1.6659,0.2195,12.9165,15.0381
156364000,1783507916.373,70.781,2.2173,1.6658,0.2420,2.7838,36.9,1.0337,1.0398,1.1309,0.8835,1.2910,1.2878,23.86,156364000,1326061008074,-1.000,24.276,nan,nan,nan,steady,2.2210,1.6665,0.2187,12.9128,15.0933
156384000,1783507916.400,70.808,2.2201,1.6659,0.2419,2.7861,36.9,1.0355,1.0417,1.1330,0.8843,1.2925,1.2892,19.80,156384000,1326061039046,-1.000,20.255,nan,nan,nan,steady,2.2304,1.6685,0.2182,12.9075,15.0933
156468000,1783507916.434,70.841,2.2234,1.6672,0.2419,2.7895,36.9,1.0329,1.0391,1.1303,0.8791,1.2850,1.2817,19.43,156468000,1326061072496,-1.000,19.884,nan,nan,nan,steady,2.2365,1.6744,0.2180,12.9039,15.0297
156488000,1783507916.463,70.870,2.2272,1.6687,0.2416,2.7934,36.8,1.0323,1.0385,1.1297,0.8811,1.2881,1.2848,20.02,156488000,1326061101229,-1.000,20.499,nan,nan,nan,steady,2.2430,1.6772,0.2168,12.8866,15.0297
156508000,1783507916.489,70.897,2.2313,1.6700,0.2413,2.7974,36.8,1.0323,1.0386,1.1299,0.8814,1.2887,1.2854,19.39,156508000,1326061128389,-1.000,19.855,nan,nan,nan,steady,2.2479,1.6777,0.2164,12.8914,15.0297
156524000,1783507916.522,70.930,2.2348,1.6704,0.2413,2.8005,36.8,1.0315,1.0379,1.1291,0.8796,1.2862,1.2828,21.46,156524000,1326061159182,-1.000,21.859,nan,nan,nan,steady,2.2486,1.6733,0.2178,12.8898,15.0297
156544000,1783507916.551,70.959,2.2374,1.6705,0.2412,2.8027,36.7,1.0318,1.0382,1.1294,0.8798,1.2868,1.2834,19.56,156544000,1326061189887,-1.000,19.995,nan,nan,nan,steady,2.2473,1.6723,0.2174,12.8848,15.0297
156564000,1783507916.578,70.985,2.2392,1.6703,0.2410,2.8039,36.7,1.0315,1.0380,1.1291,0.8769,1.2825,1.2791,19.65,156564000,1326061216503,-1.000,20.051,nan,nan,nan,steady,2.2450,1.6712,0.2165,12.8801,15.0297
156668000,1783507916.621,71.028,2.2391,1.6700,0.2407,2.8036,36.7,1.0311,1.0376,1.1287,0.8777,1.2839,1.2805,21.38,156668000,1326061257700,-1.000,21.967,nan,nan,nan,steady,2.2370,1.6708,0.2163,12.8626,14.9725
156688000,1783507916.648,71.055,2.2381,1.6690,0.2406,2.8023,36.7,1.0318,1.0383,1.1295,0.8791,1.2861,1.2827,19.58,156688000,1326061286651,-1.000,20.175,nan,nan,nan,steady,2.2326,1.6659,0.2166,12.8581,15.0079
156704000,1783507916.684,71.091,2.2365,1.6669,0.2407,2.7997,36.7,1.0306,1.0372,1.1283,0.8770,1.2832,1.2797,24.30,156704000,1326061317877,-1.000,24.863,nan,nan,nan,steady,2.2282,1.6583,0.2183,12.8566,15.0079
156724000,1783507916.705,71.113,2.2344,1.6642,0.2409,2.7964,36.7,1.0310,1.0376,1.1288,0.8766,1.2828,1.2793,12.12,156724000,1326061351721,-1.000,12.621,nan,nan,nan,steady,2.2240,1.6531,0.2185,12.8521,15.0079
156748000,1783507916.734,71.141,2.2322,1.6611,0.2410,2.7928,36.7,1.0312,1.0379,1.1291,0.8767,1.2832,1.2797,20.02,156748000,1326061372290,-1.000,20.514,nan,nan,nan,steady,2.2217,1.6491,0.2184,12.8477,15.0079
156764000,1783507916.771,71.179,2.2299,1.6579,0.2411,2.7891,36.6,1.0299,1.0367,1.1278,0.8755,1.2817,1.2781,25.44,156764000,1326061404032,-1.000,25.905,nan,nan,nan,steady,2.2191,1.6451,0.2186,12.8463,15.0079
156868000,1783507916.802,71.209,2.2273,1.6557,0.2415,2.7858,36.6,1.0283,1.0351,1.1262,0.8744,1.2803,1.2767,19.87,156868000,1326061440027,-1.000,20.413,nan,nan,nan,steady,2.2144,1.6470,0.2203,12.8419,15.0459
156888000,1783507916.837,71.244,2.2252,1.6534,0.2419,2.7827,36.6,1.0288,1.0356,1.1270,0.8696,1.2736,1.2700,24.52,156888000,1326061470480,-1.000,24.929,nan,nan,nan,steady,2.2150,1.6449,0.2210,12.8156,14.9897
156904000,1783507916.865,71.273,2.2234,1.6511,0.2422,2.7800,36.6,1.0289,1.0357,1.1274,0.8691,1.2731,1.2694,19.50,156904000,1326061504372,-1.000,19.924,nan,nan,nan,steady,2.2152,1.6429,0.2205,12.8130,14.9897
156924000,1783507916.892,71.299,2.2222,1.6486,0.2423,2.7776,36.6,1.0279,1.0348,1.1265,0.8682,1.2721,1.2684,19.34,156924000,1326061530953,-1.000,19.794,nan,nan,nan,steady,2.2164,1.6396,0.2202,12.8090,14.9897
156944000,1783507916.929,71.336,2.2218,1.6461,0.2424,2.7757,36.5,1.0288,1.0358,1.1277,0.8681,1.2723,1.2685,25.20,156944000,1326061561890,-1.000,25.650,nan,nan,nan,steady,2.2197,1.6369,0.2198,12.8065,14.9897
156964000,1783507916.958,71.365,2.2222,1.6431,0.2425,2.7744,36.5,1.0289,1.0359,1.1281,0.8678,1.2722,1.2684,19.61,156964000,1326061596470,-1.000,20.110,nan,nan,nan,steady,2.2238,1.6316,0.2202,12.7927,14.9897
156988000,1783507916.984,71.392,2.2230,1.6399,0.2425,2.7730,36.4,1.0275,1.0345,1.1268,0.8649,1.2683,1.2644,19.54,156988000,1326061623349,-1.000,19.979,nan,nan,nan,steady,2.2260,1.6274,0.2199,12.7902,14.9500
157064000,1783507917.018,71.426,2.2236,1.6369,0.2422,2.7717,36.4,1.0274,1.0345,1.1270,0.8598,1.2611,1.2572,20.56,157064000,1326061655643,-1.000,21.588,nan,nan,nan,steady,2.2260,1.6255,0.2185,12.7795,14.9500
157084000,1783507917.054,71.462,2.2248,1.6347,0.2414,2.7714,36.3,1.0283,1.0354,1.1281,0.8623,1.2651,1.2611,19.96,157084000,1326061692691,-1.000,20.517,nan,nan,nan,steady,2.2298,1.6276,0.2147,12.7661,14.9779
157104000,1783507917.086,71.493,2.2262,1.6332,0.2402,2.7714,36.3,1.0276,1.0348,1.1273,0.8620,1.2649,1.2609,24.08,157104000,1326061719980,-1.000,24.497,nan,nan,nan,steady,2.2311,1.6295,0.2117,12.7638,14.9779
157128000,1783507917.117,71.525,2.2273,1.6321,0.2387,2.7716,36.2,1.0272,1.0344,1.1269,0.8618,1.2649,1.2609,19.97,157128000,1326061755782,-1.000,20.492,nan,nan,nan,steady,2.2313,1.6301,0.2091,12.7615,14.9779
157144000,1783507917.149,71.556,2.2282,1.6313,0.2371,2.7717,36.2,1.0262,1.0334,1.1257,0.8613,1.2643,1.2602,20.23,157144000,1326061786651,-1.000,20.719,nan,nan,nan,steady,2.2307,1.6299,0.2072,12.7593,14.9779
157168000,1783507917.178,71.585,2.2288,1.6306,0.2355,2.7716,36.2,1.0269,1.0342,1.1264,0.8613,1.2646,1.2605,21.75,157168000,1326061814260,-1.000,22.208,nan,nan,nan,steady,2.2303,1.6298,0.2057,12.7560,14.9779
157244000,1783507917.208,71.616,2.2288,1.6301,0.2340,2.7712,36.2,1.0271,1.0344,1.1267,0.8579,1.2600,1.2558,19.14,157244000,1326061847642,-1.000,19.627,nan,nan,nan,steady,2.2274,1.6299,0.2052,12.7377,14.9701
157264000,1783507917.241,71.649,2.2280,1.6293,0.2326,2.7700,36.2,1.0258,1.0332,1.1253,0.8556,1.2570,1.2527,23.55,157264000,1326061876265,-1.000,23.975,nan,nan,nan,steady,2.2238,1.6276,0.2045,12.7346,14.9283
157288000,1783507917.270,71.678,2.2264,1.6277,0.2315,2.7677,36.2,1.0260,1.0333,1.1255,0.8549,1.2563,1.2520,21.31,157288000,1326061907108,-1.000,21.804,nan,nan,nan,steady,2.2188,1.6224,0.2049,12.7317,14.9283
157304000,1783507917.303,71.711,2.2241,1.6259,0.2305,2.7646,36.2,1.0251,1.0325,1.1247,0.8529,1.2536,1.2492,21.90,157304000,1326061939925,-1.000,22.343,nan,nan,nan,steady,2.2130,1.6192,0.2044,12.7207,14.9283
157328000,1783507917.334,71.742,2.2211,1.6234,0.2297,2.7607,36.2,1.0251,1.0325,1.1249,0.8517,1.2522,1.2478,21.26,157328000,1326061971212,-1.000,21.787,nan,nan,nan,steady,2.2074,1.6138,0.2046,12.7179,14.9283
157348000,1783507917.361,71.768,2.2178,1.6206,0.2290,2.7563,36.2,1.0250,1.0325,1.1250,0.8508,1.2512,1.2467,19.46,157348000,1326061999628,-1.000,19.877,nan,nan,nan,steady,2.2023,1.6102,0.2045,12.7151,14.9283
157428000,1783507917.402,71.809,2.2131,1.6178,0.2284,2.7509,36.2,1.0241,1.0316,1.1242,0.8444,1.2424,1.2379,24.07,157428000,1326062035896,-1.000,24.504,nan,nan,nan,steady,2.1924,1.6075,0.2046,12.6980,14.8797
157448000,1783507917.430,71.838,2.2080,1.6150,0.2278,2.7451,36.2,1.0231,1.0306,1.1234,0.8425,1.2400,1.2353,19.47,157448000,1326062069269,-1.000,19.978,nan,nan,nan,steady,2.1856,1.6043,0.2042,12.6963,14.8797
157464000,1783507917.457,71.864,2.2026,1.6120,0.2273,2.7390,36.2,1.0217,1.0292,1.1221,0.8445,1.2433,1.2386,19.52,157464000,1326062095843,-1.000,19.940,nan,nan,nan,steady,2.1790,1.6008,0.2041,12.6837,14.8797
157484000,1783507917.491,71.899,2.1981,1.6092,0.2270,2.7336,36.2,1.0221,1.0297,1.1229,0.8476,1.2483,1.2435,22.44,157484000,1326062127021,-1.000,22.882,nan,nan,nan,steady,2.1772,1.5987,0.2048,12.6829,14.9576
157504000,1783507917.522,71.929,2.1943,1.6062,0.2271,2.7288,36.2,1.0210,1.0286,1.1219,0.8452,1.2452,1.2404,21.17,157504000,1326062158767,-1.000,21.591,nan,nan,nan,steady,2.1765,1.5948,0.2066,12.6805,14.9576
157524000,1783507917.531,71.938,2.1912,1.6039,0.2271,2.7249,36.2,1.0201,1.0277,1.1213,0.8441,1.2440,1.2391,2.14,157524000,1326062186975,-1.000,2.477,nan,nan,nan,steady,2.1760,1.5958,0.2064,12.6782,14.9576
157624000,1783507917.578,71.985,2.1869,1.6032,0.2269,2.7211,36.2,1.0199,1.0276,1.1214,0.8298,1.2232,1.2183,20.99,157624000,1326062215150,-1.000,21.501,nan,nan,nan,steady,2.1688,1.6025,0.2053,12.6674,14.7875
157644000,1783507917.605,72.013,2.1821,1.6026,0.2268,2.7169,36.3,1.0198,1.0275,1.1216,0.8367,1.2338,1.2288,19.37,157644000,1326062244502,-1.000,19.831,nan,nan,nan,steady,2.1620,1.6021,0.2058,12.6487,14.7875
157668000,1783507917.637,72.044,2.1770,1.6018,0.2269,2.7123,36.3,1.0192,1.0269,1.1212,0.8375,1.2353,1.2302,19.75,157668000,1326062275314,-1.000,20.220,nan,nan,nan,steady,2.1548,1.5996,0.2072,12.6479,14.8278
157684000,1783507917.669,72.076,2.1718,1.6006,0.2272,2.7074,36.4,1.0184,1.0261,1.1207,0.8357,1.2331,1.2279,22.39,157684000,1326062304553,-1.000,22.859,nan,nan,nan,steady,2.1491,1.5972,0.2079,12.6360,14.8278
157704000,1783507917.699,72.106,2.1663,1.5988,0.2276,2.7021,36.4,1.0186,1.0263,1.1213,0.8371,1.2355,1.2302,22.93,157704000,1326062334071,-1.000,23.442,nan,nan,nan,steady,2.1425,1.5927,0.2087,12.6341,14.8278
157728000,1783507917.734,72.141,2.1611,1.5969,0.2280,2.6967,36.5,1.0187,1.0264,1.1218,0.8348,1.2324,1.2271,23.80,157728000,1326062368506,-1.000,24.214,nan,nan,nan,steady,2.1382,1.5899,0.2094,12.6335,14.8278
157828000,1783507917.770,72.178,2.1554,1.5947,0.2287,2.6910,36.5,1.0181,1.0259,1.1216,0.8343,1.2322,1.2268,21.62,157828000,1326062407014,-1.000,22.077,nan,nan,nan,steady,2.1300,1.5870,0.2114,12.6067,14.8219
157844000,1783507917.801,72.209,2.1506,1.5923,0.2293,2.6857,36.5,1.0183,1.0261,1.1223,0.8318,1.2290,1.2235,19.53,157844000,1326062440164,-1.000,19.924,nan,nan,nan,steady,2.1294,1.5835,0.2117,12.6061,14.8219
157868000,1783507917.833,72.240,2.1469,1.5893,0.2301,2.6810,36.5,1.0172,1.0250,1.1215,0.8328,1.2308,1.2253,22.21,157868000,1326062469121,-1.000,22.668,nan,nan,nan,steady,2.1304,1.5771,0.2131,12.5946,14.8219
157888000,1783507917.860,72.267,2.1447,1.5858,0.2309,2.6773,36.5,1.0175,1.0254,1.1225,0.8330,1.2316,1.2260,19.56,157888000,1326062498475,-1.000,20.037,nan,nan,nan,steady,2.1348,1.5717,0.2144,12.5932,14.8597
157908000,1783507917.892,72.300,2.1440,1.5825,0.2315,2.6748,36.4,1.0163,1.0241,1.1216,0.8296,1.2272,1.2215,20.80,157908000,1326062529602,-1.000,21.335,nan,nan,nan,steady,2.1401,1.5699,0.2138,12.5928,14.8597
157928000,1783507917.921,72.329,2.1447,1.5794,0.2320,2.6735,36.4,1.0156,1.0235,1.1212,0.8311,1.2297,1.2239,19.69,157928000,1326062559928,-1.000,20.247,nan,nan,nan,steady,2.1464,1.5675,0.2139,12.5814,14.8597
158008000,1783507917.957,72.365,2.1453,1.5769,0.2323,2.6726,36.3,1.0155,1.0234,1.1215,0.8248,1.2208,1.2149,19.71,158008000,1326062595689,-1.000,20.415,nan,nan,nan,steady,2.1478,1.5686,0.2129,12.5779,14.7710
158028000,1783507917.989,72.396,2.1465,1.5743,0.2325,2.6721,36.3,1.0149,1.0229,1.1211,0.8257,1.2225,1.2166,20.53,158028000,1326062626359,-1.000,21.381,nan,nan,nan,steady,2.1522,1.5644,0.2132,12.5675,14.7710
158048000,1783507918.020,72.427,2.1482,1.5712,0.2327,2.6716,36.2,1.0136,1.0216,1.1200,0.8233,1.2194,1.2134,21.31,158048000,1326062656735,-1.000,21.847,nan,nan,nan,steady,2.1555,1.5593,0.2134,12.5665,14.7710
158068000,1783507918.049,72.456,2.1497,1.5676,0.2330,2.6707,36.1,1.0120,1.0201,1.1186,0.8242,1.2211,1.2150,21.76,158068000,1326062685445,-1.000,22.204,nan,nan,nan,steady,2.1558,1.5529,0.2140,12.5655,14.7710
158088000,1783507918.091,72.499,2.1517,1.5639,0.2333,2.6702,36.0,1.0117,1.0198,1.1187,0.8270,1.2257,1.2195,21.24,158088000,1326062728504,-1.000,21.768,nan,nan,nan,steady,2.1587,1.5488,0.2144,12.5653,14.8884
158188000,1783507918.127,72.534,2.1524,1.5617,0.2334,2.6695,36.0,1.0083,1.0164,1.1154,0.8109,1.2023,1.1962,23.84,158188000,1326062761384,-1.000,24.371,nan,nan,nan,steady,2.1548,1.5537,0.2143,12.5647,14.7570
158208000,1783507918.159,72.567,2.1530,1.5600,0.2335,2.6690,35.9,1.0082,1.0164,1.1158,0.8202,1.2164,1.2101,19.85,158208000,1326062798012,-1.000,20.332,nan,nan,nan,steady,2.1551,1.5544,0.2141,12.5421,14.7570
158224000,1783507918.190,72.598,2.1529,1.5583,0.2337,2.6680,35.9,1.0070,1.0152,1.1148,0.8185,1.2142,1.2079,21.49,158224000,1326062827296,-1.000,21.890,nan,nan,nan,steady,2.1526,1.5529,0.2141,12.5416,14.7570
158244000,1783507918.218,72.626,2.1523,1.5567,0.2339,2.6665,35.9,1.0061,1.0144,1.1142,0.8193,1.2157,1.2093,20.47,158244000,1326062855915,-1.000,20.984,nan,nan,nan,steady,2.1493,1.5515,0.2148,12.5413,14.7570
158268000,1783507918.249,72.657,2.1510,1.5549,0.2342,2.6645,35.9,1.0051,1.0134,1.1135,0.8169,1.2124,1.2060,19.51,158268000,1326062887900,-1.000,19.962,nan,nan,nan,steady,2.1450,1.5488,0.2159,12.5410,14.7570
158284000,1783507918.278,72.686,2.1502,1.5535,0.2347,2.6630,35.8,1.0041,1.0124,1.1127,0.8261,1.2264,1.2199,19.81,158284000,1326062916607,-1.000,20.253,nan,nan,nan,steady,2.1445,1.5488,0.2168,12.5308,14.8895
158304000,1783507918.306,72.714,2.1498,1.5520,0.2353,2.6619,35.8,1.0042,1.0126,1.1132,0.8243,1.2239,1.2174,21.15,158304000,1326062943568,-1.000,21.654,nan,nan,nan,steady,2.1452,1.5471,0.2184,12.5305,14.8895
158388000,1783507918.339,72.746,2.1490,1.5517,0.2359,2.6611,35.8,1.0036,1.0120,1.1128,0.8204,1.2184,1.2119,20.93,158388000,1326062976386,-1.000,21.347,nan,nan,nan,steady,2.1431,1.5532,0.2186,12.5201,14.8331
158408000,1783507918.368,72.776,2.1485,1.5516,0.2365,2.6607,35.8,1.0037,1.0121,1.1132,0.8183,1.2156,1.2090,20.22,158408000,1326063006630,-1.000,20.637,nan,nan,nan,steady,2.1447,1.5531,0.2190,12.5200,14.8331
158424000,1783507918.388,72.796,2.1484,1.5514,0.2370,2.6606,35.8,1.0044,1.0129,1.1144,0.8198,1.2180,1.2114,11.66,158424000,1326063035119,-1.000,12.143,nan,nan,nan,steady,2.1463,1.5527,0.2196,12.5200,14.8331
158444000,1783507918.420,72.828,2.1484,1.5513,0.2376,2.6606,35.8,1.0034,1.0119,1.1137,0.8169,1.2141,1.2075,20.10,158444000,1326063058443,-1.000,20.659,nan,nan,nan,steady,2.1471,1.5525,0.2199,12.5201,14.8331
158468000,1783507918.450,72.858,2.1490,1.5514,0.2379,2.6612,35.8,1.0028,1.0113,1.1133,0.8193,1.2179,1.2111,20.48,158468000,1326063088126,-1.000,20.935,nan,nan,nan,steady,2.1498,1.5536,0.2195,12.5102,14.8331
158484000,1783507918.478,72.886,2.1497,1.5517,0.2382,2.6619,35.8,1.0011,1.0096,1.1117,0.8204,1.2198,1.2130,20.50,158484000,1326063115938,-1.000,21.021,nan,nan,nan,steady,2.1508,1.5548,0.2191,12.5103,14.8353
158564000,1783507918.513,72.920,2.1500,1.5531,0.2384,2.6629,35.8,1.0015,1.0100,1.1124,0.8223,1.2228,1.2160,19.91,158564000,1326063151243,-1.000,20.442,nan,nan,nan,steady,2.1493,1.5615,0.2186,12.5111,14.8353
158588000,1783507918.543,72.950,2.1507,1.5544,0.2386,2.6643,35.9,1.0019,1.0105,1.1130,0.8202,1.2199,1.2130,20.55,158588000,1326063180732,-1.000,21.023,nan,nan,nan,steady,2.1531,1.5626,0.2188,12.5115,14.7955
158608000,1783507918.571,72.978,2.1517,1.5554,0.2389,2.6658,35.9,1.0010,1.0096,1.1122,0.8217,1.2223,1.2154,20.42,158608000,1326063208479,-1.000,20.938,nan,nan,nan,steady,2.1555,1.5613,0.2199,12.5019,14.7955
158628000,1783507918.606,73.014,2.1526,1.5560,0.2393,2.6668,35.9,1.0005,1.0091,1.1118,0.8200,1.2199,1.2130,23.54,158628000,1326063240921,-1.000,23.945,nan,nan,nan,steady,2.1554,1.5602,0.2208,12.5022,14.7955
158648000,1783507918.637,73.044,2.1531,1.5562,0.2399,2.6674,35.9,0.9999,1.0086,1.1112,0.8215,1.2221,1.2152,19.99,158648000,1326063275115,-1.000,20.435,nan,nan,nan,steady,2.1544,1.5587,0.2222,12.5026,14.7955
158668000,1783507918.665,73.073,2.1533,1.5563,0.2404,2.6677,35.9,0.9995,1.0082,1.1110,0.8207,1.2211,1.2142,21.27,158668000,1326063302253,-1.000,21.678,nan,nan,nan,steady,2.1534,1.5586,0.2222,12.5032,14.7955
158724000,1783507918.699,73.107,2.1532,1.5575,0.2408,2.6684,35.9,0.9982,1.0069,1.1097,0.8169,1.2155,1.2086,21.21,158724000,1326063336196,-1.000,21.780,nan,nan,nan,steady,2.1515,1.5648,0.2220,12.5035,14.8247
158748000,1783507918.731,73.138,2.1533,1.5591,0.2410,2.6694,35.9,0.9966,1.0053,1.1080,0.8210,1.2217,1.2148,19.14,158748000,1326063370234,-1.000,19.607,nan,nan,nan,steady,2.1526,1.5684,0.2214,12.4953,14.8247
158768000,1783507918.767,73.174,2.1540,1.5614,0.2412,2.6713,35.9,0.9976,1.0064,1.1093,0.8263,1.2296,1.2226,26.07,158768000,1326063398862,-1.000,26.502,nan,nan,nan,steady,2.1554,1.5744,0.2210,12.4963,14.8580
158788000,1783507918.793,73.201,2.1552,1.5640,0.2413,2.6738,36.0,0.9965,1.0053,1.1080,0.8250,1.2276,1.2207,19.36,158788000,1326063432088,-1.000,19.832,nan,nan,nan,steady,2.1587,1.5779,0.2211,12.4969,14.8580
158808000,1783507918.824,73.232,2.1569,1.5668,0.2415,2.6768,36.0,0.9956,1.0045,1.1071,0.8229,1.2246,1.2176,19.35,158808000,1326063463106,-1.000,19.936,nan,nan,nan,steady,2.1627,1.5817,0.2215,12.4972,14.8580
158828000,1783507918.857,73.264,2.1589,1.5700,0.2415,2.6803,36.0,0.9961,1.0050,1.1076,0.8229,1.2245,1.2176,22.96,158828000,1326063492066,-1.000,23.487,nan,nan,nan,steady,2.1662,1.5868,0.2212,12.4982,14.8580
158844000,1783507918.884,73.291,2.1610,1.5733,0.2415,2.6839,36.1,0.9969,1.0058,1.1084,0.8268,1.2303,1.2233,19.79,158844000,1326063522320,-1.000,20.330,nan,nan,nan,steady,2.1684,1.5909,0.2207,12.4994,14.8580
158944000,1783507918.916,73.324,2.1610,1.5772,0.2415,2.6862,36.1,0.9975,1.0065,1.1091,0.8263,1.2295,1.2226,23.41,158944000,1326063551437,-1.000,23.877,nan,nan,nan,steady,2.1602,1.5981,0.2205,12.4937,14.7385
158968000,1783507918.946,73.354,2.1599,1.5803,0.2413,2.6871,36.2,0.9985,1.0075,1.1103,0.8261,1.2294,1.2224,20.16,158968000,1326063584208,-1.000,20.676,nan,nan,nan,steady,2.1553,1.5967,0.2202,12.4951,14.7385
158984000,1783507918.975,73.382,2.1583,1.5825,0.2411,2.6871,36.2,0.9969,1.0060,1.1086,0.8238,1.2260,1.2191,19.42,158984000,1326063613779,-1.000,19.843,nan,nan,nan,steady,2.1508,1.5943,0.2197,12.4956,14.8199
159008000,1783507919.006,73.413,2.1565,1.5836,0.2410,2.6864,36.3,0.9978,1.0069,1.1097,0.8236,1.2258,1.2188,21.91,159008000,1326063642458,-1.000,22.332,nan,nan,nan,steady,2.1478,1.5910,0.2201,12.4971,14.8199
159028000,1783507919.033,73.441,2.1545,1.5841,0.2409,2.6850,36.3,0.9977,1.0068,1.1098,0.8218,1.2233,1.2164,20.05,159028000,1326063671512,-1.000,20.595,nan,nan,nan,steady,2.1451,1.5882,0.2203,12.4981,14.8199
159048000,1783507919.067,73.474,2.1524,1.5835,0.2409,2.6830,36.3,0.9974,1.0065,1.1096,0.8206,1.2218,1.2148,21.64,159048000,1326063703273,-1.000,22.120,nan,nan,nan,steady,2.1427,1.5830,0.2209,12.4992,14.8199
159108000,1783507919.103,73.511,2.1498,1.5830,0.2410,2.6806,36.4,0.9956,1.0047,1.1079,0.8165,1.2161,1.2090,24.15,159108000,1326063737572,-1.000,24.601,nan,nan,nan,steady,2.1376,1.5831,0.2212,12.4904,14.8199
159128000,1783507919.132,73.540,2.1473,1.5822,0.2411,2.6781,36.4,0.9949,1.0041,1.1076,0.8227,1.2256,1.2184,19.61,159128000,1326063771049,-1.000,20.122,nan,nan,nan,steady,2.1353,1.5812,0.2214,12.4947,14.8382
159144000,1783507919.159,73.566,2.1450,1.5814,0.2412,2.6759,36.4,0.9951,1.0043,1.1080,0.8219,1.2247,1.2175,19.06,159144000,1326063797883,-1.000,19.547,nan,nan,nan,steady,2.1346,1.5810,0.2213,12.4959,14.8382
159164000,1783507919.192,73.600,2.1431,1.5807,0.2412,2.6738,36.4,0.9946,1.0039,1.1077,0.8209,1.2235,1.2162,21.89,159164000,1326063828500,-1.000,22.507,nan,nan,nan,steady,2.1336,1.5808,0.2211,12.4972,14.8382
159184000,1783507919.213,73.621,2.1413,1.5799,0.2413,2.6720,36.4,0.9938,1.0031,1.1071,0.8188,1.2207,1.2134,11.59,159184000,1326063859943,-1.000,12.179,nan,nan,nan,steady,2.1329,1.5799,0.2211,12.4985,14.8231
159204000,1783507919.229,73.636,2.1396,1.5790,0.2413,2.6701,36.4,0.9927,1.0020,1.1063,0.8185,1.2205,1.2132,6.91,159204000,1326063880010,-1.000,7.402,nan,nan,nan,steady,2.1315,1.5781,0.2213,12.4905,14.8231
159308000,1783507919.276,73.684,2.1382,1.5796,0.2413,2.6693,36.5,0.9934,1.0028,1.1075,0.8235,1.2284,1.2209,22.46,159308000,1326063912226,-1.000,23.040,nan,nan,nan,steady,2.1296,1.5867,0.2210,12.4879,14.9392
159328000,1783507919.302,73.710,2.1382,1.5806,0.2412,2.6699,36.5,0.9925,1.0019,1.1069,0.8215,1.2257,1.2182,18.78,159328000,1326063941973,-1.000,19.219,nan,nan,nan,steady,2.1356,1.5887,0.2210,12.4894,14.9392
159348000,1783507919.334,73.742,2.1396,1.5820,0.2410,2.6718,36.5,0.9914,1.0008,1.1059,0.8199,1.2237,1.2162,20.47,159348000,1326063972375,-1.000,20.935,nan,nan,nan,steady,2.1436,1.5918,0.2202,12.4910,14.9392
159364000,1783507919.365,73.773,2.1425,1.5838,0.2407,2.6752,36.5,0.9909,1.0004,1.1057,0.8182,1.2215,1.2139,21.39,159364000,1326064002375,-1.000,21.888,nan,nan,nan,steady,2.1531,1.5951,0.2193,12.4926,14.9392
159384000,1783507919.394,73.802,2.1461,1.5855,0.2403,2.6790,36.5,0.9894,0.9989,1.1044,0.8151,1.2172,1.2096,21.57,159384000,1326064030889,-1.000,22.028,nan,nan,nan,steady,2.1601,1.5963,0.2186,12.4951,14.9042
159408000,1783507919.426,73.834,2.1501,1.5873,0.2396,2.6832,36.4,0.9897,0.9992,1.1050,0.8139,1.2158,1.2081,20.65,159408000,1326064063953,-1.000,21.159,nan,nan,nan,steady,2.1653,1.5986,0.2163,12.4860,14.9042
159508000,1783507919.460,73.867,2.1530,1.5908,0.2385,2.6876,36.5,0.9877,0.9973,1.1030,0.8037,1.2008,1.1932,19.63,159508000,1326064098332,-1.000,20.087,nan,nan,nan,steady,2.1644,1.6103,0.2134,12.4886,14.8514
159524000,1783507919.490,73.898,2.1560,1.5941,0.2373,2.6918,36.5,0.9875,0.9971,1.1030,0.8137,1.2161,1.2083,21.19,159524000,1326064127225,-1.000,21.646,nan,nan,nan,steady,2.1681,1.6123,0.2120,12.4879,14.8514
159544000,1783507919.519,73.927,2.1585,1.5970,0.2363,2.6954,36.5,0.9882,0.9979,1.1040,0.8130,1.2154,1.2075,20.14,159544000,1326064157738,-1.000,20.612,nan,nan,nan,steady,2.1684,1.6132,0.2120,12.4898,14.8514
159568000,1783507919.546,73.954,2.1603,1.5993,0.2355,2.6982,36.5,0.9870,0.9967,1.1028,0.8127,1.2151,1.2072,19.78,159568000,1326064185110,-1.000,20.175,nan,nan,nan,steady,2.1669,1.6126,0.2123,12.4927,14.8829
159584000,1783507919.580,73.987,2.1616,1.6012,0.2347,2.7002,36.5,0.9865,0.9963,1.1024,0.8114,1.2134,1.2055,21.56,159584000,1326064216355,-1.000,22.005,nan,nan,nan,steady,2.1655,1.6127,0.2116,12.4838,14.8829
159608000,1783507919.608,74.016,2.1621,1.6023,0.2341,2.7013,36.5,0.9857,0.9956,1.1018,0.8141,1.2177,1.2097,19.50,159608000,1326064247359,-1.000,19.980,nan,nan,nan,steady,2.1630,1.6104,0.2120,12.4869,14.8829
159628000,1783507919.637,74.045,2.1620,1.6026,0.2338,2.7014,36.5,0.9860,0.9959,1.1024,0.8127,1.2158,1.2078,20.40,159628000,1326064275056,-1.000,20.798,nan,nan,nan,steady,2.1602,1.6070,0.2130,12.4890,14.8829
159708000,1783507919.669,74.077,2.1610,1.6032,0.2337,2.7009,36.6,0.9858,0.9957,1.1024,0.8119,1.2151,1.2070,20.23,159708000,1326064307360,-1.000,20.842,nan,nan,nan,steady,2.1543,1.6097,0.2140,12.4876,14.9256
159724000,1783507919.699,74.106,2.1602,1.6034,0.2337,2.7004,36.6,0.9859,0.9959,1.1029,0.8126,1.2164,1.2083,19.61,159724000,1326064337443,-1.000,20.117,nan,nan,nan,steady,2.1547,1.6077,0.2144,12.4811,14.9256
159748000,1783507919.731,74.139,2.1597,1.6031,0.2339,2.6998,36.6,0.9854,0.9954,1.1027,0.8107,1.2139,1.2057,22.63,159748000,1326064366841,-1.000,23.376,nan,nan,nan,steady,2.1558,1.6050,0.2158,12.4833,14.9256
159764000,1783507923.337,77.745,2.1596,1.6026,0.2341,2.6995,36.6,0.9850,0.9950,1.1026,0.8116,1.2156,1.2074,19.87,159764000,1326064404402,-1.000,20.497,nan,nan,nan,steady,2.1570,1.6043,0.2158,12.4781,14.9602
159784000,1783507923.369,77.777,2.1601,1.6021,0.2342,2.6996,36.6,0.9838,0.9939,1.1016,0.8102,1.2138,1.2055,22.16,159784000,1326064434101,-1.000,22.802,nan,nan,nan,steady,2.1600,1.6031,0.2147,12.4804,14.9602
159804000,1783507923.402,77.809,2.1611,1.6014,0.2339,2.7000,36.5,0.9824,0.9926,1.1003,0.8088,1.2120,1.2037,22.58,159804000,1326064466178,-1.000,23.253,nan,nan,nan,steady,2.1634,1.6021,0.2131,12.4828,14.9602
159864000,1783507923.433,77.841,2.1622,1.6008,0.2335,2.7004,36.5,0.9827,0.9929,1.1008,0.8086,1.2119,1.2036,23.77,159864000,1326064496427,-1.000,24.482,nan,nan,nan,steady,2.1644,1.6017,0.2123,12.4791,14.9602
159884000,1783507923.468,77.876,2.1637,1.6001,0.2330,2.7011,36.5,0.9824,0.9927,1.1007,0.8058,1.2080,1.1996,22.59,159884000,1326064532480,-1.000,23.258,nan,nan,nan,steady,2.1680,1.6012,0.2109,12.4803,14.9418
159904000,1783507923.497,77.905,2.1658,1.5995,0.2323,2.7024,36.4,0.9820,0.9923,1.1004,0.8061,1.2087,1.2002,19.64,159904000,1326064564866,-1.000,20.236,nan,nan,nan,steady,2.1737,1.6003,0.2096,12.4841,14.9418
159928000,1783507923.524,77.932,2.1686,1.5987,0.2315,2.7042,36.4,0.9823,0.9926,1.1009,0.8056,1.2082,1.1998,19.57,159928000,1326064591895,-1.000,20.181,nan,nan,nan,steady,2.1794,1.5995,0.2083,12.4768,14.9418
159948000,1783507923.558,77.966,2.1721,1.5980,0.2308,2.7065,36.3,0.9816,0.9920,1.1002,0.8029,1.2044,1.1959,22.13,159948000,1326064623223,-1.000,22.671,nan,nan,nan,steady,2.1858,1.5986,0.2083,12.4781,14.9418
159968000,1783507923.592,78.000,2.1759,1.5973,0.2301,2.7090,36.3,0.9805,0.9910,1.0992,0.8027,1.2043,1.1958,24.05,159968000,1326064655062,-1.000,24.683,nan,nan,nan,steady,2.1911,1.5978,0.2080,12.4820,14.9418
160044000,1783507923.623,78.031,2.1788,1.5977,0.2295,2.7115,36.3,0.9787,0.9892,1.0973,0.7988,1.1988,1.1903,19.83,160044000,1326064690119,-1.000,20.515,nan,nan,nan,steady,2.1898,1.6035,0.2075,12.4763,14.9242
160068000,1783507923.639,78.046,2.1809,1.5980,0.2289,2.7133,36.2,0.9775,0.9880,1.0962,0.8029,1.2051,1.1965,3.24,160068000,1326064722191,-1.000,3.950,nan,nan,nan,steady,2.1889,1.6035,0.2071,12.4761,14.8797
160088000,1783507923.685,78.093,2.1819,1.5982,0.2283,2.7143,36.2,0.9778,0.9884,1.0967,0.8036,1.2064,1.1977,21.75,160088000,1326064750226,-1.000,22.407,nan,nan,nan,steady,2.1860,1.6033,0.2064,12.4803,14.8797
160104000,1783507923.719,78.126,2.1819,1.5981,0.2278,2.7141,36.2,0.9776,0.9882,1.0966,0.8047,1.2083,1.1996,25.84,160104000,1326064779607,-1.000,26.517,nan,nan,nan,steady,2.1812,1.6017,0.2061,12.4847,14.8797
160128000,1783507923.752,78.160,2.1808,1.5978,0.2273,2.7130,36.2,0.9783,0.9890,1.0976,0.8026,1.2052,1.1965,21.88,160128000,1326064817495,-1.000,22.486,nan,nan,nan,steady,2.1752,1.6008,0.2060,12.4763,14.8797
160148000,1783507923.782,78.190,2.1787,1.5974,0.2269,2.7111,36.2,0.9766,0.9873,1.0959,0.8013,1.2034,1.1947,20.15,160148000,1326064849117,-1.000,20.794,nan,nan,nan,steady,2.1691,1.6000,0.2063,12.4792,14.8797
160248000,1783507923.815,78.222,2.1752,1.5982,0.2264,2.7087,36.3,0.9789,0.9897,1.0986,0.8021,1.2050,1.1962,22.66,160248000,1326064878793,-1.000,23.399,nan,nan,nan,steady,2.1580,1.6071,0.2056,12.4793,14.9483
160264000,1783507923.844,78.252,2.1717,1.5987,0.2258,2.7061,36.4,0.9791,0.9899,1.0990,0.8085,1.2148,1.2059,19.63,160264000,1326064911437,-1.000,20.178,nan,nan,nan,steady,2.1539,1.6060,0.2044,12.4743,14.9971
160284000,1783507923.875,78.283,2.1689,1.5992,0.2252,2.7041,36.4,0.9793,0.9901,1.0994,0.8065,1.2120,1.2031,21.50,160284000,1326064940775,-1.000,22.056,nan,nan,nan,steady,2.1548,1.6057,0.2037,12.4759,14.9971
160308000,1783507923.910,78.317,2.1672,1.5992,0.2247,2.7028,36.4,0.9797,0.9905,1.1001,0.8063,1.2121,1.2031,24.48,160308000,1326064972116,-1.000,25.171,nan,nan,nan,steady,2.1580,1.6038,0.2040,12.4808,14.9971
160324000,1783507923.940,78.347,2.1662,1.5986,0.2243,2.7015,36.4,0.9793,0.9902,1.0999,0.8051,1.2106,1.2016,19.85,160324000,1326065006512,-1.000,20.665,nan,nan,nan,steady,2.1596,1.5999,0.2039,12.4743,14.9971
160348000,1783507923.970,78.377,2.1658,1.5973,0.2239,2.7004,36.4,0.9794,0.9904,1.1003,0.8028,1.2077,1.1986,20.52,160348000,1326065036419,-1.000,21.113,nan,nan,nan,steady,2.1619,1.5952,0.2036,12.4776,14.9971
160368000,1783507924.002,78.410,2.1649,1.5944,0.2235,2.6979,36.4,0.9807,0.9918,1.1021,0.8127,1.2229,1.2136,22.57,160368000,1326065066688,-1.000,23.225,nan,nan,nan,steady,2.1598,1.5859,0.2034,12.4734,14.8969
160448000,1783507924.032,78.440,2.1635,1.5913,0.2233,2.6950,36.3,0.9795,0.9906,1.1011,0.8016,1.2066,1.1974,19.68,160448000,1326065099374,-1.000,20.357,nan,nan,nan,steady,2.1554,1.5826,0.2035,12.4671,14.9615
160464000,1783507924.064,78.472,2.1623,1.5873,0.2230,2.6916,36.3,0.9781,0.9892,1.0998,0.7977,1.2013,1.1920,22.35,160464000,1326065128745,-1.000,22.997,nan,nan,nan,steady,2.1551,1.5733,0.2031,12.4689,14.9615
160488000,1783507924.094,78.502,2.1614,1.5827,0.2226,2.6881,36.2,0.9772,0.9884,1.0991,0.7961,1.1993,1.1900,20.01,160488000,1326065160878,-1.000,20.759,nan,nan,nan,steady,2.1558,1.5659,0.2025,12.4742,14.9615
160508000,1783507924.126,78.533,2.1607,1.5774,0.2223,2.6844,36.1,0.9761,0.9874,1.0982,0.7990,1.2041,1.1946,21.73,160508000,1326065190853,-1.000,22.426,nan,nan,nan,steady,2.1557,1.5580,0.2021,12.4700,14.9615
160524000,1783507924.155,78.563,2.1604,1.5721,0.2221,2.6811,36.0,0.9757,0.9871,1.0981,0.7958,1.1996,1.1902,20.04,160524000,1326065222374,-1.000,20.624,nan,nan,nan,steady,2.1580,1.5528,0.2023,12.4718,14.9615
160544000,1783507924.186,78.594,2.1608,1.5671,0.2219,2.6785,36.0,0.9738,0.9852,1.0961,0.7953,1.1993,1.1898,21.38,160544000,1326065251950,-1.000,21.802,nan,nan,nan,steady,2.1609,1.5495,0.2019,12.4675,14.9615
160644000,1783507924.221,78.629,2.1614,1.5643,0.2218,2.6773,35.9,0.9729,0.9843,1.0954,0.7977,1.2032,1.1937,24.62,160644000,1326065283735,-1.000,25.107,nan,nan,nan,steady,2.1610,1.5575,0.2028,12.4649,15.0358
160668000,1783507924.253,78.660,2.1633,1.5627,0.2219,2.6779,35.8,0.9707,0.9821,1.0931,0.7943,1.1983,1.1887,19.67,160668000,1326065320029,-1.000,20.147,nan,nan,nan,steady,2.1691,1.5604,0.2034,12.4668,15.0358
160684000,1783507924.283,78.691,2.1660,1.5621,0.2219,2.6797,35.8,0.9696,0.9811,1.0921,0.7909,1.1933,1.1838,21.37,160684000,1326065349018,-1.000,21.797,nan,nan,nan,steady,2.1763,1.5639,0.2028,12.4707,14.9736
160704000,1783507924.312,78.719,2.1696,1.5626,0.2217,2.6829,35.8,0.9688,0.9803,1.0913,0.7922,1.1954,1.1858,21.47,160704000,1326065377555,-1.000,21.985,nan,nan,nan,steady,2.1841,1.5702,0.2020,12.4668,14.9736
160724000,1783507924.343,78.750,2.1738,1.5647,0.2214,2.6875,35.7,0.9698,0.9814,1.0925,0.7925,1.1958,1.1862,19.63,160724000,1326065410448,-1.000,20.024,nan,nan,nan,steady,2.1908,1.5791,0.2004,12.4687,14.9736
160744000,1783507924.375,78.783,2.1781,1.5678,0.2209,2.6928,35.7,0.9681,0.9797,1.0906,0.7941,1.1983,1.1887,21.84,160744000,1326065440394,-1.000,22.265,nan,nan,nan,steady,2.1957,1.5867,0.1997,12.4649,14.9736
160824000,1783507924.409,78.816,2.1805,1.5723,0.2205,2.6973,35.8,0.9686,0.9802,1.0911,0.7970,1.2026,1.1930,21.21,160824000,1326065474848,-1.000,21.658,nan,nan,nan,steady,2.1893,1.5980,0.1999,12.4735,14.9251
160848000,1783507924.444,78.852,2.1815,1.5769,0.2202,2.7008,35.9,0.9684,0.9801,1.0910,0.7989,1.2055,1.1959,23.81,160848000,1326065507654,-1.000,24.268,nan,nan,nan,steady,2.1846,1.6023,0.1998,12.4660,14.9251
160864000,1783507924.475,78.883,2.1813,1.5818,0.2198,2.7034,35.9,0.9688,0.9805,1.0913,0.8017,1.2095,1.1999,21.36,160864000,1326065540895,-1.000,21.859,nan,nan,nan,steady,2.1791,1.6087,0.1986,12.4723,14.9251
160884000,1783507924.486,78.893,2.1801,1.5868,0.2194,2.7053,36.0,0.9673,0.9790,1.0895,0.8020,1.2099,1.2004,3.29,160884000,1326065569400,-1.000,3.721,nan,nan,nan,steady,2.1739,1.6136,0.1981,12.4667,14.9423
160904000,1783507924.531,78.938,2.1783,1.5917,0.2189,2.7067,36.2,0.9692,0.9810,1.0916,0.8032,1.2116,1.2020,23.70,160904000,1326065594144,-1.000,24.226,nan,nan,nan,steady,2.1694,1.6183,0.1978,12.4710,14.9423
160928000,1783507924.560,78.968,2.1760,1.5966,0.2185,2.7077,36.3,0.9703,0.9821,1.0926,0.8043,1.2132,1.2036,19.94,160928000,1326065627278,-1.000,20.434,nan,nan,nan,steady,2.1654,1.6231,0.1976,12.4753,14.9423
161004000,1783507924.590,78.997,2.1724,1.6025,0.2183,2.7083,36.4,0.9689,0.9807,1.0909,0.7988,1.2049,1.1954,19.17,161004000,1326065657704,-1.000,19.573,nan,nan,nan,steady,2.1562,1.6338,0.1979,12.4720,14.9423
161024000,1783507924.623,79.030,2.1689,1.6083,0.2180,2.7089,36.6,0.9701,0.9819,1.0921,0.8084,1.2192,1.2097,21.64,161024000,1326065688401,-1.000,22.113,nan,nan,nan,steady,2.1524,1.6391,0.1975,12.4800,14.9887
161044000,1783507924.652,79.060,2.1658,1.6140,0.2178,2.7098,36.7,0.9711,0.9830,1.0931,0.8101,1.2217,1.2122,19.76,161044000,1326065719570,-1.000,20.214,nan,nan,nan,steady,2.1513,1.6439,0.1977,12.4747,14.9887
161064000,1783507924.683,79.090,2.1629,1.6191,0.2175,2.7105,36.8,0.9714,0.9833,1.0933,0.8094,1.2207,1.2111,23.54,161064000,1326065746497,-1.000,24.000,nan,nan,nan,steady,2.1490,1.6466,0.1970,12.4814,14.9887
161088000,1783507924.721,79.128,2.1600,1.6236,0.2170,2.7108,36.9,0.9726,0.9845,1.0946,0.8093,1.2206,1.2110,19.44,161088000,1326065788214,-1.000,19.962,nan,nan,nan,steady,2.1464,1.6487,0.1959,12.4739,14.9601
161108000,1783507924.749,79.157,2.1570,1.6273,0.2167,2.7107,37.0,0.9731,0.9850,1.0950,0.8105,1.2223,1.2128,19.41,161108000,1326065816985,-1.000,19.800,nan,nan,nan,steady,2.1435,1.6487,0.1959,12.4809,14.9601
161224000,1783507924.783,79.190,2.1530,1.6319,0.2163,2.7102,37.2,0.9729,0.9849,1.0948,0.8151,1.2294,1.2198,20.52,161224000,1326065849123,-1.000,21.064,nan,nan,nan,steady,2.1333,1.6582,0.1955,12.4825,15.0049
161244000,1783507924.809,79.217,2.1491,1.6353,0.2159,2.7092,37.3,0.9738,0.9858,1.0957,0.8168,1.2321,1.2224,19.66,161244000,1326065876878,-1.000,20.110,nan,nan,nan,steady,2.1309,1.6558,0.1953,12.4898,15.0049
161264000,1783507924.845,79.252,2.1456,1.6376,0.2156,2.7078,37.4,0.9735,0.9855,1.0953,0.8151,1.2295,1.2199,23.62,161264000,1326065908118,-1.000,24.082,nan,nan,nan,steady,2.1290,1.6526,0.1949,12.4825,15.0049
161288000,1783507924.874,79.282,2.1417,1.6386,0.2151,2.7052,37.4,0.9744,0.9864,1.0962,0.8136,1.2274,1.2178,20.13,161288000,1326065941229,-1.000,20.663,nan,nan,nan,steady,2.1244,1.6479,0.1936,12.4873,14.9107
161308000,1783507924.901,79.309,2.1374,1.6381,0.2146,2.7015,37.5,0.9746,0.9867,1.0964,0.8143,1.2285,1.2189,19.65,161308000,1326065968612,-1.000,20.128,nan,nan,nan,steady,2.1184,1.6413,0.1937,12.4850,14.9107
161328000,1783507924.935,79.342,2.1328,1.6364,0.2144,2.6968,37.5,0.9738,0.9859,1.0954,0.8121,1.2255,1.2158,21.88,161328000,1326065999811,-1.000,22.433,nan,nan,nan,steady,2.1130,1.6340,0.1944,12.4875,14.9107
161408000,1783507924.967,79.375,2.1271,1.6353,0.2142,2.6916,37.6,0.9724,0.9845,1.0939,0.8061,1.2165,1.2069,19.70,161408000,1326066034814,-1.000,20.196,nan,nan,nan,steady,2.1020,1.6357,0.1943,12.4854,14.9107
161428000,1783507924.996,79.403,2.1225,1.6339,0.2141,2.6871,37.6,0.9723,0.9844,1.0938,0.8148,1.2298,1.2200,19.92,161428000,1326066062857,-1.000,20.345,nan,nan,nan,steady,2.1010,1.6337,0.1946,12.4889,15.0324
161448000,1783507925.027,79.434,2.1188,1.6327,0.2139,2.6835,37.6,0.9726,0.9848,1.0942,0.8132,1.2275,1.2177,19.63,161448000,1326066094394,-1.000,20.107,nan,nan,nan,steady,2.1012,1.6334,0.1936,12.4915,15.0324
161468000,1783507925.059,79.466,2.1163,1.6319,0.2136,2.6810,37.6,0.9723,0.9845,1.0937,0.8120,1.2259,1.2162,22.34,161468000,1326066123415,-1.000,22.798,nan,nan,nan,steady,2.1040,1.6347,0.1927,12.4992,15.0324
161488000,1783507925.092,79.499,2.1155,1.6318,0.2131,2.6802,37.6,0.9725,0.9848,1.0939,0.8142,1.2294,1.2195,23.54,161488000,1326066155170,-1.000,24.035,nan,nan,nan,steady,2.1102,1.6374,0.1919,12.4949,15.0656
161508000,1783507925.121,79.529,2.1162,1.6322,0.2128,2.6810,37.6,0.9722,0.9845,1.0935,0.8121,1.2263,1.2165,20.08,161508000,1326066188229,-1.000,20.529,nan,nan,nan,steady,2.1172,1.6405,0.1917,12.4975,15.0656
161604000,1783507925.162,79.569,2.1159,1.6336,0.2122,2.6816,37.7,0.9724,0.9847,1.0937,0.8133,1.2282,1.2183,23.80,161604000,1326066225282,-1.000,24.248,nan,nan,nan,steady,2.1125,1.6467,0.1907,12.5007,14.9969
161624000,1783507925.193,79.601,2.1153,1.6342,0.2116,2.6814,37.7,0.9711,0.9834,1.0921,0.8112,1.2252,1.2154,19.73,161624000,1326066260574,-1.000,20.314,nan,nan,nan,steady,2.1108,1.6433,0.1891,12.5035,14.9969
161648000,1783507925.222,79.629,2.1146,1.6343,0.2107,2.6808,37.7,0.9718,0.9842,1.0929,0.8109,1.2248,1.2150,19.34,161648000,1326066289816,-1.000,19.782,nan,nan,nan,steady,2.1096,1.6404,0.1876,12.5020,14.9969
161664000,1783507925.250,79.657,2.1138,1.6340,0.2097,2.6799,37.7,0.9726,0.9851,1.0937,0.8119,1.2265,1.2166,20.75,161664000,1326066316354,-1.000,21.233,nan,nan,nan,steady,2.1087,1.6388,0.1859,12.5076,14.9969
161684000,1783507925.282,79.689,2.1133,1.6336,0.2086,2.6792,37.7,0.9723,0.9848,1.0932,0.8126,1.2277,1.2178,19.99,161684000,1326066348787,-1.000,20.416,nan,nan,nan,steady,2.1094,1.6379,0.1849,12.5036,15.0470
161704000,1783507925.316,79.724,2.1132,1.6331,0.2076,2.6787,37.7,0.9716,0.9842,1.0923,0.8121,1.2271,1.2172,25.32,161704000,1326066377959,-1.000,25.713,nan,nan,nan,steady,2.1104,1.6369,0.1838,12.5092,15.0470
161784000,1783507925.336,79.744,2.1120,1.6331,0.2066,2.6778,37.7,0.9717,0.9843,1.0923,0.8151,1.2318,1.2218,7.45,161784000,1326066415900,-1.000,8.004,nan,nan,nan,steady,2.1043,1.6400,0.1829,12.5061,15.0251
161808000,1783507925.367,79.775,2.1108,1.6326,0.2058,2.6764,37.7,0.9726,0.9853,1.0932,0.8134,1.2294,1.2194,19.28,161808000,1326066435054,-1.000,19.786,nan,nan,nan,steady,2.1033,1.6363,0.1830,12.5090,15.0251
161828000,1783507925.397,79.804,2.1095,1.6318,0.2048,2.6748,37.7,0.9734,0.9861,1.0940,0.8122,1.2277,1.2177,20.02,161828000,1326066463829,-1.000,20.513,nan,nan,nan,steady,2.1020,1.6344,0.1814,12.5081,15.0251
161848000,1783507925.426,79.833,2.1084,1.6305,0.2040,2.6731,37.7,0.9726,0.9854,1.0930,0.8115,1.2268,1.2168,20.03,161848000,1326066492568,-1.000,20.633,nan,nan,nan,steady,2.1016,1.6307,0.1810,12.5139,15.0251
161868000,1783507925.456,79.863,2.1076,1.6290,0.2032,2.6715,37.7,0.9730,0.9859,1.0933,0.8112,1.2265,1.2165,19.85,161868000,1326066523192,-1.000,20.262,nan,nan,nan,steady,2.1024,1.6283,0.1804,12.5073,15.0251
161884000,1783507925.489,79.897,2.1072,1.6273,0.2025,2.6701,37.7,0.9720,0.9849,1.0920,0.8123,1.2281,1.2181,24.00,161884000,1326066552409,-1.000,24.506,nan,nan,nan,steady,2.1036,1.6256,0.1806,12.5162,15.0579
161964000,1783507925.522,79.930,2.1062,1.6265,0.2021,2.6688,37.7,0.9715,0.9845,1.0913,0.8038,1.2154,1.2055,21.42,161964000,1326066588157,-1.000,21.869,nan,nan,nan,steady,2.0995,1.6292,0.1810,12.5125,15.0579
161988000,1783507925.555,79.963,2.1049,1.6252,0.2017,2.6670,37.7,0.9715,0.9845,1.0911,0.8106,1.2258,1.2158,21.31,161988000,1326066620981,-1.000,21.740,nan,nan,nan,steady,2.0977,1.6257,0.1809,12.5175,14.9875
162004000,1783507925.587,79.994,2.1033,1.6235,0.2014,2.6646,37.7,0.9712,0.9843,1.0907,0.8107,1.2258,1.2159,21.93,162004000,1326066651705,-1.000,22.507,nan,nan,nan,steady,2.0952,1.6221,0.1809,12.5141,14.9875
162028000,1783507925.615,80.022,2.1016,1.6216,0.2010,2.6621,37.7,0.9722,0.9854,1.0917,0.8106,1.2258,1.2158,21.26,162028000,1326066680867,-1.000,21.684,nan,nan,nan,steady,2.0933,1.6197,0.1803,12.5138,14.9875
162048000,1783507925.650,80.058,2.0998,1.6195,0.2007,2.6593,37.6,0.9717,0.9849,1.0910,0.8084,1.2225,1.2126,23.95,162048000,1326066713641,-1.000,24.403,nan,nan,nan,steady,2.0905,1.6166,0.1805,12.5169,14.9875
162064000,1783507925.680,80.087,2.0974,1.6171,0.2004,2.6559,37.6,0.9713,0.9846,1.0906,0.8104,1.2257,1.2157,19.55,162064000,1326066747115,-1.000,20.038,nan,nan,nan,steady,2.0857,1.6128,0.1801,12.5167,14.9875
162148000,1783507925.717,80.125,2.0943,1.6155,0.1999,2.6525,37.6,0.9716,0.9849,1.0908,0.8110,1.2268,1.2168,19.88,162148000,1326066784660,-1.000,20.382,nan,nan,nan,steady,2.0782,1.6158,0.1788,12.5071,15.0447
162168000,1783507925.750,80.157,2.0913,1.6135,0.1994,2.6489,37.7,0.9739,0.9873,1.0934,0.8129,1.2298,1.2197,23.22,162168000,1326066813883,-1.000,23.683,nan,nan,nan,steady,2.0763,1.6117,0.1781,12.5167,15.0267
162188000,1783507925.780,80.188,2.0887,1.6111,0.1988,2.6453,37.6,0.9742,0.9876,1.0937,0.8102,1.2261,1.2159,19.76,162188000,1326066847567,-1.000,20.494,nan,nan,nan,steady,2.0754,1.6068,0.1778,12.5137,15.0267
162204000,1783507925.814,80.221,2.0862,1.6081,0.1981,2.6415,37.6,0.9734,0.9868,1.0928,0.8084,1.2235,1.2134,23.69,162204000,1326066877126,-1.000,24.178,nan,nan,nan,steady,2.0734,1.6012,0.1762,12.5074,15.0267
162224000,1783507925.843,80.250,2.0841,1.6046,0.1974,2.6376,37.6,0.9740,0.9875,1.0935,0.8099,1.2260,1.2158,19.34,162224000,1326066910469,-1.000,19.890,nan,nan,nan,steady,2.0725,1.5952,0.1753,12.5078,15.0267
162244000,1783507925.872,80.279,2.0826,1.6008,0.1966,2.6341,37.5,0.9742,0.9878,1.0937,0.8063,1.2210,1.2107,19.55,162244000,1326066939289,-1.000,19.940,nan,nan,nan,steady,2.0742,1.5901,0.1746,12.5143,15.0267
162264000,1783507925.904,80.311,2.0829,1.5970,0.1958,2.6319,37.5,0.9759,0.9895,1.0956,0.8216,1.2444,1.2339,23.87,162264000,1326066967022,-1.000,24.301,nan,nan,nan,steady,2.0805,1.5870,0.1737,12.5125,15.1586
162348000,1783507925.934,80.342,2.0841,1.5944,0.1949,2.6312,37.4,0.9750,0.9887,1.0946,0.8113,1.2292,1.2188,21.32,162348000,1326067000273,-1.000,21.829,nan,nan,nan,steady,2.0850,1.5895,0.1727,12.5098,15.1586
162368000,1783507925.966,80.373,2.0862,1.5915,0.1940,2.6311,37.3,0.9747,0.9885,1.0943,0.8033,1.2174,1.2070,21.62,162368000,1326067030995,-1.000,22.162,nan,nan,nan,steady,2.0924,1.5845,0.1710,12.5071,15.0761
162388000,1783507925.998,80.406,2.0890,1.5881,0.1930,2.6312,37.2,0.9750,0.9889,1.0945,0.8017,1.2154,1.2049,23.51,162388000,1326067061981,-1.000,23.974,nan,nan,nan,steady,2.0986,1.5788,0.1699,12.5138,15.0761
162404000,1783507926.027,80.435,2.0923,1.5844,0.1919,2.6315,37.1,0.9735,0.9874,1.0926,0.8008,1.2142,1.2037,19.52,162404000,1326067094808,-1.000,19.971,nan,nan,nan,steady,2.1035,1.5735,0.1684,12.5113,15.0761
162428000,1783507926.061,80.468,2.0959,1.5805,0.1908,2.6320,37.0,0.9736,0.9877,1.0926,0.7979,1.2100,1.1995,23.35,162428000,1326067124606,-1.000,23.822,nan,nan,nan,steady,2.1086,1.5694,0.1669,12.5087,15.0761
162444000,1783507926.090,80.498,2.0996,1.5767,0.1896,2.6325,36.9,0.9725,0.9867,1.0911,0.7973,1.2093,1.1988,20.07,162444000,1326067157314,-1.000,20.619,nan,nan,nan,steady,2.1126,1.5654,0.1656,12.5062,15.0761
162524000,1783507926.123,80.531,2.1028,1.5741,0.1885,2.6334,36.8,0.9716,0.9858,1.0899,0.7944,1.2050,1.1945,19.32,162524000,1326067191105,-1.000,19.759,nan,nan,nan,steady,2.1125,1.5688,0.1648,12.5082,15.1240
162548000,1783507926.155,80.562,2.1063,1.5722,0.1874,2.6351,36.7,0.9712,0.9855,1.0892,0.7940,1.2046,1.1941,21.90,162548000,1326067219750,-1.000,22.400,nan,nan,nan,steady,2.1181,1.5698,0.1642,12.5059,15.1240
162564000,1783507926.172,80.579,2.1102,1.5708,0.1865,2.6373,36.7,0.9706,0.9849,1.0882,0.7913,1.2006,1.1901,10.03,162564000,1326067248911,-1.000,10.470,nan,nan,nan,steady,2.1235,1.5703,0.1640,12.5035,15.1240
162588000,1783507926.208,80.615,2.1133,1.5697,0.1857,2.6391,36.6,0.9708,0.9852,1.0882,0.7896,1.1980,1.1875,21.20,162588000,1326067273585,-1.000,21.723,nan,nan,nan,steady,2.1243,1.5706,0.1639,12.4977,15.0398
162604000,1783507926.242,80.649,2.1156,1.5687,0.1850,2.6402,36.6,0.9695,0.9840,1.0867,0.7913,1.2005,1.1900,23.48,162604000,1326067305413,-1.000,24.018,nan,nan,nan,steady,2.1225,1.5700,0.1638,12.4990,15.0398
162628000,1783507926.269,80.676,2.1163,1.5675,0.1845,2.6401,36.5,0.9703,0.9848,1.0873,0.7921,1.2018,1.1913,19.87,162628000,1326067336070,-1.000,20.291,nan,nan,nan,steady,2.1167,1.5681,0.1638,12.4968,15.0398
162708000,1783507926.303,80.711,2.1150,1.5674,0.1842,2.6389,36.5,0.9705,0.9851,1.0875,0.7930,1.2032,1.1927,19.72,162708000,1326067370618,-1.000,20.167,nan,nan,nan,steady,2.1056,1.5731,0.1647,12.4940,15.0592
162724000,1783507926.333,80.740,2.1127,1.5673,0.1840,2.6370,36.6,0.9701,0.9847,1.0870,0.7942,1.2049,1.1944,20.19,162724000,1326067399737,-1.000,20.791,nan,nan,nan,steady,2.0997,1.5726,0.1649,12.4920,15.0592
162744000,1783507926.365,80.772,2.1099,1.5672,0.1839,2.6347,36.6,0.9704,0.9851,1.0872,0.7964,1.2083,1.1977,23.32,162744000,1326067428398,-1.000,23.784,nan,nan,nan,steady,2.0950,1.5725,0.1655,12.4937,15.0592
162764000,1783507926.398,80.806,2.1056,1.5664,0.1839,2.6308,36.6,0.9708,0.9855,1.0876,0.7977,1.2103,1.1997,22.12,162764000,1326067463297,-1.000,22.652,nan,nan,nan,steady,2.0856,1.5690,0.1657,12.4881,14.9191
162788000,1783507926.428,80.835,2.0998,1.5647,0.1840,2.6251,36.7,0.9719,0.9866,1.0887,0.7945,1.2053,1.1948,19.87,162788000,1326067494971,-1.000,20.309,nan,nan,nan,steady,2.0739,1.5628,0.1663,12.4862,14.9191
162804000,1783507926.456,80.863,2.0926,1.5618,0.1841,2.6177,36.7,0.9720,0.9868,1.0888,0.7954,1.2067,1.1961,20.86,162804000,1326067521983,-1.000,21.244,nan,nan,nan,steady,2.0606,1.5547,0.1666,12.4880,14.9191
162884000,1783507926.489,80.897,2.0836,1.5592,0.1843,2.6089,36.8,0.9711,0.9859,1.0879,0.7847,1.1906,1.1802,19.48,162884000,1326067556552,-1.000,20.064,nan,nan,nan,steady,2.0436,1.5535,0.1675,12.4825,14.9191
162908000,1783507926.519,80.926,2.0743,1.5563,0.1846,2.5998,36.9,0.9714,0.9862,1.0883,0.7947,1.2059,1.1953,20.46,162908000,1326067585607,-1.000,20.953,nan,nan,nan,steady,2.0334,1.5493,0.1679,12.4755,14.9240
162924000,1783507926.546,80.954,2.0650,1.5529,0.1848,2.5904,36.9,0.9730,0.9878,1.0903,0.7926,1.2027,1.1922,20.24,162924000,1326067613198,-1.000,20.662,nan,nan,nan,steady,2.0240,1.5442,0.1682,12.4739,14.9240
162944000,1783507926.581,80.988,2.0558,1.5490,0.1851,2.5807,37.0,0.9726,0.9875,1.0901,0.7895,1.1984,1.1878,22.61,162944000,1326067645153,-1.000,23.121,nan,nan,nan,steady,2.0149,1.5377,0.1688,12.4777,14.9240
162964000,1783507926.613,81.020,2.0468,1.5446,0.1854,2.5709,37.0,0.9728,0.9877,1.0906,0.7895,1.1986,1.1879,22.30,162964000,1326067677252,-1.000,23.211,nan,nan,nan,steady,2.0067,1.5309,0.1691,12.4669,14.9240
162988000,1783507926.641,81.049,2.0389,1.5403,0.1856,2.5621,37.1,0.9732,0.9882,1.0913,0.7955,1.2078,1.1971,20.63,162988000,1326067707599,-1.000,21.159,nan,nan,nan,steady,2.0025,1.5265,0.1687,12.4693,15.0269
163004000,1783507926.674,81.082,2.0328,1.5365,0.1857,2.5549,37.1,0.9722,0.9872,1.0903,0.7923,1.2033,1.1925,21.55,163004000,1326067739834,-1.000,22.191,nan,nan,nan,steady,2.0041,1.5253,0.1684,12.4731,15.0269
163104000,1783507926.704,81.111,2.0273,1.5339,0.1860,2.5490,37.1,0.9723,0.9873,1.0906,0.7949,1.2075,1.1966,22.09,163104000,1326067768676,-1.000,22.478,nan,nan,nan,steady,2.0006,1.5288,0.1695,12.4663,14.9995
163128000,1783507926.734,81.142,2.0236,1.5315,0.1864,2.5446,37.1,0.9727,0.9877,1.0912,0.7927,1.2043,1.1934,19.32,163128000,1326067802226,-1.000,19.812,nan,nan,nan,steady,2.0051,1.5266,0.1709,12.4610,14.9995
163144000,1783507926.763,81.171,2.0213,1.5290,0.1870,2.5413,37.1,0.9722,0.9872,1.0908,0.7925,1.2042,1.1934,19.43,163144000,1326067830881,-1.000,19.862,nan,nan,nan,steady,2.0087,1.5233,0.1718,12.4638,14.9995
163168000,1783507926.795,81.202,2.0201,1.5264,0.1874,2.5388,37.1,0.9719,0.9869,1.0905,0.7917,1.2032,1.1923,24.25,163168000,1326067857479,-1.000,24.739,nan,nan,nan,steady,2.0119,1.5202,0.1715,12.4626,14.9995
163188000,1783507926.830,81.237,2.0203,1.5243,0.1877,2.5378,37.0,0.9716,0.9867,1.0902,0.7938,1.2065,1.1955,23.31,163188000,1326067893615,-1.000,23.741,nan,nan,nan,steady,2.0176,1.5202,0.1709,12.4575,15.0546
163208000,1783507926.862,81.269,2.0219,1.5228,0.1877,2.5382,37.0,0.9711,0.9862,1.0895,0.7933,1.2057,1.1948,21.83,163208000,1326067927320,-1.000,22.230,nan,nan,nan,steady,2.0249,1.5217,0.1698,12.4563,15.0546
163288000,1783507926.898,81.306,2.0234,1.5226,0.1876,2.5392,37.0,0.9723,0.9875,1.0907,0.7899,1.2007,1.1897,21.35,163288000,1326067964016,-1.000,21.835,nan,nan,nan,steady,2.0263,1.5278,0.1686,12.4523,14.9805
163308000,1783507926.927,81.334,2.0256,1.5223,0.1872,2.5408,36.9,0.9719,0.9872,1.0902,0.7901,1.2011,1.1901,18.66,163308000,1326067994899,-1.000,19.569,nan,nan,nan,steady,2.0316,1.5271,0.1673,12.4514,14.9805
163324000,1783507926.958,81.365,2.0277,1.5216,0.1868,2.5420,36.9,0.9713,0.9867,1.0894,0.7891,1.1995,1.1886,21.55,163324000,1326068023416,-1.000,22.024,nan,nan,nan,steady,2.0336,1.5233,0.1670,12.4505,14.9805
163348000,1783507926.988,81.396,2.0292,1.5200,0.1862,2.5422,36.8,0.9709,0.9863,1.0888,0.7888,1.1991,1.1882,23.39,163348000,1326068052161,-1.000,23.794,nan,nan,nan,steady,2.0318,1.5179,0.1656,12.4497,14.9805
163368000,1783507927.016,81.423,2.0305,1.5182,0.1854,2.5421,36.8,0.9714,0.9869,1.0891,0.7874,1.1970,1.1861,15.72,163368000,1326068087188,-1.000,16.355,nan,nan,nan,steady,2.0320,1.5150,0.1641,12.4447,14.9805
163388000,1783507927.047,81.454,2.0314,1.5161,0.1847,2.5415,36.7,0.9714,0.9869,1.0888,0.7891,1.1997,1.1887,21.02,163388000,1326068112644,-1.000,21.592,nan,nan,nan,steady,2.0316,1.5120,0.1634,12.4481,14.9896
163464000,1783507927.081,81.489,2.0313,1.5150,0.1840,2.5408,36.7,0.9705,0.9860,1.0875,0.7799,1.1855,1.1747,23.71,163464000,1326068144435,-1.000,24.208,nan,nan,nan,steady,2.0269,1.5155,0.1629,12.4474,14.9896
163488000,1783507927.110,81.518,2.0314,1.5143,0.1832,2.5403,36.7,0.9711,0.9867,1.0879,0.7859,1.1947,1.1839,17.65,163488000,1326068179841,-1.000,18.178,nan,nan,nan,steady,2.0281,1.5165,0.1621,12.4498,14.9822
163508000,1783507927.143,81.551,2.0315,1.5137,0.1823,2.5400,36.7,0.9708,0.9865,1.0873,0.7873,1.1968,1.1859,23.41,163508000,1326068206931,-1.000,23.914,nan,nan,nan,steady,2.0283,1.5169,0.1607,12.4402,14.9822
163524000,1783507927.173,81.580,2.0319,1.5134,0.1815,2.5400,36.7,0.9719,0.9877,1.0883,0.7881,1.1979,1.1870,22.09,163524000,1326068237593,-1.000,22.565,nan,nan,nan,steady,2.0298,1.5180,0.1602,12.4397,14.9822
163548000,1783507927.204,81.611,2.0322,1.5134,0.1806,2.5402,36.7,0.9727,0.9886,1.0890,0.7878,1.1974,1.1866,19.64,163548000,1326068271170,-1.000,20.097,nan,nan,nan,steady,2.0299,1.5189,0.1597,12.4483,14.9822
163564000,1783507927.232,81.640,2.0323,1.5134,0.1798,2.5403,36.7,0.9713,0.9872,1.0871,0.7891,1.1994,1.1885,19.44,163564000,1326068300143,-1.000,19.868,nan,nan,nan,steady,2.0293,1.5194,0.1589,12.4389,14.9822
163588000,1783507927.261,81.668,2.0334,1.5140,0.1792,2.5415,36.7,0.9742,0.9902,1.0901,0.7953,1.2087,1.1978,20.03,163588000,1326068327797,-1.000,20.504,nan,nan,nan,steady,2.0334,1.5220,0.1590,12.4385,15.0630
163684000,1783507927.292,81.700,2.0338,1.5157,0.1787,2.5427,36.7,0.9741,0.9901,1.0897,0.7923,1.2041,1.1933,21.20,163684000,1326068358315,-1.000,21.636,nan,nan,nan,steady,2.0305,1.5298,0.1593,12.4329,15.0094
163704000,1783507927.319,81.726,2.0344,1.5171,0.1783,2.5440,36.7,0.9753,0.9914,1.0908,0.7936,1.2061,1.1952,19.42,163704000,1326068386607,-1.000,19.789,nan,nan,nan,steady,2.0329,1.5286,0.1596,12.4372,15.0094
163728000,1783507927.351,81.759,2.0351,1.5178,0.1780,2.5450,36.7,0.9743,0.9904,1.0896,0.7908,1.2018,1.1910,21.06,163728000,1326068417426,-1.000,21.625,nan,nan,nan,steady,2.0338,1.5258,0.1596,12.4326,15.0094
163744000,1783507927.381,81.788,2.0359,1.5176,0.1776,2.5455,36.7,0.9751,0.9913,1.0903,0.7886,1.1986,1.1878,19.76,163744000,1326068448050,-1.000,20.220,nan,nan,nan,steady,2.0346,1.5216,0.1589,12.4326,15.0094
163768000,1783507927.411,81.818,2.0366,1.5168,0.1770,2.5455,36.7,0.9750,0.9913,1.0902,0.7893,1.1997,1.1888,20.64,163768000,1326068477127,-1.000,21.082,nan,nan,nan,steady,2.0353,1.5175,0.1577,12.4236,15.0094
163784000,1783507927.442,81.850,2.0375,1.5154,0.1765,2.5454,36.6,0.9752,0.9915,1.0904,0.7888,1.1991,1.1883,21.97,163784000,1326068507213,-1.000,22.501,nan,nan,nan,steady,2.0365,1.5138,0.1569,12.4326,15.0372
163868000,1783507927.477,81.885,2.0380,1.5147,0.1758,2.5453,36.6,0.9736,0.9899,1.0885,0.7787,1.1840,1.1732,21.68,163868000,1326068542658,-1.000,22.410,nan,nan,nan,steady,2.0350,1.5166,0.1562,12.4237,15.0372
163888000,1783507927.504,81.912,2.0388,1.5137,0.1751,2.5453,36.6,0.9741,0.9904,1.0890,0.7912,1.2031,1.1922,19.44,163888000,1326068571862,-1.000,20.016,nan,nan,nan,steady,2.0373,1.5139,0.1551,12.4244,15.0520
163908000,1783507927.536,81.944,2.0404,1.5126,0.1744,2.5459,36.6,0.9736,0.9900,1.0884,0.7880,1.1983,1.1873,20.40,163908000,1326068603092,-1.000,20.843,nan,nan,nan,steady,2.0420,1.5130,0.1548,12.4201,15.0520
163928000,1783507927.570,81.978,2.0427,1.5118,0.1736,2.5472,36.5,0.9748,0.9912,1.0896,0.7900,1.2015,1.1905,24.47,163928000,1326068632867,-1.000,24.949,nan,nan,nan,steady,2.0476,1.5130,0.1532,12.4115,15.0520
163944000,1783507927.601,82.008,2.0462,1.5112,0.1727,2.5496,36.4,0.9750,0.9915,1.0897,0.7887,1.1996,1.1886,23.30,163944000,1326068664560,-1.000,23.826,nan,nan,nan,steady,2.0566,1.5138,0.1522,12.4118,15.0520
163968000,1783507927.633,82.041,2.0509,1.5107,0.1720,2.5530,36.4,0.9742,0.9907,1.0887,0.7839,1.1924,1.1814,21.13,163968000,1326068699380,-1.000,21.548,nan,nan,nan,steady,2.0665,1.5136,0.1525,12.4165,15.0520
163988000,1783507927.664,82.072,2.0558,1.5098,0.1714,2.5564,36.3,0.9739,0.9904,1.0882,0.7804,1.1872,1.1763,21.20,163988000,1326068729928,-1.000,21.696,nan,nan,nan,steady,2.0723,1.5109,0.1526,12.4080,14.9966
164064000,1783507927.692,82.100,2.0594,1.5089,0.1709,2.5587,36.2,0.9730,0.9895,1.0872,0.7804,1.1875,1.1765,21.17,164064000,1326068758361,-1.000,21.572,nan,nan,nan,steady,2.0698,1.5104,0.1526,12.4012,14.9966
164084000,1783507927.736,82.144,2.0625,1.5073,0.1705,2.5602,36.2,0.9730,0.9895,1.0871,0.7766,1.1818,1.1709,22.23,164084000,1326068800760,-1.000,22.890,nan,nan,nan,steady,2.0715,1.5054,0.1529,12.3971,14.9562
164108000,1783507927.765,82.173,2.0645,1.5048,0.1700,2.5604,36.1,0.9724,0.9889,1.0864,0.7759,1.1808,1.1698,19.79,164108000,1326068832670,-1.000,20.248,nan,nan,nan,steady,2.0687,1.4992,0.1515,12.3977,14.9562
164124000,1783507927.792,82.200,2.0655,1.5016,0.1696,2.5593,36.0,0.9715,0.9880,1.0854,0.7770,1.1827,1.1717,19.57,164124000,1326068859588,-1.000,20.012,nan,nan,nan,steady,2.0657,1.4922,0.1521,12.3984,14.9562
164148000,1783507927.827,82.234,2.0656,1.4981,0.1694,2.5573,36.0,0.9720,0.9886,1.0861,0.7742,1.1785,1.1675,23.11,164148000,1326068890878,-1.000,23.657,nan,nan,nan,steady,2.0617,1.4882,0.1523,12.3944,14.9562
164268000,1783507927.864,82.271,2.0644,1.4964,0.1691,2.5552,35.9,0.9722,0.9887,1.0862,0.7753,1.1802,1.1692,20.64,164268000,1326068930088,-1.000,21.277,nan,nan,nan,steady,2.0537,1.4953,0.1524,12.3859,14.9743
164284000,1783507927.894,82.302,2.0642,1.4954,0.1688,2.5545,35.9,0.9729,0.9895,1.0869,0.7792,1.1863,1.1752,20.76,164284000,1326068960378,-1.000,21.305,nan,nan,nan,steady,2.0588,1.4969,0.1519,12.3868,15.0398
164308000,1783507927.923,82.330,2.0654,1.4950,0.1685,2.5552,35.9,0.9730,0.9897,1.0870,0.7820,1.1905,1.1793,21.21,164308000,1326068988412,-1.000,21.737,nan,nan,nan,steady,2.0654,1.4991,0.1518,12.3791,15.0398
164328000,1783507927.954,82.361,2.0677,1.4953,0.1683,2.5573,35.9,0.9728,0.9894,1.0866,0.7785,1.1853,1.1742,19.81,164328000,1326069021205,-1.000,20.246,nan,nan,nan,steady,2.0731,1.5014,0.1517,12.3753,15.0398
164348000,1783507927.984,82.391,2.0707,1.4955,0.1679,2.5598,35.8,0.9716,0.9882,1.0851,0.7783,1.1850,1.1739,20.14,164348000,1326069050604,-1.000,20.576,nan,nan,nan,steady,2.0783,1.5016,0.1504,12.3813,15.0398
164364000,1783507928.013,82.420,2.0745,1.4958,0.1675,2.5630,35.8,0.9725,0.9891,1.0860,0.7770,1.1830,1.1719,21.88,164364000,1326069077977,-1.000,22.366,nan,nan,nan,steady,2.0857,1.5023,0.1504,12.3825,15.0398
164444000,1783507928.048,82.456,2.0770,1.4971,0.1672,2.5658,35.8,0.9694,0.9860,1.0824,0.7605,1.1578,1.1470,19.53,164444000,1326069115759,-1.000,20.135,nan,nan,nan,steady,2.0835,1.5078,0.1507,12.3787,14.9703
164464000,1783507928.082,82.489,2.0797,1.4982,0.1669,2.5686,35.8,0.9700,0.9866,1.0829,0.7752,1.1802,1.1692,23.64,164464000,1326069144924,-1.000,24.209,nan,nan,nan,steady,2.0861,1.5078,0.1505,12.3701,15.0343
164484000,1783507928.110,82.518,2.0823,1.4992,0.1666,2.5712,35.8,0.9705,0.9871,1.0834,0.7785,1.1853,1.1743,21.39,164484000,1326069175887,-1.000,21.856,nan,nan,nan,steady,2.0875,1.5081,0.1500,12.3629,15.0343
164508000,1783507928.141,82.549,2.0853,1.5006,0.1663,2.5745,35.7,0.9713,0.9880,1.0842,0.7763,1.1820,1.1710,19.63,164508000,1326069208876,-1.000,20.015,nan,nan,nan,steady,2.0930,1.5118,0.1495,12.3592,15.0343
164524000,1783507928.172,82.579,2.0889,1.5023,0.1659,2.5783,35.7,0.9707,0.9874,1.0835,0.7751,1.1800,1.1690,20.81,164524000,1326069237872,-1.000,21.302,nan,nan,nan,steady,2.0987,1.5151,0.1492,12.3607,15.0343
164548000,1783507928.199,82.607,2.0928,1.5042,0.1657,2.5826,35.7,0.9703,0.9869,1.0829,0.7777,1.1841,1.1730,20.24,164548000,1326069266115,-1.000,20.882,nan,nan,nan,steady,2.1042,1.5176,0.1498,12.3536,15.0343
164664000,1783507928.240,82.648,2.0944,1.5072,0.1659,2.5857,35.7,0.9699,0.9866,1.0825,0.7825,1.1913,1.1802,22.02,164664000,1326069305118,-1.000,22.686,nan,nan,nan,steady,2.0957,1.5264,0.1513,12.3498,14.9666
164688000,1783507928.272,82.679,2.0948,1.5087,0.1661,2.5869,35.8,0.9712,0.9878,1.0838,0.7799,1.1873,1.1763,19.73,164688000,1326069339098,-1.000,20.179,nan,nan,nan,steady,2.0917,1.5211,0.1517,12.3464,14.8916
164708000,1783507928.300,82.708,2.0937,1.5089,0.1662,2.5861,35.8,0.9716,0.9883,1.0841,0.7805,1.1881,1.1771,19.07,164708000,1326069368158,-1.000,19.610,nan,nan,nan,steady,2.0853,1.5148,0.1509,12.3482,14.8916
164728000,1783507928.328,82.735,2.0920,1.5079,0.1661,2.5841,35.8,0.9721,0.9888,1.0844,0.7812,1.1891,1.1781,19.72,164728000,1326069395143,-1.000,20.328,nan,nan,nan,steady,2.0807,1.5085,0.1501,12.3415,14.8916
164748000,1783507928.360,82.767,2.0899,1.5062,0.1661,2.5814,35.8,0.9712,0.9879,1.0833,0.7814,1.1893,1.1783,19.37,164748000,1326069427743,-1.000,19.831,nan,nan,nan,steady,2.0777,1.5040,0.1502,12.3520,14.8916
164764000,1783507928.394,82.801,2.0878,1.5039,0.1663,2.5784,35.8,0.9712,0.9879,1.0830,0.7837,1.1927,1.1818,24.37,164764000,1326069456574,-1.000,24.800,nan,nan,nan,steady,2.0756,1.4995,0.1514,12.3454,14.8916
164828000,1783507928.428,82.836,2.0854,1.5024,0.1666,2.5757,35.8,0.9719,0.9886,1.0836,0.7747,1.1790,1.1681,21.13,164828000,1326069494073,-1.000,21.625,nan,nan,nan,steady,2.0716,1.5022,0.1522,12.3474,14.9241
164844000,1783507928.457,82.864,2.0835,1.5009,0.1670,2.5733,35.8,0.9715,0.9882,1.0831,0.7866,1.1970,1.1860,21.77,164844000,1326069522348,-1.000,22.198,nan,nan,nan,steady,2.0714,1.5004,0.1531,12.3399,14.9241
164868000,1783507928.493,82.900,2.0818,1.4995,0.1675,2.5711,35.8,0.9715,0.9882,1.0829,0.7834,1.1920,1.1811,24.25,164868000,1326069555693,-1.000,24.705,nan,nan,nan,steady,2.0708,1.4990,0.1535,12.3452,14.9241
164888000,1783507928.524,82.931,2.0821,1.4992,0.1679,2.5712,35.8,0.9713,0.9880,1.0825,0.7994,1.2162,1.2051,21.66,164888000,1326069589266,-1.000,22.122,nan,nan,nan,steady,2.0781,1.5035,0.1538,12.3390,15.0953
164908000,1783507928.553,82.960,2.0848,1.5005,0.1683,2.5742,35.7,0.9720,0.9887,1.0829,0.7986,1.2146,1.2036,22.01,164908000,1326069617997,-1.000,22.428,nan,nan,nan,steady,2.0908,1.5118,0.1540,12.3465,15.0953
164924000,1783507928.586,82.993,2.0896,1.5032,0.1688,2.5797,35.7,0.9708,0.9876,1.0812,0.7977,1.2130,1.2021,21.18,164924000,1326069651699,-1.000,21.695,nan,nan,nan,steady,2.1045,1.5207,0.1544,12.3435,15.0953
165024000,1783507928.621,83.028,2.0940,1.5080,0.1692,2.5860,35.8,0.9725,0.9892,1.0825,0.7956,1.2095,1.1987,19.28,165024000,1326069688785,-1.000,19.692,nan,nan,nan,steady,2.1075,1.5363,0.1547,12.3554,14.9777
165044000,1783507928.654,83.061,2.0991,1.5131,0.1697,2.5931,35.8,0.9726,0.9894,1.0821,0.7944,1.2071,1.1965,21.30,165044000,1326069719616,-1.000,21.848,nan,nan,nan,steady,2.1169,1.5422,0.1548,12.3525,14.9777
165068000,1783507928.686,83.093,2.1046,1.5183,0.1699,2.6006,35.8,0.9723,0.9891,1.0812,0.7944,1.2068,1.1962,22.49,165068000,1326069750468,-1.000,22.985,nan,nan,nan,steady,2.1241,1.5475,0.1540,12.3550,14.9777
165088000,1783507928.705,83.113,2.1100,1.5229,0.1701,2.6077,35.8,0.9724,0.9892,1.0807,0.7964,1.2093,1.1988,3.60,165088000,1326069788978,-1.000,4.108,nan,nan,nan,steady,2.1295,1.5496,0.1544,12.3575,14.9304
165104000,1783507928.737,83.145,2.1141,1.5267,0.1702,2.6132,35.8,0.9730,0.9898,1.0807,0.7998,1.2140,1.2036,21.93,165104000,1326069802409,-1.000,22.486,nan,nan,nan,steady,2.1276,1.5491,0.1538,12.3602,14.9304
165124000,1783507928.767,83.174,2.1168,1.5295,0.1702,2.6171,35.8,0.9736,0.9904,1.0807,0.8007,1.2150,1.2047,19.81,165124000,1326069833881,-1.000,20.240,nan,nan,nan,steady,2.1247,1.5477,0.1531,12.3628,14.9304
165204000,1783507928.799,83.206,2.1178,1.5327,0.1703,2.6198,35.9,0.9744,0.9912,1.0811,0.8059,1.2225,1.2122,23.87,165204000,1326069861938,-1.000,24.353,nan,nan,nan,steady,2.1165,1.5538,0.1538,12.3654,14.9816
165228000,1783507928.830,83.237,2.1182,1.5356,0.1706,2.6218,35.9,0.9758,0.9926,1.0821,0.8055,1.2214,1.2112,19.41,165228000,1326069897379,-1.000,19.883,nan,nan,nan,steady,2.1153,1.5546,0.1546,12.3627,14.9816
165248000,1783507928.862,83.270,2.1185,1.5382,0.1710,2.6236,36.0,0.9749,0.9917,1.0807,0.8057,1.2215,1.2114,23.05,165248000,1326069926243,-1.000,23.543,nan,nan,nan,steady,2.1154,1.5559,0.1559,12.3655,14.9816
165268000,1783507928.891,83.299,2.1183,1.5403,0.1714,2.6247,36.0,0.9742,0.9911,1.0796,0.8054,1.2207,1.2106,21.71,165268000,1326069956512,-1.000,22.213,nan,nan,nan,steady,2.1133,1.5555,0.1565,12.3684,14.9816
165284000,1783507928.923,83.330,2.1173,1.5415,0.1716,2.6246,36.1,0.9752,0.9920,1.0803,0.8069,1.2226,1.2126,19.84,165284000,1326069989798,-1.000,20.427,nan,nan,nan,steady,2.1093,1.5532,0.1556,12.3657,14.9014
165304000,1783507928.954,83.362,2.1155,1.5420,0.1715,2.6235,36.1,0.9764,0.9933,1.0814,0.8100,1.2271,1.2172,22.26,165304000,1326070019085,-1.000,22.716,nan,nan,nan,steady,2.1044,1.5513,0.1538,12.3743,14.9014
165384000,1783507928.984,83.392,2.1127,1.5439,0.1714,2.6223,36.2,0.9747,0.9915,1.0792,0.7983,1.2092,1.1995,19.59,165384000,1326070051710,-1.000,20.038,nan,nan,nan,steady,2.0965,1.5587,0.1536,12.3773,15.0211
165408000,1783507929.017,83.424,2.1107,1.5461,0.1715,2.6220,36.2,0.9743,0.9912,1.0786,0.8121,1.2299,1.2201,21.03,165408000,1326070082720,-1.000,21.505,nan,nan,nan,steady,2.0976,1.5626,0.1544,12.3842,15.0211
165428000,1783507929.047,83.455,2.1097,1.5487,0.1716,2.6227,36.3,0.9755,0.9923,1.0796,0.8140,1.2326,1.2228,20.15,165428000,1326070114232,-1.000,20.723,nan,nan,nan,steady,2.1013,1.5673,0.1551,12.3873,15.0211
165448000,1783507929.074,83.481,2.1094,1.5515,0.1717,2.6241,36.3,0.9744,0.9912,1.0781,0.8159,1.2353,1.2255,19.46,165448000,1326070141608,-1.000,19.924,nan,nan,nan,steady,2.1038,1.5708,0.1549,12.3824,15.0211
165464000,1783507929.107,83.515,2.1100,1.5547,0.1719,2.6266,36.4,0.9754,0.9923,1.0791,0.8143,1.2326,1.2228,21.57,165464000,1326070172755,-1.000,22.036,nan,nan,nan,steady,2.1087,1.5760,0.1556,12.3881,15.0211
165484000,1783507929.137,83.544,2.1104,1.5576,0.1720,2.6286,36.4,0.9760,0.9929,1.0794,0.8188,1.2393,1.2295,19.60,165484000,1326070203832,-1.000,20.287,nan,nan,nan,steady,2.1090,1.5777,0.1555,12.3971,14.9403
165504000,1783507929.165,83.573,2.1106,1.5599,0.1722,2.6302,36.5,0.9754,0.9923,1.0786,0.8200,1.2410,1.2312,20.05,165504000,1326070232303,-1.000,20.504,nan,nan,nan,steady,2.1080,1.5776,0.1557,12.3923,14.9403
165584000,1783507929.207,83.614,2.1098,1.5630,0.1722,2.6313,36.5,0.9768,0.9937,1.0799,0.8170,1.2363,1.2266,32.34,165584000,1326070261659,-1.000,32.821,nan,nan,nan,steady,2.1016,1.5847,0.1553,12.3943,14.9914
165608000,1783507929.236,83.644,2.1089,1.5656,0.1721,2.6321,36.6,0.9765,0.9934,1.0794,0.8196,1.2401,1.2304,20.00,165608000,1326070303462,-1.000,20.457,nan,nan,nan,steady,2.1008,1.5842,0.1542,12.4037,14.9914
165628000,1783507929.266,83.673,2.1082,1.5676,0.1718,2.6327,36.6,0.9771,0.9941,1.0799,0.8202,1.2410,1.2314,22.05,165628000,1326070330739,-1.000,22.485,nan,nan,nan,steady,2.1012,1.5839,0.1534,12.4073,14.9914
165644000,1783507929.299,83.706,2.1077,1.5692,0.1714,2.6333,36.7,0.9771,0.9940,1.0795,0.8189,1.2390,1.2293,21.09,165644000,1326070364574,-1.000,21.560,nan,nan,nan,steady,2.1018,1.5835,0.1524,12.4050,14.9914
165668000,1783507929.327,83.735,2.1075,1.5705,0.1709,2.6338,36.7,0.9772,0.9942,1.0794,0.8198,1.2402,1.2305,19.53,165668000,1326070395005,-1.000,19.996,nan,nan,nan,steady,2.1027,1.5833,0.1511,12.4087,14.9914
165688000,1783507929.355,83.762,2.1078,1.5713,0.1704,2.6345,36.7,0.9772,0.9942,1.0790,0.8227,1.2445,1.2349,20.24,165688000,1326070421855,-1.000,20.686,nan,nan,nan,steady,2.1052,1.5821,0.1511,12.4101,14.9954
165744000,1783507929.387,83.795,2.1073,1.5725,0.1700,2.6349,36.7,0.9755,0.9925,1.0768,0.8098,1.2250,1.2155,19.65,165744000,1326070454847,-1.000,20.100,nan,nan,nan,steady,2.1014,1.5855,0.1512,12.4159,14.9954
165764000,1783507929.421,83.828,2.1071,1.5735,0.1696,2.6352,36.8,0.9776,0.9946,1.0788,0.8215,1.2426,1.2330,22.23,165764000,1326070485897,-1.000,22.648,nan,nan,nan,steady,2.1021,1.5857,0.1506,12.4193,14.9954
165788000,1783507929.451,83.859,2.1072,1.5746,0.1688,2.6359,36.8,0.9779,0.9949,1.0789,0.8195,1.2395,1.2300,20.73,165788000,1326070517576,-1.000,21.250,nan,nan,nan,steady,2.1035,1.5868,0.1484,12.4230,15.0352
165808000,1783507929.479,83.886,2.1080,1.5758,0.1680,2.6372,36.8,0.9779,0.9949,1.0785,0.8198,1.2400,1.2304,20.53,165808000,1326070545525,-1.000,20.917,nan,nan,nan,steady,2.1071,1.5888,0.1473,12.4269,15.0352
165824000,1783507929.515,83.922,2.1090,1.5770,0.1670,2.6388,36.8,0.9785,0.9956,1.0789,0.8186,1.2382,1.2287,24.22,165824000,1326070577569,-1.000,24.764,nan,nan,nan,steady,2.1094,1.5904,0.1456,12.4249,15.0352
165848000,1783507929.544,83.951,2.1108,1.5787,0.1660,2.6411,36.8,0.9789,0.9960,1.0790,0.8187,1.2382,1.2287,19.33,165848000,1326070611341,-1.000,19.795,nan,nan,nan,steady,2.1147,1.5942,0.1448,12.4289,15.0352
165868000,1783507929.553,83.961,2.1131,1.5804,0.1650,2.6438,36.8,0.9776,0.9947,1.0773,0.8218,1.2431,1.2335,2.70,165868000,1326070637859,-1.000,3.139,nan,nan,nan,steady,2.1184,1.5955,0.1438,12.4310,15.0352
165944000,1783507929.596,84.004,2.1145,1.5829,0.1640,2.6464,36.8,0.9793,0.9963,1.0788,0.8236,1.2458,1.2362,20.64,165944000,1326070662536,-1.000,21.216,nan,nan,nan,steady,2.1153,1.6029,0.1429,12.4334,15.0515
165964000,1783507929.625,84.033,2.1162,1.5853,0.1631,2.6492,36.8,0.9784,0.9954,1.0775,0.8220,1.2434,1.2338,19.84,165964000,1326070692724,-1.000,20.345,nan,nan,nan,steady,2.1189,1.6041,0.1425,12.4316,15.0515
165984000,1783507929.654,84.061,2.1184,1.5875,0.1622,2.6522,36.8,0.9794,0.9965,1.0783,0.8242,1.2468,1.2372,21.03,165984000,1326070719836,-1.000,21.517,nan,nan,nan,steady,2.1232,1.6047,0.1418,12.4419,15.0655
166004000,1783507929.688,84.096,2.1211,1.5893,0.1614,2.6553,36.8,0.9795,0.9966,1.0780,0.8222,1.2437,1.2342,22.74,166004000,1326070752456,-1.000,23.260,nan,nan,nan,steady,2.1280,1.6050,0.1412,12.4401,15.0655
166024000,1783507929.717,84.125,2.1240,1.5908,0.1607,2.6586,36.8,0.9798,0.9968,1.0780,0.8223,1.2439,1.2343,19.71,166024000,1326070784498,-1.000,20.133,nan,nan,nan,steady,2.1323,1.6051,0.1415,12.4445,15.0655
166044000,1783507929.748,84.156,2.1269,1.5917,0.1602,2.6614,36.8,0.9797,0.9968,1.0775,0.8235,1.2457,1.2362,23.96,166044000,1326070811287,-1.000,24.480,nan,nan,nan,steady,2.1346,1.6031,0.1412,12.4410,15.0655
166148000,1783507929.786,84.193,2.1279,1.5932,0.1595,2.6630,36.8,0.9810,0.9981,1.0786,0.8258,1.2492,1.2396,19.63,166148000,1326070853333,-1.000,20.108,nan,nan,nan,steady,2.1267,1.6085,0.1404,12.4572,15.0293
166164000,1783507929.813,84.220,2.1286,1.5937,0.1589,2.6638,36.8,0.9814,0.9985,1.0787,0.8265,1.2502,1.2406,19.87,166164000,1326070880096,-1.000,20.267,nan,nan,nan,steady,2.1269,1.6038,0.1401,12.4540,15.0293
166188000,1783507929.847,84.254,2.1281,1.5927,0.1583,2.6628,36.8,0.9817,0.9989,1.0788,0.8288,1.2539,1.2442,22.13,166188000,1326070911653,-1.000,22.645,nan,nan,nan,steady,2.1225,1.5963,0.1395,12.4524,14.9393
166204000,1783507929.877,84.284,2.1266,1.5902,0.1579,2.6601,36.8,0.9814,0.9985,1.0782,0.8274,1.2519,1.2422,19.61,166204000,1326070944187,-1.000,20.064,nan,nan,nan,steady,2.1170,1.5874,0.1397,12.4571,14.9393
166224000,1783507929.908,84.315,2.1242,1.5867,0.1576,2.6560,36.8,0.9812,0.9983,1.0778,0.8272,1.2516,1.2420,23.98,166224000,1326070970954,-1.000,24.425,nan,nan,nan,steady,2.1101,1.5795,0.1405,12.4540,14.9393
166248000,1783507929.940,84.348,2.1208,1.5825,0.1575,2.6508,36.7,0.9816,0.9987,1.0781,0.8234,1.2461,1.2365,20.75,166248000,1326071006545,-1.000,21.263,nan,nan,nan,steady,2.1030,1.5724,0.1413,12.4603,14.9393
166344000,1783507929.975,84.382,2.1160,1.5794,0.1578,2.6452,36.7,0.9807,0.9978,1.0771,0.8243,1.2476,1.2379,22.12,166344000,1326071039936,-1.000,22.582,nan,nan,nan,steady,2.0903,1.5755,0.1437,12.4692,15.0500
166364000,1783507930.008,84.416,2.1121,1.5765,0.1581,2.6403,36.7,0.9809,0.9980,1.0773,0.8193,1.2403,1.2306,21.10,166364000,1326071073986,-1.000,21.648,nan,nan,nan,steady,2.0907,1.5721,0.1437,12.4677,15.0500
166384000,1783507930.037,84.444,2.1099,1.5741,0.1582,2.6371,36.7,0.9798,0.9969,1.0760,0.8196,1.2408,1.2312,19.25,166384000,1326071104542,-1.000,19.666,nan,nan,nan,steady,2.0963,1.5720,0.1430,12.4650,15.0778
166408000,1783507930.068,84.475,2.1097,1.5725,0.1582,2.6361,36.7,0.9792,0.9963,1.0752,0.8182,1.2387,1.2290,21.79,166408000,1326071133131,-1.000,22.225,nan,nan,nan,steady,2.1050,1.5745,0.1422,12.4701,15.0778
166428000,1783507930.098,84.505,2.1112,1.5717,0.1581,2.6368,36.7,0.9797,0.9968,1.0756,0.8168,1.2366,1.2270,19.38,166428000,1326071165625,-1.000,19.892,nan,nan,nan,steady,2.1136,1.5769,0.1415,12.4688,15.0778
166448000,1783507930.127,84.534,2.1141,1.5716,0.1578,2.6390,36.6,0.9781,0.9952,1.0736,0.8176,1.2378,1.2281,19.48,166448000,1326071194457,-1.000,19.939,nan,nan,nan,steady,2.1226,1.5800,0.1403,12.4663,15.0778
166548000,1783507930.166,84.574,2.1170,1.5738,0.1572,2.6426,36.6,0.9794,0.9965,1.0747,0.8182,1.2387,1.2290,24.39,166548000,1326071228796,-1.000,24.882,nan,nan,nan,steady,2.1237,1.5926,0.1386,12.4719,15.1292
166568000,1783507930.196,84.604,2.1216,1.5768,0.1566,2.6480,36.6,0.9797,0.9969,1.0748,0.8179,1.2382,1.2286,19.39,166568000,1326071263797,-1.000,19.884,nan,nan,nan,steady,2.1367,1.5988,0.1380,12.4773,15.1292
166588000,1783507930.228,84.636,2.1269,1.5798,0.1560,2.6541,36.6,0.9800,0.9972,1.0748,0.8214,1.2434,1.2338,24.92,166588000,1326071290358,-1.000,25.352,nan,nan,nan,steady,2.1448,1.6017,0.1375,12.4816,15.1109
166608000,1783507930.259,84.667,2.1325,1.5828,0.1554,2.6603,36.6,0.9797,0.9968,1.0740,0.8185,1.2390,1.2294,19.70,166608000,1326071326849,-1.000,20.129,nan,nan,nan,steady,2.1515,1.6041,0.1371,12.4881,15.1109
166624000,1783507930.288,84.696,2.1380,1.5855,0.1549,2.6662,36.6,0.9803,0.9975,1.0742,0.8201,1.2412,1.2316,19.68,166624000,1326071355835,-1.000,20.099,nan,nan,nan,steady,2.1561,1.6051,0.1366,12.4860,15.1109
166644000,1783507930.319,84.727,2.1431,1.5877,0.1543,2.6716,36.5,0.9804,0.9976,1.0740,0.8217,1.2434,1.2339,23.71,166644000,1326071382663,-1.000,24.104,nan,nan,nan,steady,2.1595,1.6051,0.1364,12.4840,15.1109
166724000,1783507930.352,84.760,2.1464,1.5907,0.1538,2.6760,36.5,0.9793,0.9965,1.0724,0.8079,1.2223,1.2131,19.26,166724000,1326071420036,-1.000,19.692,nan,nan,nan,steady,2.1548,1.6122,0.1354,12.4830,15.1109
166748000,1783507930.389,84.796,2.1492,1.5933,0.1533,2.6798,36.6,0.9803,0.9975,1.0731,0.8249,1.2479,1.2384,26.27,166748000,1326071449546,-1.000,26.811,nan,nan,nan,steady,2.1565,1.6126,0.1354,12.4915,15.0720
166764000,1783507930.399,84.807,2.1511,1.5949,0.1527,2.6821,36.6,0.9812,0.9984,1.0735,0.8266,1.2502,1.2408,3.12,166764000,1326071483154,-1.000,3.678,nan,nan,nan,steady,2.1537,1.6097,0.1340,12.4897,15.0720
166784000,1783507930.441,84.848,2.1531,1.5964,0.1520,2.6847,36.6,0.9812,0.9985,1.0731,0.8235,1.2454,1.2361,19.97,166784000,1326071507660,-1.000,20.519,nan,nan,nan,steady,2.1570,1.6110,0.1334,12.4889,15.1238
166808000,1783507930.472,84.879,2.1555,1.5978,0.1514,2.6874,36.5,0.9815,0.9988,1.0730,0.8243,1.2463,1.2370,21.79,166808000,1326071537199,-1.000,22.281,nan,nan,nan,steady,2.1606,1.6120,0.1327,12.4947,15.1238
166824000,1783507930.500,84.908,2.1579,1.5989,0.1508,2.6900,36.5,0.9831,1.0004,1.0742,0.8259,1.2486,1.2394,20.78,166824000,1326071566280,-1.000,21.309,nan,nan,nan,steady,2.1633,1.6122,0.1323,12.4931,15.1238
166924000,1783507930.552,84.960,2.1585,1.6010,0.1503,2.6916,36.6,0.9834,1.0007,1.0740,0.8335,1.2598,1.2505,31.68,166924000,1326071607747,-1.000,32.305,nan,nan,nan,steady,2.1553,1.6199,0.1322,12.4948,15.0588
166944000,1783507930.581,84.988,2.1589,1.6024,0.1499,2.6927,36.6,0.9843,1.0017,1.0745,0.8346,1.2612,1.2520,21.21,166944000,1326071646809,-1.000,21.700,nan,nan,nan,steady,2.1560,1.6170,0.1320,12.4935,15.0588
166968000,1783507930.613,85.021,2.1594,1.6030,0.1497,2.6935,36.6,0.9844,1.0018,1.0741,0.8334,1.2591,1.2500,20.45,166968000,1326071679731,-1.000,20.927,nan,nan,nan,steady,2.1577,1.6144,0.1329,12.5004,15.0588
166988000,1783507930.646,85.053,2.1593,1.6027,0.1495,2.6932,36.6,0.9848,1.0022,1.0740,0.8366,1.2637,1.2546,23.21,166988000,1326071709715,-1.000,23.729,nan,nan,nan,steady,2.1548,1.6096,0.1329,12.4990,15.0030
167008000,1783507930.674,85.082,2.1587,1.6015,0.1494,2.6920,36.6,0.9853,1.0026,1.0739,0.8373,1.2645,1.2555,21.14,167008000,1326071740182,-1.000,21.536,nan,nan,nan,steady,2.1525,1.6052,0.1329,12.4979,15.0030
167028000,1783507930.711,85.119,2.1576,1.5997,0.1492,2.6901,36.6,0.9860,1.0034,1.0742,0.8346,1.2601,1.2512,25.76,167028000,1326071772787,-1.000,26.218,nan,nan,nan,steady,2.1497,1.6010,0.1323,12.5047,15.0030
167108000,1783507930.749,85.156,2.1553,1.5986,0.1489,2.6875,36.6,0.9860,1.0034,1.0736,0.8377,1.2646,1.2558,21.23,167108000,1326071814408,-1.000,21.715,nan,nan,nan,steady,2.1409,1.6037,0.1319,12.5085,15.0053
167128000,1783507930.775,85.183,2.1530,1.5972,0.1487,2.6849,36.6,0.9870,1.0044,1.0742,0.8392,1.2667,1.2579,19.41,167128000,1326071842815,-1.000,19.794,nan,nan,nan,steady,2.1399,1.6009,0.1317,12.5076,15.0053
167144000,1783507930.811,85.218,2.1512,1.5957,0.1485,2.6825,36.6,0.9864,1.0038,1.0731,0.8373,1.2636,1.2549,23.97,167144000,1326071873702,-1.000,24.477,nan,nan,nan,steady,2.1403,1.5987,0.1312,12.5072,15.0053
167168000,1783507930.840,85.248,2.1502,1.5945,0.1482,2.6810,36.6,0.9872,1.0047,1.0735,0.8383,1.2648,1.2561,20.19,167168000,1326071907195,-1.000,20.849,nan,nan,nan,steady,2.1433,1.5991,0.1312,12.5137,15.0053
167184000,1783507930.872,85.279,2.1508,1.5940,0.1481,2.6812,36.5,0.9871,1.0046,1.0729,0.8337,1.2576,1.2490,23.96,167184000,1326071934907,-1.000,24.446,nan,nan,nan,steady,2.1498,1.6014,0.1313,12.5130,15.1204
167204000,1783507930.905,85.313,2.1530,1.5944,0.1480,2.6832,36.5,0.9865,1.0040,1.0718,0.8320,1.2547,1.2462,21.10,167204000,1326071971568,-1.000,21.519,nan,nan,nan,steady,2.1585,1.6055,0.1314,12.5127,15.1204
167308000,1783507930.942,85.350,2.1533,1.5959,0.1480,2.6843,36.5,0.9885,1.0060,1.0734,0.8461,1.2757,1.2672,24.27,167308000,1326072005374,-1.000,24.693,nan,nan,nan,steady,2.1501,1.6131,0.1317,12.5247,14.9930
167324000,1783507930.975,85.382,2.1533,1.5969,0.1479,2.6849,36.6,0.9880,1.0055,1.0724,0.8449,1.2736,1.2651,20.35,167324000,1326072041367,-1.000,20.867,nan,nan,nan,steady,2.1495,1.6114,0.1315,12.5245,14.9930
167348000,1783507931.006,85.414,2.1530,1.5973,0.1476,2.6849,36.6,0.9889,1.0064,1.0728,0.8447,1.2730,1.2646,22.39,167348000,1326072071071,-1.000,22.911,nan,nan,nan,steady,2.1486,1.6091,0.1301,12.5241,14.9930
167368000,1783507931.038,85.445,2.1530,1.5977,0.1472,2.6851,36.6,0.9891,1.0067,1.0725,0.8406,1.2665,1.2583,24.37,167368000,1326072100666,-1.000,24.841,nan,nan,nan,steady,2.1491,1.6084,0.1294,12.5309,15.0588
167384000,1783507931.069,85.477,2.1530,1.5979,0.1468,2.6852,36.6,0.9894,1.0069,1.0723,0.8396,1.2648,1.2566,19.77,167384000,1326072136680,-1.000,20.238,nan,nan,nan,steady,2.1488,1.6082,0.1287,12.5308,15.0588
167408000,1783507931.098,85.506,2.1533,1.5982,0.1463,2.6856,36.6,0.9898,1.0074,1.0724,0.8420,1.2681,1.2600,19.98,167408000,1326072165722,-1.000,20.382,nan,nan,nan,steady,2.1509,1.6092,0.1278,12.5306,15.0588
167488000,1783507931.131,85.539,2.1514,1.5988,0.1458,2.6844,36.6,0.9894,1.0070,1.0715,0.8493,1.2789,1.2707,18.69,167488000,1326072199725,-1.000,19.258,nan,nan,nan,steady,2.1385,1.6113,0.1277,12.5374,14.9996
167504000,1783507931.162,85.570,2.1487,1.5986,0.1453,2.6821,36.6,0.9912,1.0088,1.0730,0.8479,1.2765,1.2684,19.57,167504000,1326072229897,-1.000,19.979,nan,nan,nan,steady,2.1331,1.6075,0.1271,12.5445,14.9996
167524000,1783507931.196,85.603,2.1458,1.5978,0.1448,2.6793,36.7,0.9917,1.0093,1.0731,0.8500,1.2795,1.2714,24.15,167524000,1326072258749,-1.000,24.619,nan,nan,nan,steady,2.1294,1.6041,0.1270,12.5446,14.9996
167544000,1783507931.224,85.631,2.1427,1.5965,0.1445,2.6760,36.7,0.9914,1.0091,1.0724,0.8515,1.2816,1.2736,19.85,167544000,1326072291239,-1.000,20.257,nan,nan,nan,steady,2.1257,1.6005,0.1274,12.5448,14.9996
167564000,1783507931.240,85.648,2.1395,1.5947,0.1443,2.6723,36.7,0.9933,1.0109,1.0740,0.8530,1.2837,1.2757,5.11,167564000,1326072322507,-1.000,5.554,nan,nan,nan,steady,2.1219,1.5964,0.1272,12.5520,14.9996
167588000,1783507931.276,85.684,2.1366,1.5927,0.1440,2.6688,36.7,0.9935,1.0112,1.0738,0.8479,1.2759,1.2680,22.62,167588000,1326072340487,-1.000,23.107,nan,nan,nan,steady,2.1206,1.5931,0.1268,12.5521,15.0479
167684000,1783507931.314,85.722,2.1322,1.5913,0.1438,2.6644,36.7,0.9936,1.0113,1.0734,0.8527,1.2828,1.2750,23.31,167684000,1326072378059,-1.000,23.752,nan,nan,nan,steady,2.1082,1.5958,0.1268,12.5606,15.0063
167704000,1783507931.344,85.751,2.1280,1.5893,0.1435,2.6599,36.8,0.9946,1.0124,1.0741,0.8543,1.2852,1.2773,20.31,167704000,1326072410676,-1.000,20.752,nan,nan,nan,steady,2.1062,1.5906,0.1264,12.5611,15.0063
167724000,1783507931.374,85.782,2.1243,1.5869,0.1434,2.6554,36.8,0.9949,1.0126,1.0740,0.8543,1.2851,1.2772,23.44,167724000,1326072438177,-1.000,23.920,nan,nan,nan,steady,2.1043,1.5858,0.1269,12.5686,15.0063
167744000,1783507931.407,85.815,2.1204,1.5839,0.1433,2.6505,36.8,0.9962,1.0140,1.0751,0.8545,1.2852,1.2774,21.14,167744000,1326072473264,-1.000,21.571,nan,nan,nan,steady,2.0999,1.5799,0.1270,12.5690,15.0063
167764000,1783507931.442,85.849,2.1167,1.5804,0.1433,2.6455,36.7,0.9954,1.0132,1.0740,0.8549,1.2858,1.2780,24.96,167764000,1326072503773,-1.000,25.481,nan,nan,nan,steady,2.0966,1.5744,0.1273,12.5697,15.0063
167784000,1783507931.472,85.879,2.1129,1.5761,0.1435,2.6399,36.7,0.9957,1.0135,1.0739,0.8617,1.2959,1.2881,23.13,167784000,1326072535929,-1.000,23.594,nan,nan,nan,steady,2.0932,1.5671,0.1283,12.5705,14.9358
167864000,1783507931.506,85.914,2.1073,1.5724,0.1438,2.6332,36.7,0.9957,1.0135,1.0736,0.8479,1.2750,1.2674,19.46,167864000,1326072573770,-1.000,19.920,nan,nan,nan,steady,2.0797,1.5664,0.1293,12.5777,14.9358
167888000,1783507931.538,85.945,2.1024,1.5687,0.1441,2.6271,36.7,0.9962,1.0141,1.0738,0.8562,1.2873,1.2797,21.79,167888000,1326072602725,-1.000,22.391,nan,nan,nan,steady,2.0773,1.5624,0.1290,12.5877,15.0359
167904000,1783507931.564,85.972,2.0987,1.5652,0.1444,2.6221,36.7,0.9965,1.0143,1.0736,0.8578,1.2895,1.2818,19.57,167904000,1326072631791,-1.000,20.058,nan,nan,nan,steady,2.0784,1.5598,0.1290,12.5887,15.0359
167924000,1783507931.599,86.007,2.0963,1.5623,0.1447,2.6184,36.7,0.9971,1.0149,1.0738,0.8565,1.2873,1.2797,23.66,167924000,1326072662886,-1.000,24.145,nan,nan,nan,steady,2.0824,1.5593,0.1292,12.5893,15.0359
167944000,1783507931.630,86.038,2.0956,1.5601,0.1449,2.6166,36.7,0.9980,1.0159,1.0743,0.8574,1.2884,1.2809,21.39,167944000,1326072696136,-1.000,21.891,nan,nan,nan,steady,2.0891,1.5610,0.1292,12.5972,15.0359
167964000,1783507931.659,86.066,2.0965,1.5587,0.1454,2.6164,36.6,0.9988,1.0167,1.0746,0.8615,1.2942,1.2868,21.10,167964000,1326072724745,-1.000,21.555,nan,nan,nan,steady,2.0965,1.5627,0.1310,12.5984,15.0359
167988000,1783507931.694,86.101,2.0986,1.5578,0.1461,2.6176,36.6,0.9984,1.0163,1.0736,0.8582,1.2889,1.2816,22.42,167988000,1326072758348,-1.000,23.018,nan,nan,nan,steady,2.1038,1.5638,0.1322,12.5991,15.0644
168064000,1783507931.722,86.130,2.1004,1.5580,0.1468,2.6192,36.6,1.0006,1.0185,1.0754,0.8643,1.2977,1.2904,19.10,168064000,1326072790241,-1.000,19.548,nan,nan,nan,steady,2.1029,1.5696,0.1329,12.6105,15.0644
168088000,1783507931.758,86.166,2.1026,1.5580,0.1474,2.6211,36.5,1.0007,1.0187,1.0750,0.8691,1.3045,1.2973,19.17,168088000,1326072826499,-1.000,19.590,nan,nan,nan,steady,2.1081,1.5681,0.1329,12.6120,15.0181
168108000,1783507931.792,86.200,2.1050,1.5576,0.1479,2.6228,36.5,1.0001,1.0181,1.0737,0.8641,1.2966,1.2896,22.20,168108000,1326072857164,-1.000,22.868,nan,nan,nan,steady,2.1114,1.5654,0.1331,12.6120,15.0181
168128000,1783507931.821,86.229,2.1077,1.5571,0.1485,2.6247,36.5,1.0014,1.0194,1.0744,0.8665,1.2998,1.2928,19.44,168128000,1326072889021,-1.000,19.915,nan,nan,nan,steady,2.1153,1.5645,0.1339,12.6135,15.0181
168148000,1783507931.853,86.260,2.1099,1.5563,0.1491,2.6260,36.4,1.0018,1.0198,1.0742,0.8680,1.3015,1.2946,21.94,168148000,1326072917852,-1.000,22.404,nan,nan,nan,steady,2.1151,1.5622,0.1338,12.6151,15.0181
168248000,1783507931.890,86.297,2.1108,1.5566,0.1495,2.6270,36.4,1.0034,1.0215,1.0753,0.8690,1.3026,1.2958,21.18,168248000,1326072955811,-1.000,21.704,nan,nan,nan,steady,2.1091,1.5685,0.1336,12.6286,15.0761
168264000,1783507931.920,86.327,2.1126,1.5572,0.1497,2.6287,36.4,1.0036,1.0216,1.0748,0.8679,1.3006,1.2939,23.04,168264000,1326072984100,-1.000,23.445,nan,nan,nan,steady,2.1155,1.5694,0.1330,12.6370,15.0761
168288000,1783507931.951,86.359,2.1170,1.5591,0.1499,2.6335,36.4,1.0048,1.0229,1.0753,0.8625,1.2920,1.2855,19.85,168288000,1326073018647,-1.000,20.357,nan,nan,nan,steady,2.1316,1.5774,0.1329,12.6380,15.2011
168308000,1783507931.980,86.388,2.1239,1.5624,0.1500,2.6409,36.3,1.0045,1.0226,1.0742,0.8642,1.2941,1.2877,19.59,168308000,1326073047766,-1.000,20.024,nan,nan,nan,steady,2.1492,1.5861,0.1328,12.6400,15.2011
168324000,1783507932.007,86.415,2.1329,1.5667,0.1501,2.6507,36.3,1.0062,1.0244,1.0752,0.8672,1.2980,1.2917,20.11,168324000,1326073074451,-1.000,20.512,nan,nan,nan,steady,2.1670,1.5948,0.1320,12.6420,15.2011
168344000,1783507932.039,86.446,2.1438,1.5721,0.1500,2.6627,36.3,1.0072,1.0254,1.0754,0.8645,1.2935,1.2873,19.86,168344000,1326073106059,-1.000,20.336,nan,nan,nan,steady,2.1867,1.6058,0.1316,12.6430,15.2011
168444000,1783507932.070,86.477,2.1531,1.5786,0.1498,2.6740,36.2,1.0089,1.0271,1.0764,0.8777,1.3126,1.3065,17.24,168444000,1326073139591,-1.000,17.688,nan,nan,nan,steady,2.1879,1.6179,0.1313,12.6659,15.0974
168464000,1783507932.106,86.513,2.1618,1.5845,0.1495,2.6844,36.2,1.0093,1.0276,1.0762,0.8758,1.3094,1.3033,24.07,168464000,1326073168527,-1.000,24.801,nan,nan,nan,steady,2.1944,1.6205,0.1303,12.6670,15.0974
168484000,1783507932.136,86.544,2.1683,1.5886,0.1490,2.6921,36.2,1.0089,1.0271,1.0750,0.8854,1.3233,1.3173,21.14,168484000,1326073202277,-1.000,21.747,nan,nan,nan,steady,2.1917,1.6161,0.1297,12.6695,15.0357
168508000,1783507932.165,86.572,2.1721,1.5904,0.1485,2.6962,36.2,1.0097,1.0280,1.0753,0.8869,1.3252,1.3193,21.29,168508000,1326073230683,-1.000,21.678,nan,nan,nan,steady,2.1833,1.6070,0.1294,12.6719,15.0357
168528000,1783507932.197,86.604,2.1733,1.5899,0.1481,2.6968,36.2,1.0097,1.0279,1.0746,0.8823,1.3180,1.3121,20.21,168528000,1326073263629,-1.000,20.766,nan,nan,nan,steady,2.1732,1.5961,0.1291,12.6732,15.0357
168548000,1783507932.228,86.636,2.1720,1.5874,0.1475,2.6943,36.2,1.0115,1.0299,1.0761,0.8815,1.3166,1.3109,21.01,168548000,1326073294289,-1.000,21.455,nan,nan,nan,steady,2.1613,1.5849,0.1279,12.6680,15.0357
168648000,1783507932.265,86.673,2.1663,1.5844,0.1471,2.6880,36.2,1.0104,1.0288,1.0745,0.8680,1.2962,1.2905,24.26,168648000,1326073327968,-1.000,24.754,nan,nan,nan,steady,2.1366,1.5802,0.1274,12.6770,15.0261
168668000,1783507932.295,86.702,2.1595,1.5800,0.1465,2.6798,36.2,1.0109,1.0293,1.0745,0.8852,1.3218,1.3161,19.95,168668000,1326073361720,-1.000,20.469,nan,nan,nan,steady,2.1256,1.5698,0.1268,12.6880,15.0261
168688000,1783507932.325,86.732,2.1524,1.5749,0.1459,2.6710,36.2,1.0125,1.0309,1.0759,0.8801,1.3141,1.3084,22.37,168688000,1326073389228,-1.000,23.137,nan,nan,nan,steady,2.1174,1.5617,0.1263,12.6832,15.0511
168708000,1783507932.358,86.765,2.1453,1.5695,0.1454,2.6621,36.2,1.0126,1.0310,1.0757,0.8773,1.3098,1.3042,20.86,168708000,1326073423985,-1.000,21.491,nan,nan,nan,steady,2.1108,1.5553,0.1261,12.6909,15.0511
168728000,1783507932.390,86.797,2.1388,1.5640,0.1450,2.6536,36.2,1.0125,1.0309,1.0753,0.8785,1.3116,1.3060,21.98,168728000,1326073454642,-1.000,22.738,nan,nan,nan,steady,2.1069,1.5502,0.1262,12.6939,15.0511
168748000,1783507932.419,86.826,2.1330,1.5586,0.1445,2.6458,36.2,1.0129,1.0313,1.0754,0.8773,1.3099,1.3043,20.13,168748000,1326073485564,-1.000,20.729,nan,nan,nan,steady,2.1048,1.5450,0.1255,12.6969,15.0511
168808000,1783507932.454,86.861,2.1274,1.5540,0.1443,2.6385,36.1,1.0118,1.0302,1.0741,0.8676,1.2954,1.2899,20.65,168808000,1326073520153,-1.000,21.292,nan,nan,nan,steady,2.0999,1.5444,0.1261,12.6985,15.0511
168824000,1783507932.487,86.895,2.1239,1.5505,0.1442,2.6336,36.1,1.0123,1.0307,1.0743,0.8714,1.3010,1.2955,21.47,168824000,1326073552760,-1.000,22.125,nan,nan,nan,steady,2.1047,1.5449,0.1268,12.6986,15.1487
168844000,1783507932.522,86.930,2.1229,1.5481,0.1441,2.6314,36.1,1.0123,1.0307,1.0739,0.8708,1.3001,1.2946,24.74,168844000,1326073583992,-1.000,25.661,nan,nan,nan,steady,2.1146,1.5480,0.1267,12.7019,15.1487
168868000,1783507932.549,86.957,2.1242,1.5470,0.1442,2.6318,36.1,1.0130,1.0315,1.0744,0.8724,1.3024,1.2969,19.85,168868000,1326073616636,-1.000,20.450,nan,nan,nan,steady,2.1262,1.5525,0.1274,12.7052,15.1487
168884000,1783507932.583,86.991,2.1269,1.5465,0.1441,2.6336,36.0,1.0123,1.0308,1.0733,0.8721,1.3018,1.2964,21.73,168884000,1326073648342,-1.000,22.354,nan,nan,nan,steady,2.1344,1.5548,0.1268,12.7069,15.0904
168908000,1783507932.614,87.021,2.1309,1.5466,0.1439,2.6369,36.0,1.0133,1.0318,1.0739,0.8721,1.3018,1.2964,20.45,168908000,1326073680094,-1.000,21.095,nan,nan,nan,steady,2.1445,1.5573,0.1263,12.7025,15.0904
168928000,1783507932.643,87.051,2.1360,1.5471,0.1439,2.6413,35.9,1.0142,1.0327,1.0746,0.8741,1.3047,1.2993,21.68,168928000,1326073708251,-1.000,22.364,nan,nan,nan,steady,2.1543,1.5597,0.1274,12.7060,15.0904
169008000,1783507932.680,87.087,2.1402,1.5485,0.1442,2.6456,35.9,1.0157,1.0342,1.0758,0.8721,1.3016,1.2962,22.55,169008000,1326073744305,-1.000,23.146,nan,nan,nan,steady,2.1531,1.5657,0.1292,12.7089,15.0889
169028000,1783507932.714,87.121,2.1441,1.5492,0.1445,2.6492,35.9,1.0148,1.0333,1.0745,0.8737,1.3040,1.2986,23.96,169028000,1326073776713,-1.000,24.604,nan,nan,nan,steady,2.1560,1.5620,0.1291,12.7126,15.0889
169044000,1783507932.743,87.151,2.1478,1.5491,0.1448,2.6521,35.8,1.0152,1.0337,1.0747,0.8749,1.3056,1.3003,22.16,169044000,1326073808192,-1.000,22.778,nan,nan,nan,steady,2.1592,1.5576,0.1298,12.7163,15.0889
169064000,1783507932.778,87.185,2.1513,1.5482,0.1450,2.6544,35.7,1.0158,1.0343,1.0750,0.8679,1.2951,1.2899,22.59,169064000,1326073842296,-1.000,23.225,nan,nan,nan,steady,2.1612,1.5530,0.1295,12.7103,15.0889
169084000,1783507932.813,87.221,2.1549,1.5468,0.1452,2.6565,35.7,1.0159,1.0345,1.0748,0.8658,1.2919,1.2868,19.19,169084000,1326073881176,-1.000,19.805,nan,nan,nan,steady,2.1656,1.5497,0.1295,12.7142,15.1225
169104000,1783507932.842,87.250,2.1590,1.5453,0.1454,2.6590,35.6,1.0164,1.0350,1.0751,0.8670,1.2935,1.2883,21.64,169104000,1326073907794,-1.000,22.175,nan,nan,nan,steady,2.1722,1.5478,0.1301,12.7181,15.1225
169184000,1783507932.872,87.280,2.1612,1.5437,0.1456,2.6599,35.5,1.0163,1.0349,1.0747,0.8726,1.3018,1.2967,20.12,169184000,1326073938987,-1.000,20.779,nan,nan,nan,steady,2.1656,1.5463,0.1299,12.7222,15.0365
169208000,1783507932.903,87.311,2.1625,1.5408,0.1454,2.6592,35.5,1.0156,1.0341,1.0735,0.8703,1.2984,1.2933,20.10,169208000,1326073970369,-1.000,20.679,nan,nan,nan,steady,2.1630,1.5374,0.1286,12.7183,15.0365
169224000,1783507932.915,87.323,2.1629,1.5370,0.1452,2.6574,35.4,1.0171,1.0357,1.0749,0.8713,1.2998,1.2947,3.93,169224000,1326073997997,-1.000,4.677,nan,nan,nan,steady,2.1602,1.5297,0.1280,12.7225,15.0365
169244000,1783507932.958,87.365,2.1630,1.5327,0.1450,2.6550,35.3,1.0163,1.0349,1.0737,0.8684,1.2954,1.2903,21.78,169244000,1326074022823,-1.000,22.439,nan,nan,nan,steady,2.1592,1.5231,0.1281,12.7246,15.0365
169268000,1783507932.991,87.399,2.1631,1.5282,0.1449,2.6525,35.2,1.0158,1.0344,1.0729,0.8664,1.2923,1.2873,23.85,169268000,1326074054479,-1.000,24.513,nan,nan,nan,steady,2.1596,1.5181,0.1285,12.7209,15.0365
169284000,1783507933.021,87.429,2.1642,1.5243,0.1450,2.6511,35.2,1.0156,1.0342,1.0724,0.8581,1.2800,1.2750,22.28,169284000,1326074085853,-1.000,22.942,nan,nan,nan,steady,2.1642,1.5162,0.1291,12.7252,15.1582
169384000,1783507933.061,87.468,2.1633,1.5209,0.1451,2.6484,35.1,1.0176,1.0363,1.0744,0.8717,1.3001,1.2951,21.55,169384000,1326074126084,-1.000,22.159,nan,nan,nan,steady,2.1545,1.5168,0.1300,12.7270,14.9841
169408000,1783507933.086,87.493,2.1622,1.5171,0.1453,2.6454,35.1,1.0177,1.0364,1.0744,0.8698,1.2972,1.2923,17.77,169408000,1326074155135,-1.000,18.336,nan,nan,nan,steady,2.1535,1.5108,0.1307,12.7234,14.9841
169428000,1783507933.119,87.526,2.1601,1.5123,0.1454,2.6408,35.0,1.0165,1.0352,1.0730,0.8659,1.2915,1.2866,20.03,169428000,1326074185827,-1.000,20.589,nan,nan,nan,steady,2.1468,1.5002,0.1304,12.7258,14.9841
169444000,1783507933.150,87.557,2.1574,1.5067,0.1455,2.6355,34.9,1.0169,1.0356,1.0733,0.8648,1.2898,1.2849,21.38,169444000,1326074215387,-1.000,21.882,nan,nan,nan,steady,2.1416,1.4914,0.1306,12.7165,14.9841
169464000,1783507933.179,87.586,2.1560,1.5018,0.1457,2.6315,34.9,1.0177,1.0363,1.0740,0.8534,1.2729,1.2680,21.82,169464000,1326074243960,-1.000,22.256,nan,nan,nan,steady,2.1454,1.4893,0.1311,12.7213,15.1195
169488000,1783507933.211,87.619,2.1560,1.4977,0.1459,2.6292,34.8,1.0169,1.0355,1.0731,0.8504,1.2684,1.2636,19.78,169488000,1326074278705,-1.000,20.266,nan,nan,nan,steady,2.1509,1.4887,0.1312,12.7237,15.1195
169584000,1783507933.242,87.649,2.1555,1.4957,0.1461,2.6277,34.8,1.0155,1.0341,1.0715,0.8319,1.2408,1.2361,19.72,169584000,1326074309155,-1.000,20.199,nan,nan,nan,steady,2.1491,1.4964,0.1319,12.7204,15.1001
169604000,1783507933.276,87.683,2.1565,1.4948,0.1463,2.6280,34.7,1.0175,1.0362,1.0736,0.8502,1.2681,1.2634,22.44,169604000,1326074340611,-1.000,22.935,nan,nan,nan,steady,2.1560,1.5008,0.1318,12.7239,15.1001
169628000,1783507933.307,87.715,2.1590,1.4954,0.1465,2.6304,34.7,1.0175,1.0362,1.0735,0.8539,1.2736,1.2688,21.72,169628000,1326074372564,-1.000,22.281,nan,nan,nan,steady,2.1657,1.5079,0.1320,12.7290,15.1001
169644000,1783507933.345,87.752,2.1630,1.4972,0.1467,2.6347,34.7,1.0174,1.0361,1.0733,0.8536,1.2729,1.2682,30.10,169644000,1326074401589,-1.000,30.670,nan,nan,nan,steady,2.1761,1.5151,0.1326,12.7259,15.1001
169668000,1783507933.378,87.785,2.1677,1.4996,0.1470,2.6399,34.7,1.0172,1.0359,1.0729,0.8524,1.2711,1.2665,19.79,169668000,1326074444453,-1.000,20.811,nan,nan,nan,steady,2.1829,1.5194,0.1327,12.7229,15.1001
169684000,1783507933.411,87.818,2.1722,1.5020,0.1472,2.6450,34.7,1.0182,1.0369,1.0738,0.8587,1.2804,1.2757,23.62,169684000,1326074474266,-1.000,24.103,nan,nan,nan,steady,2.1871,1.5218,0.1330,12.7199,15.0420
169704000,1783507933.438,87.845,2.1761,1.5037,0.1476,2.6492,34.6,1.0174,1.0361,1.0728,0.8619,1.2849,1.2803,19.55,169704000,1326074505111,-1.000,19.998,nan,nan,nan,steady,2.1876,1.5201,0.1344,12.7252,15.0420
169788000,1783507933.469,87.877,2.1776,1.5049,0.1481,2.6512,34.6,1.0180,1.0368,1.0734,0.8602,1.2823,1.2777,21.29,169788000,1326074535017,-1.000,21.774,nan,nan,nan,steady,2.1781,1.5191,0.1354,12.7194,15.0318
169808000,1783507933.502,87.909,2.1782,1.5049,0.1485,2.6517,34.6,1.0182,1.0369,1.0734,0.8578,1.2786,1.2741,23.22,169808000,1326074565742,-1.000,23.716,nan,nan,nan,steady,2.1750,1.5131,0.1355,12.7166,15.0318
169828000,1783507933.529,87.936,2.1785,1.5038,0.1489,2.6513,34.6,1.0187,1.0374,1.0738,0.8594,1.2809,1.2764,19.73,169828000,1326074596210,-1.000,20.166,nan,nan,nan,steady,2.1746,1.5069,0.1354,12.7222,15.0318
169844000,1783507933.562,87.970,2.1783,1.5015,0.1492,2.6499,34.6,1.0187,1.0375,1.0736,0.8586,1.2796,1.2751,22.06,169844000,1326074627430,-1.000,22.527,nan,nan,nan,steady,2.1726,1.4994,0.1353,12.7250,15.0318
169864000,1783507933.592,87.999,2.1786,1.4989,0.1495,2.6486,34.5,1.0192,1.0380,1.0739,0.8570,1.2771,1.2727,19.79,169864000,1326074658826,-1.000,20.315,nan,nan,nan,steady,2.1748,1.4959,0.1362,12.7224,15.0318
169884000,1783507933.623,88.030,2.1796,1.4964,0.1500,2.6481,34.5,1.0194,1.0382,1.0740,0.8538,1.2723,1.2679,24.26,169884000,1326074685825,-1.000,24.700,nan,nan,nan,steady,2.1794,1.4935,0.1367,12.7143,15.0678
169964000,1783507933.659,88.066,2.1800,1.4950,0.1504,2.6476,34.4,1.0175,1.0362,1.0718,0.8368,1.2468,1.2425,19.71,169964000,1326074726082,-1.000,20.246,nan,nan,nan,steady,2.1765,1.4976,0.1372,12.7172,15.0678
169984000,1783507933.689,88.097,2.1810,1.4942,0.1508,2.6481,34.4,1.0197,1.0385,1.0739,0.8541,1.2725,1.2681,21.07,169984000,1326074755182,-1.000,21.499,nan,nan,nan,steady,2.1808,1.4999,0.1371,12.7211,15.0650
170004000,1783507933.720,88.128,2.1830,1.4940,0.1509,2.6496,34.4,1.0196,1.0384,1.0735,0.8534,1.2712,1.2669,24.05,170004000,1326074783520,-1.000,24.468,nan,nan,nan,steady,2.1870,1.5021,0.1358,12.7187,15.0650
170028000,1783507933.753,88.161,2.1863,1.4949,0.1509,2.6528,34.4,1.0191,1.0379,1.0728,0.8503,1.2664,1.2622,21.35,170028000,1326074819082,-1.000,21.806,nan,nan,nan,steady,2.1962,1.5083,0.1359,12.7217,15.0650
170048000,1783507933.765,88.173,2.1908,1.4967,0.1510,2.6575,34.3,1.0185,1.0373,1.0718,0.8533,1.2706,1.2664,2.89,170048000,1326074849776,-1.000,3.316,nan,nan,nan,steady,2.2058,1.5141,0.1364,12.7225,15.0650
170068000,1783507933.805,88.212,2.1956,1.4990,0.1512,2.6628,34.3,1.0213,1.0401,1.0743,0.8573,1.2763,1.2722,24.16,170068000,1326074867847,-1.000,24.723,nan,nan,nan,steady,2.2112,1.5182,0.1367,12.7202,15.0650
170148000,1783507933.846,88.254,2.1995,1.5021,0.1514,2.6678,34.3,1.0208,1.0396,1.0734,0.8625,1.2837,1.2796,21.11,170148000,1326074912523,-1.000,21.567,nan,nan,nan,steady,2.2101,1.5252,0.1373,12.7232,15.0891
170164000,1783507933.878,88.285,2.2038,1.5053,0.1517,2.6731,34.3,1.0226,1.0415,1.0750,0.8706,1.2955,1.2915,21.90,170164000,1326074943018,-1.000,22.333,nan,nan,nan,steady,2.2174,1.5289,0.1379,12.7212,15.0026
170184000,1783507933.910,88.318,2.2081,1.5081,0.1519,2.6783,34.3,1.0232,1.0421,1.0753,0.8688,1.2925,1.2885,21.59,170184000,1326074975520,-1.000,22.101,nan,nan,nan,steady,2.2221,1.5300,0.1380,12.7244,15.0026
170204000,1783507933.941,88.348,2.2121,1.5102,0.1523,2.6828,34.3,1.0230,1.0419,1.0747,0.8675,1.2903,1.2865,21.22,170204000,1326075006510,-1.000,21.651,nan,nan,nan,steady,2.2245,1.5289,0.1393,12.7225,15.0026
170224000,1783507933.975,88.382,2.2150,1.5110,0.1527,2.6856,34.3,1.0231,1.0420,1.0745,0.8700,1.2939,1.2901,24.91,170224000,1326075037076,-1.000,25.398,nan,nan,nan,steady,2.2222,1.5229,0.1398,12.7291,15.0026
170244000,1783507934.004,88.411,2.2171,1.5108,0.1531,2.6873,34.3,1.0235,1.0425,1.0748,0.8662,1.2880,1.2843,19.39,170244000,1326075071356,-1.000,19.829,nan,nan,nan,steady,2.2204,1.5181,0.1402,12.7272,15.0272
170368000,1783507934.037,88.445,2.2158,1.5103,0.1534,2.6859,34.3,1.0243,1.0432,1.0753,0.8746,1.3004,1.2967,19.19,170368000,1326075105439,-1.000,19.589,nan,nan,nan,steady,2.2033,1.5175,0.1402,12.7304,14.9578
170388000,1783507934.068,88.475,2.2140,1.5087,0.1536,2.6836,34.3,1.0258,1.0448,1.0767,0.8730,1.2980,1.2943,20.03,170388000,1326075134026,-1.000,21.263,nan,nan,nan,steady,2.2010,1.5107,0.1395,12.7288,14.9578
170408000,1783507934.097,88.504,2.2122,1.5061,0.1537,2.6807,34.2,1.0256,1.0446,1.0763,0.8733,1.2984,1.2947,19.92,170408000,1326075164125,-1.000,20.304,nan,nan,nan,steady,2.1999,1.5038,0.1393,12.7358,14.9578
170428000,1783507934.129,88.537,2.2109,1.5031,0.1538,2.6779,34.2,1.0253,1.0443,1.0759,0.8674,1.2897,1.2860,22.15,170428000,1326075194437,-1.000,22.615,nan,nan,nan,steady,2.2009,1.4989,0.1400,12.7308,14.9578
170448000,1783507934.161,88.568,2.2100,1.4995,0.1540,2.6751,34.2,1.0249,1.0439,1.0753,0.8687,1.2918,1.2881,21.79,170448000,1326075226169,-1.000,22.331,nan,nan,nan,steady,2.2016,1.4932,0.1403,12.7328,14.9578
170464000,1783507934.191,88.599,2.2090,1.4952,0.1540,2.6719,34.1,1.0249,1.0439,1.0752,0.8717,1.2963,1.2925,21.31,170464000,1326075257302,-1.000,21.778,nan,nan,nan,steady,2.2008,1.4856,0.1401,12.7314,14.9132
170488000,1783507934.226,88.634,2.2088,1.4905,0.1541,2.6690,34.0,1.0275,1.0465,1.0778,0.8851,1.3163,1.3126,24.97,170488000,1326075288195,-1.000,25.497,nan,nan,nan,steady,2.2030,1.4796,0.1406,12.7310,14.9132
170568000,1783507934.257,88.665,2.2075,1.4861,0.1544,2.6656,33.9,1.0250,1.0440,1.0752,0.8661,1.2881,1.2844,21.66,170568000,1326075322812,-1.000,22.095,nan,nan,nan,steady,2.1969,1.4771,0.1415,12.7384,14.9378
170588000,1783507934.288,88.695,2.2068,1.4815,0.1546,2.6625,33.9,1.0249,1.0439,1.0751,0.8636,1.2845,1.2808,21.15,170588000,1326075353850,-1.000,21.571,nan,nan,nan,steady,2.1990,1.4714,0.1416,12.7372,14.9378
170604000,1783507934.317,88.724,2.2061,1.4768,0.1548,2.6592,33.8,1.0244,1.0434,1.0745,0.8598,1.2790,1.2753,19.81,170604000,1326075384301,-1.000,20.282,nan,nan,nan,steady,2.1984,1.4652,0.1413,12.7409,14.9378
170628000,1783507934.346,88.754,2.2057,1.4722,0.1549,2.6564,33.7,1.0243,1.0433,1.0743,0.8611,1.2810,1.2773,19.58,170628000,1326075413609,-1.000,20.022,nan,nan,nan,steady,2.1996,1.4619,0.1413,12.7348,14.9378
170644000,1783507934.375,88.783,2.2062,1.4685,0.1551,2.6548,33.6,1.0228,1.0418,1.0727,0.8615,1.2816,1.2779,19.82,170644000,1326075442593,-1.000,20.357,nan,nan,nan,steady,2.2043,1.4628,0.1417,12.7425,14.9378
170668000,1783507934.405,88.812,2.2075,1.4661,0.1553,2.6545,33.6,1.0217,1.0407,1.0715,0.8541,1.2707,1.2670,19.95,170668000,1326075471911,-1.000,20.483,nan,nan,nan,steady,2.2085,1.4655,0.1418,12.7463,14.9752
170744000,1783507934.439,88.846,2.2074,1.4653,0.1555,2.6541,33.6,1.0231,1.0422,1.0729,0.8512,1.2662,1.2626,21.46,170744000,1326075504394,-1.000,21.874,nan,nan,nan,steady,2.2016,1.4725,0.1420,12.7482,14.9752
170764000,1783507934.470,88.877,2.2075,1.4657,0.1556,2.6544,33.6,1.0225,1.0415,1.0721,0.8545,1.2710,1.2675,21.88,170764000,1326075535157,-1.000,22.308,nan,nan,nan,steady,2.2030,1.4777,0.1420,12.7512,14.9752
170788000,1783507934.497,88.905,2.2073,1.4664,0.1557,2.6545,33.6,1.0210,1.0400,1.0704,0.8600,1.2791,1.2756,20.04,170788000,1326075564283,-1.000,20.473,nan,nan,nan,steady,2.2011,1.4794,0.1418,12.7503,14.9388
170804000,1783507934.528,88.936,2.2066,1.4675,0.1558,2.6545,33.6,1.0219,1.0409,1.0711,0.8596,1.2783,1.2748,19.33,170804000,1326075595881,-1.000,19.756,nan,nan,nan,steady,2.1987,1.4822,0.1415,12.7543,14.9388
170824000,1783507934.561,88.969,2.2052,1.4688,0.1557,2.6541,33.7,1.0228,1.0419,1.0719,0.8629,1.2829,1.2794,23.68,170824000,1326075624571,-1.000,24.205,nan,nan,nan,steady,2.1944,1.4845,0.1410,12.7623,14.9388
170844000,1783507934.591,88.998,2.2039,1.4707,0.1557,2.6542,33.7,1.0230,1.0420,1.0718,0.8668,1.2885,1.2851,22.05,170844000,1326075655734,-1.000,22.538,nan,nan,nan,steady,2.1937,1.4894,0.1411,12.7568,14.9388
170944000,1783507934.612,89.020,2.2015,1.4747,0.1558,2.6543,33.8,1.0235,1.0425,1.0722,0.8661,1.2872,1.2839,3.71,170944000,1326075695888,-1.000,4.209,nan,nan,nan,steady,2.1849,1.5028,0.1419,12.7720,14.9926
170968000,1783507934.645,89.052,2.1990,1.4787,0.1559,2.6545,33.9,1.0252,1.0442,1.0737,0.8712,1.2944,1.2911,24.76,170968000,1326075706948,-1.000,25.197,nan,nan,nan,steady,2.1826,1.5064,0.1417,12.7756,14.9926
170988000,1783507934.677,89.085,2.1977,1.4836,0.1560,2.6562,34.0,1.0251,1.0442,1.0734,0.8640,1.2834,1.2802,21.03,170988000,1326075743240,-1.000,21.499,nan,nan,nan,steady,2.1865,1.5144,0.1419,12.7710,15.0454
171004000,1783507934.706,89.113,2.1974,1.4891,0.1562,2.6591,34.1,1.0258,1.0449,1.0738,0.8691,1.2908,1.2876,19.42,171004000,1326075773590,-1.000,19.837,nan,nan,nan,steady,2.1912,1.5221,0.1420,12.7794,15.0454
171024000,1783507934.733,89.141,2.1980,1.4949,0.1563,2.6628,34.2,1.0262,1.0453,1.0739,0.8701,1.2919,1.2888,20.30,171024000,1326075800077,-1.000,20.849,nan,nan,nan,steady,2.1949,1.5292,0.1423,12.7790,15.0454
171048000,1783507934.764,89.172,2.1993,1.5012,0.1565,2.6674,34.3,1.0272,1.0463,1.0747,0.8696,1.2909,1.2879,19.43,171048000,1326075832061,-1.000,19.922,nan,nan,nan,steady,2.1997,1.5380,0.1425,12.7833,15.0454
171124000,1783507934.804,89.212,2.2000,1.5085,0.1568,2.6721,34.4,1.0279,1.0470,1.0752,0.8789,1.3044,1.3014,23.98,171124000,1326075867390,-1.000,24.421,nan,nan,nan,steady,2.1970,1.5505,0.1431,12.7911,15.0153
171148000,1783507934.831,89.238,2.2013,1.5155,0.1571,2.6772,34.5,1.0281,1.0473,1.0751,0.8837,1.3113,1.3084,19.48,171148000,1326075898484,-1.000,19.898,nan,nan,nan,steady,2.2013,1.5556,0.1439,12.7999,15.0153
171168000,1783507934.864,89.271,2.2030,1.5219,0.1575,2.6822,34.6,1.0284,1.0476,1.0752,0.8829,1.3098,1.3069,21.54,171168000,1326075929488,-1.000,21.987,nan,nan,nan,steady,2.2050,1.5589,0.1442,12.8043,15.0153
171188000,1783507934.894,89.301,2.2048,1.5275,0.1578,2.6869,34.7,1.0296,1.0488,1.0761,0.8791,1.3040,1.3012,20.18,171188000,1326075960535,-1.000,20.667,nan,nan,nan,steady,2.2067,1.5611,0.1443,12.8042,15.0449
171208000,1783507934.924,89.331,2.2072,1.5327,0.1583,2.6918,34.8,1.0295,1.0487,1.0758,0.8830,1.3096,1.3068,19.56,171208000,1326075991099,-1.000,20.013,nan,nan,nan,steady,2.2124,1.5638,0.1456,12.8132,15.0449
171224000,1783507934.953,89.361,2.2100,1.5370,0.1588,2.6966,34.8,1.0311,1.0504,1.0772,0.8838,1.3107,1.3079,20.33,171224000,1326076019962,-1.000,20.834,nan,nan,nan,steady,2.2165,1.5645,0.1460,12.8131,15.0449
171328000,1783507934.983,89.391,2.2102,1.5414,0.1594,2.6993,34.9,1.0285,1.0477,1.0744,0.8646,1.2821,1.2794,20.23,171328000,1326076049726,-1.000,21.002,nan,nan,nan,steady,2.2045,1.5694,0.1469,12.8132,15.0449
171348000,1783507935.016,89.423,2.2111,1.5457,0.1600,2.7026,35.0,1.0290,1.0482,1.0747,0.8814,1.3068,1.3041,21.06,171348000,1326076081993,-1.000,21.463,nan,nan,nan,steady,2.2090,1.5729,0.1475,12.8318,15.1175
171364000,1783507935.047,89.455,2.2131,1.5501,0.1606,2.7067,35.0,1.0296,1.0489,1.0751,0.8853,1.3124,1.3098,21.72,171364000,1326076112349,-1.000,22.378,nan,nan,nan,steady,2.2159,1.5776,0.1474,12.8366,15.1175
171384000,1783507935.075,89.482,2.2150,1.5534,0.1608,2.7102,35.0,1.0307,1.0500,1.0758,0.9001,1.3342,1.3316,19.97,171384000,1326076141864,-1.000,20.568,nan,nan,nan,steady,2.2174,1.5773,0.1461,12.8369,14.9895
171404000,1783507935.106,89.514,2.2171,1.5566,0.1611,2.7138,35.1,1.0316,1.0509,1.0764,0.9014,1.3359,1.3333,19.76,171404000,1326076173762,-1.000,20.215,nan,nan,nan,steady,2.2216,1.5804,0.1467,12.8417,14.9895
171424000,1783507935.141,89.549,2.2193,1.5592,0.1614,2.7170,35.1,1.0313,1.0506,1.0759,0.9037,1.3390,1.3365,24.26,171424000,1326076204152,-1.000,24.728,nan,nan,nan,steady,2.2235,1.5807,0.1473,12.8511,14.9895
171448000,1783507935.171,89.579,2.2208,1.5609,0.1619,2.7193,35.1,1.0315,1.0508,1.0758,0.9030,1.3380,1.3355,23.11,171448000,1326076235524,-1.000,23.535,nan,nan,nan,steady,2.2221,1.5784,0.1484,12.8515,14.9895
171528000,1783507935.201,89.609,2.2209,1.5630,0.1624,2.7206,35.1,1.0322,1.0515,1.0764,0.8923,1.3219,1.3195,19.42,171528000,1326076268976,-1.000,19.848,nan,nan,nan,steady,2.2139,1.5816,0.1488,12.8668,15.1056
171548000,1783507935.230,89.638,2.2215,1.5647,0.1627,2.7221,35.2,1.0321,1.0514,1.0761,0.8937,1.3240,1.3216,19.63,171548000,1326076297686,-1.000,20.117,nan,nan,nan,steady,2.2178,1.5813,0.1482,12.8764,15.1056
171568000,1783507935.259,89.667,2.2235,1.5670,0.1629,2.7251,35.2,1.0335,1.0529,1.0773,0.8902,1.3188,1.3163,19.65,171568000,1326076326650,-1.000,20.112,nan,nan,nan,steady,2.2269,1.5866,0.1480,12.8770,15.1341
171588000,1783507935.291,89.699,2.2274,1.5701,0.1632,2.7301,35.2,1.0332,1.0525,1.0767,0.8892,1.3172,1.3148,22.88,171588000,1326076355618,-1.000,23.315,nan,nan,nan,steady,2.2392,1.5932,0.1485,12.8819,15.1341
171604000,1783507935.324,89.732,2.2326,1.5735,0.1636,2.7363,35.2,1.0329,1.0522,1.0761,0.8913,1.3201,1.3178,23.03,171604000,1326076388101,-1.000,23.607,nan,nan,nan,steady,2.2496,1.5985,0.1489,12.8917,15.1341
171624000,1783507935.352,89.760,2.2383,1.5770,0.1639,2.7429,35.2,1.0335,1.0528,1.0764,0.8927,1.3221,1.3198,21.19,171624000,1326076418440,-1.000,21.596,nan,nan,nan,steady,2.2571,1.6018,0.1494,12.8883,15.1341
171688000,1783507935.386,89.794,2.2429,1.5809,0.1643,2.7490,35.2,1.0326,1.0520,1.0752,0.8825,1.3068,1.3045,21.03,171688000,1326076452075,-1.000,21.560,nan,nan,nan,steady,2.2567,1.6075,0.1496,12.8932,15.1341
171708000,1783507935.417,89.825,2.2461,1.5836,0.1642,2.7531,35.2,1.0333,1.0526,1.0756,0.9132,1.3522,1.3499,19.55,171708000,1326076484730,-1.000,19.965,nan,nan,nan,steady,2.2542,1.6050,0.1482,12.9089,14.9838
171724000,1783507935.447,89.855,2.2475,1.5848,0.1640,2.7550,35.2,1.0331,1.0525,1.0753,0.9130,1.3518,1.3495,21.07,171724000,1326076513548,-1.000,21.410,nan,nan,nan,steady,2.2479,1.6004,0.1470,12.9098,14.9838
171748000,1783507935.462,89.869,2.2469,1.5848,0.1637,2.7545,35.2,1.0338,1.0532,1.0757,0.9159,1.3561,1.3538,5.06,171748000,1326076543858,-1.000,5.650,nan,nan,nan,steady,2.2383,1.5950,0.1467,12.9159,14.9838
171764000,1783507935.497,89.904,2.2448,1.5833,0.1633,2.7519,35.2,1.0325,1.0519,1.0743,0.9143,1.3538,1.3515,19.74,171764000,1326076563947,-1.000,20.324,nan,nan,nan,steady,2.2301,1.5865,0.1461,12.9209,14.9838
171788000,1783507935.526,89.933,2.2423,1.5815,0.1630,2.7487,35.2,1.0346,1.0540,1.0762,0.8999,1.3324,1.3302,19.59,171788000,1326076593343,-1.000,20.020,nan,nan,nan,steady,2.2254,1.5834,0.1458,12.9219,15.0640
171804000,1783507935.554,89.961,2.2401,1.5797,0.1627,2.7459,35.2,1.0342,1.0536,1.0757,0.9029,1.3369,1.3347,20.67,171804000,1326076620201,-1.000,21.189,nan,nan,nan,steady,2.2257,1.5822,0.1460,12.9321,15.0640
171884000,1783507935.589,89.997,2.2364,1.5784,0.1625,2.7422,35.2,1.0348,1.0542,1.0762,0.9141,1.3537,1.3514,21.47,171884000,1326076654697,-1.000,22.010,nan,nan,nan,steady,2.2144,1.5846,0.1463,12.9499,15.0063
171908000,1783507935.623,90.030,2.2324,1.5766,0.1623,2.7378,35.2,1.0342,1.0537,1.0757,0.9133,1.3527,1.3504,24.59,171908000,1326076685559,-1.000,25.026,nan,nan,nan,steady,2.2094,1.5799,0.1461,12.9512,15.0063
171924000,1783507935.650,90.057,2.2280,1.5740,0.1621,2.7327,35.2,1.0350,1.0545,1.0765,0.9165,1.3575,1.3552,19.49,171924000,1326076717443,-1.000,19.889,nan,nan,nan,steady,2.2034,1.5732,0.1461,12.9578,15.0063
171944000,1783507935.680,90.088,2.2235,1.5709,0.1620,2.7272,35.2,1.0349,1.0544,1.0764,0.9144,1.3546,1.3523,19.22,171944000,1326076748348,-1.000,19.639,nan,nan,nan,steady,2.1987,1.5676,0.1463,12.9631,15.0063
171964000,1783507935.710,90.118,2.2187,1.5670,0.1619,2.7211,35.2,1.0352,1.0547,1.0767,0.9133,1.3532,1.3508,20.62,171964000,1326076776984,-1.000,21.099,nan,nan,nan,steady,2.1926,1.5604,0.1463,12.9645,15.0063
171984000,1783507935.737,90.145,2.2144,1.5630,0.1619,2.7153,35.2,1.0362,1.0557,1.0777,0.9061,1.3428,1.3403,19.59,171984000,1326076804732,-1.000,19.984,nan,nan,nan,steady,2.1897,1.5559,0.1466,12.9752,15.0738
172084000,1783507935.775,90.182,2.2085,1.5605,0.1622,2.7090,35.2,1.0340,1.0534,1.0755,0.8847,1.3113,1.3089,24.14,172084000,1326076837905,-1.000,24.573,nan,nan,nan,steady,2.1773,1.5602,0.1474,12.9713,15.0761
172104000,1783507935.802,90.209,2.2035,1.5580,0.1623,2.7035,35.3,1.0338,1.0533,1.0754,0.9087,1.3471,1.3446,19.67,172104000,1326076869340,-1.000,20.156,nan,nan,nan,steady,2.1762,1.5574,0.1474,12.9938,15.0761
172124000,1783507935.833,90.241,2.1998,1.5559,0.1625,2.6994,35.3,1.0340,1.0535,1.0757,0.9070,1.3447,1.3422,19.93,172124000,1326076900468,-1.000,20.455,nan,nan,nan,steady,2.1787,1.5574,0.1477,12.9993,15.0761
172148000,1783507935.866,90.274,2.1972,1.5540,0.1627,2.6961,35.3,1.0346,1.0540,1.0762,0.9073,1.3453,1.3428,23.81,172148000,1326076929722,-1.000,24.341,nan,nan,nan,steady,2.1801,1.5559,0.1476,13.0010,15.0761
172164000,1783507935.893,90.300,2.1959,1.5523,0.1628,2.6941,35.3,1.0347,1.0541,1.0763,0.9106,1.3503,1.3477,19.01,172164000,1326076960805,-1.000,19.594,nan,nan,nan,steady,2.1846,1.5555,0.1480,13.0084,15.0761
172184000,1783507935.926,90.334,2.1961,1.5512,0.1630,2.6936,35.2,1.0351,1.0546,1.0767,0.9020,1.3376,1.3351,21.65,172184000,1326076991703,-1.000,22.316,nan,nan,nan,steady,2.1918,1.5569,0.1482,13.0046,15.0956
172288000,1783507935.963,90.370,2.1945,1.5501,0.1633,2.6917,35.2,1.0360,1.0555,1.0777,0.9191,1.3633,1.3607,20.06,172288000,1326077029552,-1.000,20.625,nan,nan,nan,steady,2.1803,1.5566,0.1491,13.0329,15.0260
172308000,1783507935.994,90.401,2.1928,1.5480,0.1635,2.6891,35.2,1.0347,1.0542,1.0765,0.9169,1.3602,1.3576,19.35,172308000,1326077061407,-1.000,19.805,nan,nan,nan,steady,2.1791,1.5490,0.1493,13.0349,15.0260
172328000,1783507936.025,90.433,2.1912,1.5448,0.1638,2.6860,35.2,1.0349,1.0544,1.0767,0.9148,1.3573,1.3546,22.02,172328000,1326077090125,-1.000,22.515,nan,nan,nan,steady,2.1781,1.5406,0.1497,13.0370,15.0260
172344000,1783507936.052,90.460,2.1901,1.5409,0.1642,2.6829,35.1,1.0362,1.0557,1.0781,0.9145,1.3569,1.3542,19.77,172344000,1326077119444,-1.000,20.272,nan,nan,nan,steady,2.1794,1.5333,0.1501,13.0391,15.0260
172364000,1783507936.085,90.492,2.1891,1.5362,0.1645,2.6793,35.1,1.0354,1.0548,1.0773,0.9110,1.3520,1.3493,21.38,172364000,1326077150669,-1.000,21.792,nan,nan,nan,steady,2.1785,1.5253,0.1502,13.0449,15.0260
172388000,1783507936.123,90.531,2.1894,1.5320,0.1649,2.6773,35.0,1.0351,1.0546,1.0770,0.9006,1.3366,1.3340,29.27,172388000,1326077181281,-1.000,29.690,nan,nan,nan,steady,2.1847,1.5232,0.1505,13.0529,15.1461
172468000,1783507936.155,90.562,2.1896,1.5293,0.1656,2.6759,34.9,1.0340,1.0535,1.0759,0.8878,1.3178,1.3152,19.65,172468000,1326077222079,-1.000,20.078,nan,nan,nan,steady,2.1839,1.5275,0.1525,13.0551,15.1461
172488000,1783507936.187,90.594,2.1915,1.5277,0.1663,2.6766,34.9,1.0339,1.0533,1.0757,0.8994,1.3350,1.3324,19.46,172488000,1326077254220,-1.000,19.907,nan,nan,nan,steady,2.1937,1.5310,0.1535,13.0680,15.1464
172508000,1783507936.216,90.623,2.1949,1.5273,0.1671,2.6792,34.8,1.0345,1.0540,1.0762,0.9016,1.3383,1.3356,19.55,172508000,1326077283151,-1.000,20.034,nan,nan,nan,steady,2.2031,1.5360,0.1544,13.0798,15.1464
172524000,1783507936.242,90.650,2.1989,1.5275,0.1679,2.6827,34.8,1.0343,1.0538,1.0758,0.9022,1.3390,1.3364,19.38,172524000,1326077309938,-1.000,19.807,nan,nan,nan,steady,2.2100,1.5390,0.1552,13.0822,15.1464
172544000,1783507936.275,90.683,2.2038,1.5286,0.1686,2.6873,34.7,1.0351,1.0546,1.0764,0.9031,1.3402,1.3377,21.57,172544000,1326077340673,-1.000,22.019,nan,nan,nan,steady,2.2183,1.5435,0.1550,13.0847,15.1464
172564000,1783507936.293,90.701,2.2088,1.5301,0.1692,2.6924,34.7,1.0358,1.0553,1.0769,0.9043,1.3419,1.3393,8.68,172564000,1326077371622,-1.000,9.179,nan,nan,nan,steady,2.2236,1.5472,0.1554,13.0873,15.1464
172588000,1783507936.325,90.732,2.2135,1.5319,0.1697,2.6972,34.7,1.0364,1.0560,1.0773,0.9074,1.3462,1.3437,22.35,172588000,1326077389459,-1.000,22.837,nan,nan,nan,steady,2.2266,1.5493,0.1552,13.0993,15.1466
172648000,1783507936.353,90.761,2.2170,1.5339,0.1700,2.7013,34.7,1.0369,1.0565,1.0776,0.9101,1.3500,1.3476,19.17,172648000,1326077421300,-1.000,19.700,nan,nan,nan,steady,2.2242,1.5532,0.1544,13.1133,15.1466
172668000,1783507936.385,90.792,2.2210,1.5362,0.1702,2.7059,34.7,1.0369,1.0565,1.0771,0.9076,1.3461,1.3437,21.71,172668000,1326077449948,-1.000,22.395,nan,nan,nan,steady,2.2312,1.5559,0.1539,13.1160,15.1869
172688000,1783507936.415,90.823,2.2251,1.5385,0.1701,2.7105,34.7,1.0382,1.0578,1.0781,0.9098,1.3490,1.3467,21.19,172688000,1326077481223,-1.000,21.609,nan,nan,nan,steady,2.2354,1.5579,0.1531,13.1249,15.1869
172708000,1783507936.447,90.854,2.2297,1.5406,0.1700,2.7155,34.6,1.0379,1.0575,1.0773,0.9085,1.3470,1.3447,21.94,172708000,1326077511706,-1.000,22.460,nan,nan,nan,steady,2.2425,1.5593,0.1528,13.1277,15.1869
172728000,1783507936.478,90.886,2.2347,1.5427,0.1699,2.7208,34.6,1.0384,1.0580,1.0773,0.9075,1.3453,1.3431,21.36,172728000,1326077544152,-1.000,21.857,nan,nan,nan,steady,2.2494,1.5617,0.1527,13.1339,15.1869
172744000,1783507936.507,90.915,2.2403,1.5451,0.1697,2.7267,34.6,1.0389,1.0586,1.0773,0.9070,1.3443,1.3422,19.47,172744000,1326077574856,-1.000,19.855,nan,nan,nan,steady,2.2577,1.5651,0.1525,13.1336,15.1919
172764000,1783507936.541,90.949,2.2468,1.5476,0.1695,2.7334,34.6,1.0431,1.0628,1.0810,0.9220,1.3664,1.3642,26.16,172764000,1326077602485,-1.000,26.583,nan,nan,nan,steady,2.2677,1.5686,0.1524,13.1583,15.1919
172844000,1783507936.572,90.979,2.2526,1.5505,0.1693,2.7399,34.5,1.0428,1.0625,1.0802,0.9078,1.3454,1.3433,21.14,172844000,1326077637909,-1.000,21.595,nan,nan,nan,steady,2.2700,1.5740,0.1529,13.1614,15.1919
172864000,1783507936.602,91.010,2.2583,1.5523,0.1692,2.7456,34.5,1.0431,1.0628,1.0801,0.9127,1.3527,1.3506,21.19,172864000,1326077668227,-1.000,21.606,nan,nan,nan,steady,2.2764,1.5698,0.1531,13.1646,15.1506
172888000,1783507936.630,91.038,2.2634,1.5524,0.1692,2.7498,34.4,1.0429,1.0627,1.0795,0.9110,1.3501,1.3480,18.63,172888000,1326077698774,-1.000,19.112,nan,nan,nan,steady,2.2787,1.5613,0.1534,13.1677,15.1506
172908000,1783507936.659,91.067,2.2673,1.5507,0.1692,2.7521,34.4,1.0435,1.0633,1.0798,0.9072,1.3446,1.3425,19.43,172908000,1326077726732,-1.000,19.902,nan,nan,nan,steady,2.2770,1.5519,0.1534,13.1710,15.1506
172928000,1783507936.689,91.097,2.2697,1.5472,0.1692,2.7521,34.3,1.0429,1.0627,1.0788,0.9067,1.3440,1.3419,20.95,172928000,1326077755615,-1.000,21.317,nan,nan,nan,steady,2.2727,1.5400,0.1532,13.1838,15.1506
172944000,1783507936.718,91.126,2.2716,1.5428,0.1692,2.7512,34.2,1.0441,1.0640,1.0797,0.9021,1.3372,1.3352,19.70,172944000,1326077785902,-1.000,20.196,nan,nan,nan,steady,2.2732,1.5323,0.1534,13.1806,15.1506
173044000,1783507936.752,91.159,2.2707,1.5387,0.1692,2.7481,34.1,1.0438,1.0636,1.0791,0.8962,1.3286,1.3265,20.26,173044000,1326077818810,-1.000,20.762,nan,nan,nan,steady,2.2586,1.5297,0.1538,13.2007,15.1803
173064000,1783507936.781,91.189,2.2696,1.5343,0.1693,2.7448,34.1,1.0438,1.0636,1.0788,0.8974,1.3305,1.3284,21.67,173064000,1326077846447,-1.000,22.186,nan,nan,nan,steady,2.2576,1.5247,0.1540,13.2012,15.1803
173084000,1783507936.819,91.226,2.2683,1.5297,0.1693,2.7411,34.0,1.0430,1.0628,1.0779,0.8967,1.3296,1.3275,19.63,173084000,1326077886410,-1.000,20.121,nan,nan,nan,steady,2.2563,1.5189,0.1540,13.1982,15.1355
173108000,1783507936.848,91.255,2.2669,1.5249,0.1694,2.7373,33.9,1.0417,1.0615,1.0764,0.8963,1.3291,1.3270,19.43,173108000,1326077915413,-1.000,19.809,nan,nan,nan,steady,2.2548,1.5136,0.1541,13.2018,15.1355
173124000,1783507936.877,91.285,2.2642,1.5198,0.1694,2.7322,33.9,1.0420,1.0618,1.0768,0.8965,1.3295,1.3274,22.34,173124000,1326077941982,-1.000,22.827,nan,nan,nan,steady,2.2455,1.5067,0.1540,13.2025,15.1355
173148000,1783507936.909,91.316,2.2601,1.5143,0.1693,2.7258,33.8,1.0430,1.0628,1.0778,0.8957,1.3285,1.3264,19.89,173148000,1326077975799,-1.000,20.380,nan,nan,nan,steady,2.2352,1.4999,0.1536,13.2091,15.1355
173228000,1783507936.938,91.345,2.2546,1.5097,0.1691,2.7186,33.8,1.0425,1.0623,1.0773,0.9018,1.3377,1.3355,20.86,173228000,1326078003920,-1.000,21.301,nan,nan,nan,steady,2.2229,1.4999,0.1535,13.2252,15.1190
173244000,1783507936.970,91.378,2.2497,1.5055,0.1689,2.7122,33.8,1.0419,1.0617,1.0768,0.9005,1.3360,1.3338,23.32,173244000,1326078034097,-1.000,23.832,nan,nan,nan,steady,2.2217,1.4977,0.1533,13.2319,15.1190
173268000,1783507937.000,91.408,2.2451,1.5013,0.1686,2.7061,33.8,1.0433,1.0631,1.0783,0.9015,1.3378,1.3355,19.68,173268000,1326078066930,-1.000,20.673,nan,nan,nan,steady,2.2189,1.4938,0.1529,13.2330,15.1143
173284000,1783507937.033,91.441,2.2414,1.4973,0.1683,2.7008,33.7,1.0429,1.0627,1.0780,0.9008,1.3371,1.3348,23.68,173284000,1326078096488,-1.000,24.124,nan,nan,nan,steady,2.2189,1.4901,0.1528,13.2370,15.1143
173304000,1783507937.063,91.471,2.2383,1.4933,0.1680,2.6959,33.7,1.0437,1.0636,1.0789,0.8947,1.3283,1.3260,20.83,173304000,1326078129589,-1.000,21.246,nan,nan,nan,steady,2.2186,1.4859,0.1528,13.2342,15.1143
173324000,1783507937.093,91.501,2.2361,1.4894,0.1678,2.6920,33.7,1.0440,1.0638,1.0792,0.8954,1.3295,1.3272,20.88,173324000,1326078159715,-1.000,21.295,nan,nan,nan,steady,2.2204,1.4823,0.1528,13.2354,15.1143
173404000,1783507937.129,91.537,2.2342,1.4862,0.1677,2.6886,33.6,1.0441,1.0640,1.0795,0.8925,1.3256,1.3232,20.62,173404000,1326078195469,-1.000,21.171,nan,nan,nan,steady,2.2191,1.4825,0.1533,13.2424,15.1143
173424000,1783507937.143,91.551,2.2346,1.4837,0.1676,2.6875,33.6,1.0444,1.0642,1.0798,0.8779,1.3042,1.3018,3.86,173424000,1326078226550,-1.000,4.253,nan,nan,nan,steady,2.2296,1.4823,0.1537,13.2466,15.2383
173448000,1783507937.181,91.588,2.2378,1.4823,0.1677,2.6895,33.5,1.0449,1.0648,1.0805,0.8728,1.2970,1.2946,22.21,173448000,1326078245716,-1.000,22.760,nan,nan,nan,steady,2.2458,1.4851,0.1542,13.2510,15.2383
173468000,1783507937.211,91.618,2.2434,1.4817,0.1678,2.6938,33.4,1.0438,1.0636,1.0795,0.8698,1.2928,1.2903,19.48,173468000,1326078278570,-1.000,19.997,nan,nan,nan,steady,2.2615,1.4877,0.1547,13.2429,15.2383
173488000,1783507937.242,91.650,2.2500,1.4810,0.1679,2.6989,33.4,1.0449,1.0647,1.0806,0.8758,1.3020,1.2995,21.70,173488000,1326078307540,-1.000,22.247,nan,nan,nan,steady,2.2724,1.4866,0.1548,13.2499,15.1482
173504000,1783507937.273,91.681,2.2567,1.4796,0.1680,2.7038,33.3,1.0439,1.0637,1.0796,0.8753,1.3015,1.2990,21.52,173504000,1326078338781,-1.000,21.994,nan,nan,nan,steady,2.2786,1.4823,0.1551,13.2516,15.1482
173624000,1783507937.309,91.716,2.2611,1.4786,0.1682,2.7068,33.2,1.0428,1.0626,1.0786,0.8610,1.2804,1.2779,19.75,173624000,1326078376146,-1.000,20.227,nan,nan,nan,steady,2.2714,1.4828,0.1556,13.2548,15.1639
173644000,1783507937.345,91.752,2.2656,1.4771,0.1683,2.7098,33.1,1.0429,1.0626,1.0787,0.8604,1.2797,1.2771,26.41,173644000,1326078405343,-1.000,26.851,nan,nan,nan,steady,2.2778,1.4789,0.1556,13.2568,15.1639
173664000,1783507937.371,91.779,2.2706,1.4752,0.1683,2.7130,33.0,1.0418,1.0616,1.0777,0.8596,1.2788,1.2763,19.50,173664000,1326078438867,-1.000,19.942,nan,nan,nan,steady,2.2854,1.4751,0.1557,13.2588,15.1639
173684000,1783507937.405,91.812,2.2746,1.4723,0.1683,2.7147,32.9,1.0423,1.0621,1.0783,0.8660,1.2885,1.2859,21.89,173684000,1326078469841,-1.000,22.417,nan,nan,nan,steady,2.2851,1.4678,0.1556,13.2563,15.0786
173704000,1783507937.437,91.845,2.2772,1.4683,0.1683,2.7147,32.8,1.0419,1.0616,1.0779,0.8654,1.2877,1.2851,23.36,173704000,1326078501192,-1.000,23.797,nan,nan,nan,steady,2.2813,1.4587,0.1554,13.2585,15.0786
173724000,1783507937.466,91.874,2.2791,1.4637,0.1683,2.7139,32.7,1.0407,1.0605,1.0768,0.8635,1.2850,1.2824,21.69,173724000,1326078531655,-1.000,22.090,nan,nan,nan,steady,2.2805,1.4523,0.1556,13.2632,15.0786
173808000,1783507937.506,91.913,2.2785,1.4586,0.1682,2.7106,32.6,1.0408,1.0606,1.0771,0.8656,1.2883,1.2856,21.10,173808000,1326078571521,-1.000,21.593,nan,nan,nan,steady,2.2683,1.4452,0.1558,13.2631,15.0365
173824000,1783507937.534,91.941,2.2770,1.4524,0.1682,2.7061,32.5,1.0394,1.0591,1.0758,0.8643,1.2866,1.2839,19.02,173824000,1326078601968,-1.000,19.420,nan,nan,nan,steady,2.2637,1.4343,0.1556,13.2656,15.0365
173844000,1783507937.565,91.972,2.2748,1.4455,0.1681,2.7005,32.4,1.0397,1.0594,1.0764,0.8645,1.2870,1.2843,23.83,173844000,1326078628039,-1.000,24.249,nan,nan,nan,steady,2.2584,1.4235,0.1556,13.2682,15.0365
173864000,1783507937.597,92.005,2.2720,1.4379,0.1680,2.6940,32.3,1.0404,1.0601,1.0773,0.8588,1.2787,1.2760,20.12,173864000,1326078663769,-1.000,21.280,nan,nan,nan,steady,2.2529,1.4132,0.1553,13.2658,15.0365
173884000,1783507937.626,92.033,2.2700,1.4312,0.1679,2.6888,32.2,1.0394,1.0590,1.0764,0.8434,1.2558,1.2532,18.99,173884000,1326078694050,-1.000,19.442,nan,nan,nan,steady,2.2550,1.4097,0.1553,13.2708,15.1583
173908000,1783507937.653,92.061,2.2697,1.4259,0.1679,2.6857,32.1,1.0396,1.0593,1.0768,0.8439,1.2567,1.2541,19.93,173908000,1326078720316,-1.000,20.443,nan,nan,nan,steady,2.2623,1.4110,0.1555,13.2735,15.1583
174008000,1783507937.690,92.098,2.2684,1.4218,0.1678,2.6824,32.1,1.0409,1.0606,1.0782,0.8540,1.2718,1.2692,19.19,174008000,1326078758334,-1.000,19.621,nan,nan,nan,steady,2.2556,1.4134,0.1558,13.2679,15.0252
174028000,1783507937.719,92.127,2.2682,1.4184,0.1678,2.6804,32.0,1.0408,1.0605,1.0782,0.8540,1.2719,1.2693,21.97,174028000,1326078784634,-1.000,22.381,nan,nan,nan,steady,2.2618,1.4133,0.1559,13.2732,15.0252
174044000,1783507937.751,92.158,2.2693,1.4156,0.1678,2.6799,32.0,1.0413,1.0609,1.0788,0.8531,1.2706,1.2680,19.43,174044000,1326078818529,-1.000,19.946,nan,nan,nan,steady,2.2685,1.4135,0.1563,13.2785,15.0252
174068000,1783507937.782,92.189,2.2706,1.4130,0.1679,2.6796,31.9,1.0403,1.0600,1.0780,0.8499,1.2658,1.2633,21.61,174068000,1326078847325,-1.000,22.031,nan,nan,nan,steady,2.2705,1.4104,0.1564,13.2740,15.0252
174084000,1783507937.822,92.230,2.2718,1.4102,0.1679,2.6792,31.8,1.0406,1.0603,1.0784,0.8428,1.2553,1.2527,23.01,174084000,1326078886141,-1.000,23.618,nan,nan,nan,steady,2.2704,1.4060,0.1565,13.2772,15.0947
174164000,1783507937.858,92.266,2.2716,1.4084,0.1681,2.6780,31.8,1.0386,1.0582,1.0764,0.8228,1.2256,1.2231,21.46,174164000,1326078923993,-1.000,21.903,nan,nan,nan,steady,2.2635,1.4082,0.1568,13.2729,15.0947
174188000,1783507937.890,92.297,2.2712,1.4063,0.1681,2.6767,31.8,1.0400,1.0596,1.0780,0.8527,1.2701,1.2676,22.12,174188000,1326078954728,-1.000,22.613,nan,nan,nan,steady,2.2632,1.4055,0.1564,13.2830,15.0054
174204000,1783507937.920,92.327,2.2707,1.4040,0.1680,2.6750,31.7,1.0402,1.0599,1.0783,0.8554,1.2741,1.2715,21.36,174204000,1326078985369,-1.000,21.835,nan,nan,nan,steady,2.2617,1.4025,0.1562,13.2865,15.0054
174228000,1783507937.953,92.360,2.2702,1.4018,0.1680,2.6734,31.7,1.0401,1.0597,1.0781,0.8510,1.2675,1.2650,21.31,174228000,1326079018376,-1.000,21.731,nan,nan,nan,steady,2.2618,1.4007,0.1561,13.2844,15.0054
174244000,1783507937.978,92.385,2.2707,1.4001,0.1680,2.6729,31.7,1.0415,1.0611,1.0795,0.8520,1.2690,1.2665,15.75,174244000,1326079048934,-1.000,16.217,nan,nan,nan,steady,2.2669,1.4015,0.1563,13.2881,15.0054
174268000,1783507937.987,92.395,2.2716,1.3985,0.1681,2.6729,31.6,1.0410,1.0606,1.0790,0.8526,1.2698,1.2674,2.64,174268000,1326079071860,-1.000,3.133,nan,nan,nan,steady,2.2696,1.4005,0.1567,13.2937,15.0054
174364000,1783507938.039,92.447,2.2702,1.3981,0.1682,2.6715,31.6,1.0396,1.0592,1.0776,0.8257,1.2297,1.2274,23.02,174364000,1326079103101,-1.000,23.564,nan,nan,nan,steady,2.2579,1.4051,0.1570,13.2897,15.0251
174388000,1783507938.068,92.476,2.2704,1.3985,0.1684,2.6718,31.6,1.0401,1.0597,1.0782,0.8412,1.2527,1.2504,22.12,174388000,1326079133312,-1.000,22.547,nan,nan,nan,steady,2.2646,1.4080,0.1572,13.2954,15.1132
174404000,1783507938.101,92.508,2.2716,1.3996,0.1686,2.6735,31.6,1.0418,1.0614,1.0799,0.8404,1.2514,1.2491,20.85,174404000,1326079166877,-1.000,21.272,nan,nan,nan,steady,2.2706,1.4119,0.1574,13.3033,15.1132
174428000,1783507938.131,92.539,2.2741,1.4017,0.1688,2.6767,31.6,1.0421,1.0617,1.0802,0.8402,1.2509,1.2487,19.81,174428000,1326079198368,-1.000,20.255,nan,nan,nan,steady,2.2781,1.4178,0.1575,13.2976,15.1132
174444000,1783507938.158,92.566,2.2778,1.4046,0.1691,2.6814,31.7,1.0425,1.0622,1.0805,0.8432,1.2552,1.2530,20.04,174444000,1326079225419,-1.000,20.549,nan,nan,nan,steady,2.2873,1.4248,0.1579,13.3017,15.1132
174464000,1783507938.191,92.598,2.2823,1.4078,0.1693,2.6869,31.7,1.0435,1.0631,1.0813,0.8509,1.2663,1.2642,19.68,174464000,1326079258055,-1.000,20.100,nan,nan,nan,steady,2.2961,1.4299,0.1581,13.3097,15.0294
174548000,1783507938.228,92.635,2.2844,1.4116,0.1695,2.6907,31.7,1.0433,1.0629,1.0809,0.8344,1.2415,1.2395,24.83,174548000,1326079290193,-1.000,25.262,nan,nan,nan,steady,2.2866,1.4363,0.1582,13.3060,15.0294
174564000,1783507938.255,92.662,2.2859,1.4149,0.1696,2.6937,31.8,1.0431,1.0627,1.0805,0.8537,1.2701,1.2681,19.47,174564000,1326079322251,-1.000,19.940,nan,nan,nan,steady,2.2853,1.4373,0.1580,13.3175,15.0294
174584000,1783507938.285,92.693,2.2881,1.4184,0.1698,2.6974,31.8,1.0433,1.0629,1.0805,0.8454,1.2575,1.2556,19.44,174584000,1326079353117,-1.000,19.829,nan,nan,nan,steady,2.2914,1.4410,0.1584,13.3157,15.0745
174608000,1783507938.311,92.719,2.2910,1.4218,0.1700,2.7017,31.8,1.0441,1.0638,1.0812,0.8474,1.2601,1.2582,16.52,174608000,1326079382006,-1.000,16.985,nan,nan,nan,steady,2.2973,1.4443,0.1588,13.3203,15.0745
174624000,1783507938.339,92.747,2.2946,1.4252,0.1703,2.7066,31.8,1.0451,1.0647,1.0820,0.8486,1.2617,1.2599,20.87,174624000,1326079405681,-1.000,21.286,nan,nan,nan,steady,2.3042,1.4475,0.1592,13.3250,15.0745
174644000,1783507938.374,92.782,2.2989,1.4285,0.1706,2.7119,31.9,1.0440,1.0636,1.0807,0.8455,1.2569,1.2552,23.58,174644000,1326079437955,-1.000,24.001,nan,nan,nan,steady,2.3109,1.4499,0.1596,13.3233,15.0745
174668000,1783507938.403,92.811,2.3039,1.4317,0.1709,2.7179,31.9,1.0457,1.0654,1.0824,0.8470,1.2590,1.2573,19.60,174668000,1326079470845,-1.000,20.070,nan,nan,nan,steady,2.3197,1.4533,0.1600,13.3281,15.0745
174724000,1783507938.434,92.842,2.3082,1.4353,0.1712,2.7235,31.9,1.0455,1.0652,1.0822,0.8408,1.2496,1.2479,21.37,174724000,1326079499860,-1.000,21.870,nan,nan,nan,steady,2.3199,1.4585,0.1600,13.3379,15.1037
174748000,1783507938.465,92.872,2.3125,1.4387,0.1714,2.7288,31.9,1.0454,1.0651,1.0819,0.8439,1.2540,1.2524,22.34,174748000,1326079529618,-1.000,22.818,nan,nan,nan,steady,2.3240,1.4601,0.1600,13.3429,15.1037
174764000,1783507938.499,92.907,2.3167,1.4418,0.1715,2.7341,31.9,1.0450,1.0647,1.0814,0.8394,1.2472,1.2456,22.70,174764000,1326079563683,-1.000,23.140,nan,nan,nan,steady,2.3286,1.4626,0.1599,13.3413,15.1037
174788000,1783507938.534,92.941,2.3202,1.4442,0.1716,2.7384,31.9,1.0450,1.0647,1.0812,0.8592,1.2765,1.2750,25.01,174788000,1326079595838,-1.000,25.471,nan,nan,nan,steady,2.3292,1.4625,0.1597,13.3464,14.9901
174808000,1783507938.562,92.970,2.3236,1.4461,0.1716,2.7422,31.9,1.0457,1.0654,1.0818,0.8598,1.2774,1.2759,21.14,174808000,1326079628096,-1.000,21.657,nan,nan,nan,steady,2.3324,1.4629,0.1598,13.3417,14.9901
174824000,1783507938.593,93.001,2.3262,1.4475,0.1716,2.7452,31.9,1.0439,1.0635,1.0798,0.8577,1.2742,1.2727,19.77,174824000,1326079660834,-1.000,20.210,nan,nan,nan,steady,2.3316,1.4619,0.1598,13.3500,14.9901
174908000,1783507938.631,93.039,2.3271,1.4494,0.1717,2.7469,31.9,1.0461,1.0658,1.0821,0.8576,1.2739,1.2724,22.80,174908000,1326079695339,-1.000,23.316,nan,nan,nan,steady,2.3241,1.4670,0.1601,13.3646,15.0190
174924000,1783507938.658,93.066,2.3277,1.4510,0.1717,2.7483,31.9,1.0458,1.0655,1.0818,0.8544,1.2693,1.2678,20.20,174924000,1326079725384,-1.000,20.649,nan,nan,nan,steady,2.3241,1.4665,0.1600,13.3616,15.0190
174944000,1783507938.693,93.100,2.3285,1.4522,0.1718,2.7496,32.0,1.0450,1.0646,1.0809,0.8558,1.2713,1.2698,22.92,174944000,1326079757080,-1.000,23.389,nan,nan,nan,steady,2.3259,1.4661,0.1602,13.3686,15.0190
174964000,1783507938.722,93.130,2.3288,1.4532,0.1719,2.7504,32.0,1.0450,1.0646,1.0809,0.8551,1.2704,1.2689,19.82,174964000,1326079789426,-1.000,20.346,nan,nan,nan,steady,2.3244,1.4657,0.1602,13.3644,15.0190
174984000,1783507938.749,93.156,2.3295,1.4540,0.1720,2.7514,32.0,1.0446,1.0643,1.0806,0.8532,1.2675,1.2660,19.29,174984000,1326079816442,-1.000,19.695,nan,nan,nan,steady,2.3267,1.4659,0.1605,13.3714,15.0273
175004000,1783507938.791,93.199,2.3297,1.4546,0.1721,2.7519,32.0,1.0453,1.0649,1.0813,0.8532,1.2675,1.2661,31.48,175004000,1326079847062,-1.000,32.016,nan,nan,nan,steady,2.3245,1.4655,0.1604,13.3786,15.0273
175088000,1783507938.820,93.228,2.3282,1.4561,0.1721,2.7514,32.0,1.0450,1.0647,1.0812,0.8531,1.2674,1.2660,12.92,175088000,1326079894563,-1.000,13.365,nan,nan,nan,steady,2.3147,1.4716,0.1605,13.3862,15.0320
175104000,1783507938.830,93.237,2.3269,1.4577,0.1721,2.7512,32.1,1.0448,1.0644,1.0810,0.8552,1.2705,1.2691,2.39,175104000,1326079914766,-1.000,2.813,nan,nan,nan,steady,2.3154,1.4734,0.1604,13.3922,15.0320
175124000,1783507938.872,93.279,2.3269,1.4596,0.1722,2.7522,32.1,1.0451,1.0647,1.0814,0.8525,1.2665,1.2651,19.34,175124000,1326079939508,-1.000,19.874,nan,nan,nan,steady,2.3215,1.4767,0.1605,13.3897,15.0320
175144000,1783507938.902,93.310,2.3278,1.4617,0.1722,2.7540,32.1,1.0440,1.0636,1.0804,0.8538,1.2686,1.2672,21.03,175144000,1326079968250,-1.000,21.441,nan,nan,nan,steady,2.3265,1.4795,0.1607,13.3970,15.0320
175164000,1783507938.931,93.338,2.3289,1.4636,0.1723,2.7560,32.1,1.0446,1.0642,1.0810,0.8557,1.2713,1.2699,21.71,175164000,1326079996376,-1.000,22.203,nan,nan,nan,steady,2.3280,1.4807,0.1608,13.4032,15.0320
175184000,1783507938.964,93.371,2.3298,1.4654,0.1723,2.7578,32.2,1.0443,1.0639,1.0808,0.8580,1.2748,1.2734,21.16,175184000,1326080029576,-1.000,21.566,nan,nan,nan,steady,2.3281,1.4819,0.1608,13.4007,15.0066
175284000,1783507938.999,93.407,2.3277,1.4677,0.1724,2.7571,32.2,1.0457,1.0653,1.0824,0.8540,1.2690,1.2676,22.22,175284000,1326080064364,-1.000,22.713,nan,nan,nan,steady,2.3100,1.4865,0.1609,13.4263,15.0677
175308000,1783507939.032,93.440,2.3263,1.4702,0.1724,2.7573,32.3,1.0445,1.0641,1.0813,0.8499,1.2629,1.2615,21.47,175308000,1326080098125,-1.000,21.977,nan,nan,nan,steady,2.3142,1.4893,0.1611,13.4241,15.0677
175328000,1783507939.061,93.469,2.3261,1.4728,0.1725,2.7585,32.3,1.0461,1.0657,1.0832,0.8529,1.2674,1.2660,19.40,175328000,1326080128915,-1.000,19.809,nan,nan,nan,steady,2.3193,1.4923,0.1612,13.4307,15.0677
175344000,1783507939.089,93.496,2.3263,1.4753,0.1725,2.7601,32.4,1.0453,1.0649,1.0824,0.8527,1.2673,1.2658,19.76,175344000,1326080155575,-1.000,20.703,nan,nan,nan,steady,2.3213,1.4945,0.1611,13.4385,15.0677
175368000,1783507939.119,93.527,2.3271,1.4778,0.1725,2.7621,32.4,1.0457,1.0653,1.0829,0.8522,1.2665,1.2651,19.36,175368000,1326080187308,-1.000,19.790,nan,nan,nan,steady,2.3247,1.4968,0.1611,13.4363,15.0677
175384000,1783507939.151,93.559,2.3291,1.4805,0.1726,2.7652,32.4,1.0459,1.0655,1.0832,0.8531,1.2679,1.2665,22.40,175384000,1326080216050,-1.000,22.865,nan,nan,nan,steady,2.3320,1.5003,0.1614,13.4431,15.0686
175484000,1783507939.190,93.598,2.3298,1.4838,0.1727,2.7676,32.5,1.0465,1.0661,1.0840,0.8664,1.2878,1.2863,22.87,175484000,1326080254312,-1.000,23.346,nan,nan,nan,steady,2.3258,1.5082,0.1619,13.4601,15.0186
175508000,1783507939.219,93.626,2.3303,1.4864,0.1727,2.7694,32.5,1.0449,1.0644,1.0825,0.8610,1.2799,1.2785,19.65,175508000,1326080286503,-1.000,20.061,nan,nan,nan,steady,2.3262,1.5061,0.1616,13.4591,15.0186
175524000,1783507939.246,93.654,2.3312,1.4879,0.1728,2.7709,32.5,1.0450,1.0645,1.0828,0.8632,1.2834,1.2819,20.21,175524000,1326080313290,-1.000,20.684,nan,nan,nan,steady,2.3287,1.5029,0.1618,13.4663,15.0186
175548000,1783507939.279,93.687,2.3317,1.4885,0.1728,2.7717,32.6,1.0452,1.0647,1.0832,0.8581,1.2760,1.2745,19.55,175548000,1326080346699,-1.000,20.074,nan,nan,nan,steady,2.3279,1.4988,0.1618,13.4654,15.0186
175568000,1783507939.313,93.720,2.3320,1.4881,0.1729,2.7718,32.5,1.0439,1.0634,1.0821,0.8583,1.2765,1.2750,24.03,175568000,1326080375827,-1.000,24.496,nan,nan,nan,steady,2.3271,1.4944,0.1617,13.4727,15.0186
175584000,1783507939.340,93.747,2.3318,1.4868,0.1729,2.7709,32.5,1.0446,1.0640,1.0830,0.8666,1.2890,1.2875,19.77,175584000,1326080407145,-1.000,20.192,nan,nan,nan,steady,2.3246,1.4892,0.1615,13.4801,14.9885
175688000,1783507939.388,93.795,2.3300,1.4860,0.1729,2.7689,32.5,1.0452,1.0647,1.0839,0.8729,1.2987,1.2970,30.07,175688000,1326080444980,-1.000,30.513,nan,nan,nan,steady,2.3148,1.4928,0.1618,13.5002,14.9683
175704000,1783507939.416,93.824,2.3288,1.4849,0.1729,2.7673,32.5,1.0436,1.0631,1.0825,0.8700,1.2946,1.2930,21.17,175704000,1326080482193,-1.000,21.563,nan,nan,nan,steady,2.3179,1.4893,0.1617,13.4979,14.9683
175728000,1783507939.447,93.854,2.3283,1.4833,0.1729,2.7661,32.5,1.0443,1.0638,1.0835,0.8673,1.2907,1.2891,19.28,175728000,1326080514765,-1.000,19.685,nan,nan,nan,steady,2.3208,1.4859,0.1619,13.5072,14.9683
175748000,1783507939.479,93.886,2.3284,1.4814,0.1729,2.7652,32.5,1.0438,1.0632,1.0832,0.8672,1.2907,1.2891,22.41,175748000,1326080543314,-1.000,22.835,nan,nan,nan,steady,2.3233,1.4828,0.1618,13.5149,14.9683
175768000,1783507939.507,93.914,2.3289,1.4792,0.1730,2.7644,32.4,1.0438,1.0632,1.0834,0.8663,1.2897,1.2880,20.94,175768000,1326080572884,-1.000,21.372,nan,nan,nan,steady,2.3255,1.4787,0.1621,13.5129,14.9683
175788000,1783507939.539,93.947,2.3304,1.4773,0.1731,2.7646,32.4,1.0422,1.0616,1.0820,0.8459,1.2594,1.2578,21.19,175788000,1326080605350,-1.000,21.606,nan,nan,nan,steady,2.3308,1.4779,0.1623,13.5222,15.0589
175844000,1783507939.578,93.985,2.3314,1.4766,0.1732,2.7651,32.3,1.0421,1.0615,1.0822,0.8448,1.2579,1.2563,22.24,175844000,1326080642379,-1.000,22.771,nan,nan,nan,steady,2.3293,1.4825,0.1625,13.5275,15.0589
175868000,1783507939.606,94.014,2.3335,1.4772,0.1734,2.7672,32.3,1.0424,1.0618,1.0828,0.8341,1.2421,1.2404,19.16,175868000,1326080674093,-1.000,19.654,nan,nan,nan,steady,2.3366,1.4884,0.1627,13.5356,15.1307
175884000,1783507939.638,94.045,2.3367,1.4789,0.1736,2.7709,32.3,1.0418,1.0611,1.0824,0.8381,1.2480,1.2464,24.22,175884000,1326080700398,-1.000,24.758,nan,nan,nan,steady,2.3447,1.4946,0.1629,13.5438,15.1307
175904000,1783507939.654,94.062,2.3404,1.4818,0.1738,2.7755,32.3,1.0422,1.0615,1.0829,0.8362,1.2452,1.2436,5.45,175904000,1326080736248,-1.000,5.850,nan,nan,nan,steady,2.3498,1.5023,0.1628,13.5427,15.1307
175924000,1783507939.687,94.095,2.3443,1.4859,0.1739,2.7810,32.4,1.0414,1.0607,1.0820,0.8385,1.2485,1.2469,19.86,175924000,1326080754269,-1.000,20.413,nan,nan,nan,steady,2.3550,1.5121,0.1627,13.5510,15.1307
175944000,1783507939.716,94.124,2.3490,1.4912,0.1739,2.7878,32.4,1.0414,1.0607,1.0820,0.8411,1.2521,1.2506,21.74,175944000,1326080781443,-1.000,22.261,nan,nan,nan,steady,2.3629,1.5230,0.1627,13.5593,15.1307
176024000,1783507939.751,94.158,2.3513,1.4982,0.1740,2.7935,32.5,1.0421,1.0614,1.0826,0.8248,1.2278,1.2263,19.70,176024000,1326080818069,-1.000,20.148,nan,nan,nan,steady,2.3545,1.5383,0.1628,13.5588,15.1307
176048000,1783507939.781,94.188,2.3526,1.5051,0.1739,2.7982,32.6,1.0410,1.0602,1.0814,0.8682,1.2921,1.2906,20.92,176048000,1326080846998,-1.000,21.352,nan,nan,nan,steady,2.3520,1.5447,0.1625,13.5739,15.0013
176068000,1783507939.809,94.217,2.3528,1.5112,0.1738,2.8017,32.7,1.0412,1.0605,1.0817,0.8736,1.3000,1.2985,21.35,176068000,1326080875127,-1.000,21.827,nan,nan,nan,steady,2.3471,1.5479,0.1624,13.5826,15.0013
176084000,1783507939.850,94.258,2.3519,1.5166,0.1736,2.8038,32.8,1.0418,1.0611,1.0823,0.8722,1.2980,1.2965,19.71,176084000,1326080917854,-1.000,20.177,nan,nan,nan,steady,2.3417,1.5493,0.1622,13.5818,15.0045
176104000,1783507939.884,94.292,2.3495,1.5206,0.1734,2.8040,32.9,1.0411,1.0604,1.0815,0.8751,1.3022,1.3007,24.65,176104000,1326080946853,-1.000,25.075,nan,nan,nan,steady,2.3323,1.5475,0.1618,13.5906,15.0045
176124000,1783507939.911,94.319,2.3466,1.5237,0.1733,2.8032,33.0,1.0413,1.0606,1.0817,0.8776,1.3060,1.3045,19.97,176124000,1326080978633,-1.000,20.390,nan,nan,nan,steady,2.3274,1.5461,0.1618,13.5994,15.0045
176228000,1783507939.944,94.351,2.3409,1.5263,0.1731,2.7999,33.1,1.0420,1.0613,1.0827,0.8893,1.3235,1.3220,20.88,176228000,1326081010023,-1.000,21.261,nan,nan,nan,steady,2.3085,1.5479,0.1621,13.6156,14.9601
176248000,1783507939.973,94.380,2.3348,1.5274,0.1730,2.7954,33.2,1.0431,1.0624,1.0841,0.8907,1.3259,1.3243,22.09,176248000,1326081037936,-1.000,22.536,nan,nan,nan,steady,2.3018,1.5416,0.1622,13.6249,14.9601
176264000,1783507940.004,94.411,2.3286,1.5267,0.1730,2.7898,33.3,1.0429,1.0622,1.0842,0.8861,1.3193,1.3177,19.13,176264000,1326081071646,-1.000,19.605,nan,nan,nan,steady,2.2953,1.5328,0.1621,13.6246,14.9601
176288000,1783507940.033,94.440,2.3224,1.5245,0.1729,2.7835,33.3,1.0413,1.0605,1.0829,0.8821,1.3138,1.3121,19.71,176288000,1326081100129,-1.000,20.114,nan,nan,nan,steady,2.2896,1.5239,0.1619,13.6339,14.9764
176304000,1783507940.061,94.469,2.3167,1.5211,0.1728,2.7768,33.3,1.0413,1.0604,1.0832,0.8822,1.3143,1.3126,21.28,176304000,1326081127058,-1.000,21.769,nan,nan,nan,steady,2.2860,1.5147,0.1620,13.6432,14.9764
176328000,1783507940.094,94.501,2.3118,1.5168,0.1727,2.7704,33.3,1.0417,1.0608,1.0841,0.8780,1.3083,1.3066,21.09,176328000,1326081159865,-1.000,21.620,nan,nan,nan,steady,2.2847,1.5071,0.1618,13.6428,14.9764
176428000,1783507940.132,94.539,2.3053,1.5122,0.1725,2.7625,33.3,1.0407,1.0598,1.0835,0.8915,1.3290,1.3271,22.17,176428000,1326081196842,-1.000,22.721,nan,nan,nan,steady,2.2698,1.5026,0.1619,13.6710,14.9231
176448000,1783507940.165,94.572,2.3000,1.5069,0.1723,2.7551,33.2,1.0408,1.0597,1.0841,0.8865,1.3220,1.3200,19.91,176448000,1326081231905,-1.000,20.465,nan,nan,nan,steady,2.2707,1.4939,0.1616,13.6708,14.9231
176464000,1783507940.194,94.601,2.2960,1.5011,0.1721,2.7486,33.2,1.0392,1.0580,1.0830,0.8851,1.3205,1.3185,19.58,176464000,1326081261275,-1.000,19.964,nan,nan,nan,steady,2.2733,1.4861,0.1615,13.6806,14.9231
176484000,1783507940.224,94.632,2.2941,1.4959,0.1720,2.7441,33.1,1.0382,1.0569,1.0825,0.8531,1.2733,1.2712,23.52,176484000,1326081287847,-1.000,23.944,nan,nan,nan,steady,2.2799,1.4824,0.1614,13.6805,15.0697
176504000,1783507940.257,94.664,2.2943,1.4918,0.1718,2.7420,33.0,1.0376,1.0563,1.0824,0.8463,1.2634,1.2613,21.03,176504000,1326081323001,-1.000,21.458,nan,nan,nan,steady,2.2891,1.4828,0.1614,13.6804,15.0697
176524000,1783507940.285,94.693,2.2961,1.4889,0.1717,2.7420,33.0,1.0366,1.0552,1.0817,0.8463,1.2639,1.2617,19.24,176524000,1326081353334,-1.000,19.643,nan,nan,nan,steady,2.2980,1.4858,0.1613,13.6904,15.0697
176588000,1783507940.316,94.723,2.2976,1.4880,0.1716,2.7427,32.9,1.0351,1.0535,1.0805,0.8354,1.2478,1.2456,19.74,176588000,1326081383092,-1.000,20.210,nan,nan,nan,steady,2.2979,1.4942,0.1615,13.7004,15.0697
176604000,1783507940.343,94.750,2.3001,1.4879,0.1716,2.7448,32.9,1.0336,1.0520,1.0793,0.8586,1.2827,1.2804,20.12,176604000,1326081409933,-1.000,20.537,nan,nan,nan,steady,2.3046,1.4980,0.1615,13.7107,15.0114
176628000,1783507940.378,94.786,2.3024,1.4882,0.1715,2.7469,32.9,1.0330,1.0513,1.0790,0.8566,1.2798,1.2776,23.90,176628000,1326081441440,-1.000,24.285,nan,nan,nan,steady,2.3055,1.4999,0.1612,13.7109,15.0114
176648000,1783507940.408,94.815,2.3042,1.4888,0.1714,2.7486,32.9,1.0325,1.0507,1.0786,0.8587,1.2830,1.2807,20.27,176648000,1326081474630,-1.000,20.759,nan,nan,nan,steady,2.3048,1.5010,0.1610,13.7211,15.0114
176668000,1783507940.438,94.845,2.3049,1.4894,0.1712,2.7496,32.9,1.0332,1.0514,1.0795,0.8607,1.2861,1.2838,20.79,176668000,1326081504301,-1.000,21.233,nan,nan,nan,steady,2.3005,1.5021,0.1607,13.7315,15.0114
176688000,1783507940.469,94.877,2.3055,1.4902,0.1711,2.7505,32.9,1.0327,1.0509,1.0792,0.8665,1.2948,1.2925,22.23,176688000,1326081534390,-1.000,22.630,nan,nan,nan,steady,2.3009,1.5037,0.1609,13.7319,14.9951
176708000,1783507940.500,94.908,2.3053,1.4909,0.1710,2.7507,32.9,1.0307,1.0488,1.0773,0.8643,1.2915,1.2892,21.24,176708000,1326081565935,-1.000,21.732,nan,nan,nan,steady,2.2972,1.5039,0.1608,13.7322,14.9951
176788000,1783507940.510,94.918,2.3028,1.4923,0.1710,2.7494,32.9,1.0304,1.0484,1.0773,0.8521,1.2735,1.2712,3.00,176788000,1326081594438,-1.000,3.538,nan,nan,nan,steady,2.2835,1.5080,0.1610,13.7541,15.0689
176804000,1783507940.556,94.963,2.3002,1.4939,0.1709,2.7481,33.0,1.0300,1.0480,1.0772,0.8508,1.2716,1.2693,24.09,176804000,1326081618882,-1.000,24.657,nan,nan,nan,steady,2.2809,1.5105,0.1608,13.7546,15.0689
176828000,1783507940.585,94.992,2.2985,1.4964,0.1708,2.7480,33.1,1.0296,1.0475,1.0770,0.8549,1.2779,1.2756,19.32,176828000,1326081652463,-1.000,19.760,nan,nan,nan,steady,2.2846,1.5165,0.1610,13.7654,15.0689
176844000,1783507940.613,95.020,2.2975,1.4992,0.1708,2.7487,33.1,1.0298,1.0476,1.0774,0.8557,1.2792,1.2769,20.93,176844000,1326081678898,-1.000,21.338,nan,nan,nan,steady,2.2865,1.5210,0.1608,13.7662,15.0689
176864000,1783507940.647,95.054,2.2971,1.5025,0.1707,2.7501,33.2,1.0286,1.0464,1.0764,0.8520,1.2737,1.2714,22.35,176864000,1326081711245,-1.000,22.939,nan,nan,nan,steady,2.2885,1.5263,0.1606,13.7665,15.0689
176888000,1783507940.677,95.085,2.2976,1.5064,0.1706,2.7527,33.3,1.0291,1.0468,1.0770,0.8559,1.2796,1.2773,21.21,176888000,1326081743039,-1.000,21.650,nan,nan,nan,steady,2.2933,1.5333,0.1606,13.7777,15.0745
176964000,1783507940.715,95.122,2.2962,1.5104,0.1705,2.7537,33.3,1.0291,1.0469,1.0774,0.8842,1.3220,1.3196,23.99,176964000,1326081777899,-1.000,24.458,nan,nan,nan,steady,2.2819,1.5382,0.1608,13.7914,14.9547
176988000,1783507940.748,95.156,2.2944,1.5135,0.1703,2.7539,33.4,1.0288,1.0465,1.0774,0.8820,1.3189,1.3165,21.57,176988000,1326081813563,-1.000,22.083,nan,nan,nan,steady,2.2793,1.5374,0.1606,13.7922,14.9547
177008000,1783507940.778,95.185,2.2925,1.5156,0.1701,2.7534,33.5,1.0271,1.0447,1.0759,0.8846,1.3230,1.3205,19.30,177008000,1326081845548,-1.000,19.707,nan,nan,nan,steady,2.2771,1.5350,0.1604,13.8035,14.9547
177028000,1783507940.808,95.216,2.2901,1.5164,0.1700,2.7519,33.5,1.0290,1.0466,1.0781,0.8842,1.3227,1.3202,23.47,177028000,1326081871815,-1.000,23.930,nan,nan,nan,steady,2.2726,1.5301,0.1603,13.8049,14.9547
177044000,1783507940.839,95.247,2.2878,1.5164,0.1698,2.7500,33.5,1.0264,1.0439,1.0756,0.8805,1.3174,1.3149,19.69,177044000,1326081906855,-1.000,20.127,nan,nan,nan,steady,2.2708,1.5261,0.1602,13.8058,14.9547
177068000,1783507940.868,95.276,2.2860,1.5157,0.1697,2.7481,33.5,1.0281,1.0456,1.0777,0.8836,1.3222,1.3196,19.75,177068000,1326081935794,-1.000,20.187,nan,nan,nan,steady,2.2712,1.5228,0.1601,13.8173,14.9547
177148000,1783507940.905,95.312,2.2830,1.5156,0.1697,2.7455,33.6,1.0269,1.0443,1.0768,0.8709,1.3036,1.3010,21.51,177148000,1326081970528,-1.000,22.047,nan,nan,nan,steady,2.2616,1.5253,0.1602,13.8437,15.0437
177168000,1783507940.935,95.343,2.2807,1.5153,0.1696,2.7435,33.6,1.0265,1.0438,1.0766,0.8753,1.3105,1.3078,21.00,177168000,1326082001512,-1.000,21.431,nan,nan,nan,steady,2.2634,1.5238,0.1600,13.8455,15.0119
177184000,1783507940.970,95.378,2.2799,1.5149,0.1696,2.7426,33.6,1.0271,1.0444,1.0776,0.8764,1.3123,1.3096,23.92,177184000,1326082033179,-1.000,24.638,nan,nan,nan,steady,2.2694,1.5234,0.1600,13.8474,15.0119
177208000,1783507941.000,95.407,2.2808,1.5148,0.1696,2.7433,33.6,1.0251,1.0423,1.0757,0.8745,1.3098,1.3070,19.89,177208000,1326082066828,-1.000,20.378,nan,nan,nan,steady,2.2780,1.5247,0.1602,13.8586,15.0119
177224000,1783507941.029,95.436,2.2825,1.5146,0.1696,2.7445,33.6,1.0258,1.0429,1.0766,0.8734,1.3083,1.3056,19.57,177224000,1326082096297,-1.000,19.973,nan,nan,nan,steady,2.2824,1.5235,0.1601,13.8606,15.0119
177248000,1783507941.058,95.466,2.2847,1.5143,0.1695,2.7462,33.5,1.0256,1.0427,1.0766,0.8711,1.3050,1.3022,19.88,177248000,1326082125546,-1.000,20.390,nan,nan,nan,steady,2.2868,1.5233,0.1600,13.8625,15.0119
177264000,1783507941.086,95.494,2.2890,1.5144,0.1695,2.7499,33.5,1.0268,1.0438,1.0780,0.8971,1.3442,1.3414,19.71,177264000,1326082153760,-1.000,20.126,nan,nan,nan,steady,2.2999,1.5252,0.1601,13.8919,15.0114
177368000,1783507941.115,95.523,2.2912,1.5155,0.1694,2.7523,33.5,1.0264,1.0434,1.0777,0.8648,1.2960,1.2932,19.92,177368000,1326082182724,-1.000,20.367,nan,nan,nan,steady,2.2914,1.5310,0.1599,13.9042,15.0637
177388000,1783507941.146,95.554,2.2949,1.5171,0.1694,2.7562,33.5,1.0252,1.0421,1.0765,0.8609,1.2903,1.2875,21.34,177388000,1326082212138,-1.000,21.829,nan,nan,nan,steady,2.3030,1.5342,0.1597,13.9058,15.0637
177408000,1783507941.177,95.585,2.2999,1.5191,0.1692,2.7615,33.4,1.0252,1.0420,1.0765,0.8593,1.2881,1.2853,21.44,177408000,1326082242863,-1.000,21.858,nan,nan,nan,steady,2.3149,1.5377,0.1595,13.9082,15.0637
177424000,1783507941.220,95.628,2.3059,1.5212,0.1691,2.7677,33.4,1.0253,1.0420,1.0766,0.8617,1.2918,1.2890,31.72,177424000,1326082275674,-1.000,32.155,nan,nan,nan,steady,2.3245,1.5407,0.1594,13.9208,15.0637
177444000,1783507941.249,95.656,2.3121,1.5235,0.1690,2.7741,33.4,1.0252,1.0419,1.0764,0.8587,1.2874,1.2846,18.92,177444000,1326082316874,-1.000,19.326,nan,nan,nan,steady,2.3315,1.5433,0.1592,13.9225,15.0637
177468000,1783507941.278,95.686,2.3183,1.5259,0.1689,2.7806,33.4,1.0234,1.0400,1.0744,0.8546,1.2812,1.2784,20.08,177468000,1326082345153,-1.000,20.645,nan,nan,nan,steady,2.3375,1.5461,0.1591,13.9253,15.0831
177544000,1783507941.313,95.720,2.3221,1.5292,0.1688,2.7855,33.4,1.0235,1.0401,1.0745,0.8538,1.2800,1.2772,23.20,177544000,1326082376503,-1.000,23.801,nan,nan,nan,steady,2.3295,1.5538,0.1592,13.9426,15.0831
177564000,1783507941.341,95.748,2.3253,1.5324,0.1688,2.7899,33.4,1.0224,1.0388,1.0733,0.8561,1.2834,1.2807,20.51,177564000,1326082407237,-1.000,21.309,nan,nan,nan,steady,2.3312,1.5562,0.1593,13.9554,15.0831
177588000,1783507941.359,95.766,2.3272,1.5351,0.1687,2.7930,33.4,1.0228,1.0393,1.0738,0.8615,1.2915,1.2887,5.38,177588000,1326082440224,-1.000,6.030,nan,nan,nan,steady,2.3275,1.5564,0.1591,13.9573,15.0567
177608000,1783507941.391,95.798,2.3279,1.5373,0.1686,2.7948,33.4,1.0219,1.0383,1.0729,0.8635,1.2943,1.2916,19.88,177608000,1326082457937,-1.000,20.575,nan,nan,nan,steady,2.3227,1.5567,0.1587,13.9604,15.0567
177624000,1783507941.418,95.826,2.3270,1.5391,0.1685,2.7950,33.5,1.0225,1.0388,1.0735,0.8651,1.2967,1.2940,19.71,177624000,1326082485482,-1.000,20.301,nan,nan,nan,steady,2.3152,1.5563,0.1583,13.9634,15.0567
177644000,1783507941.456,95.863,2.3249,1.5405,0.1683,2.7940,33.5,1.0213,1.0376,1.0723,0.8672,1.2998,1.2971,25.20,177644000,1326082517457,-1.000,25.864,nan,nan,nan,steady,2.3074,1.5564,0.1582,13.9754,15.0567
177728000,1783507941.489,95.896,2.3188,1.5423,0.1682,2.7899,33.6,1.0246,1.0409,1.0759,0.8597,1.2885,1.2859,19.78,177728000,1326082555740,-1.000,20.412,nan,nan,nan,steady,2.2835,1.5603,0.1580,13.9787,15.0567
177748000,1783507941.517,95.924,2.3124,1.5446,0.1681,2.7859,33.7,1.0219,1.0382,1.0734,0.8624,1.2927,1.2900,20.94,177748000,1326082583009,-1.000,21.455,nan,nan,nan,steady,2.2767,1.5643,0.1580,14.0019,15.1456
177768000,1783507941.550,95.957,2.3057,1.5476,0.1680,2.7820,33.9,1.0220,1.0382,1.0736,0.8611,1.2907,1.2880,20.95,177768000,1326082615651,-1.000,21.578,nan,nan,nan,steady,2.2686,1.5700,0.1578,14.0030,15.1456
177788000,1783507941.580,95.988,2.2987,1.5507,0.1679,2.7779,34.0,1.0213,1.0374,1.0731,0.8849,1.3263,1.3236,21.05,177788000,1326082646207,-1.000,21.546,nan,nan,nan,steady,2.2602,1.5744,0.1575,14.0166,15.0632
177808000,1783507941.610,96.018,2.2915,1.5537,0.1677,2.7736,34.1,1.0205,1.0367,1.0725,0.8891,1.3327,1.3299,22.71,177808000,1326082674647,-1.000,23.411,nan,nan,nan,steady,2.2522,1.5770,0.1574,14.0212,15.0632
177828000,1783507941.644,96.052,2.2845,1.5567,0.1677,2.7696,34.3,1.0207,1.0368,1.0729,0.8874,1.3300,1.3273,21.65,177828000,1326082709716,-1.000,22.331,nan,nan,nan,steady,2.2468,1.5803,0.1575,14.0224,15.0632
177848000,1783507941.676,96.083,2.2782,1.5597,0.1676,2.7661,34.4,1.0197,1.0358,1.0720,0.8898,1.3337,1.3310,21.28,177848000,1326082741407,-1.000,21.978,nan,nan,nan,steady,2.2432,1.5834,0.1578,14.0262,15.0632
177924000,1783507941.709,96.116,2.2697,1.5623,0.1677,2.7605,34.5,1.0203,1.0364,1.0730,0.8986,1.3471,1.3443,25.17,177924000,1326082770304,-1.000,25.854,nan,nan,nan,steady,2.2229,1.5838,0.1579,14.0613,15.0763
177944000,1783507941.738,96.146,2.2622,1.5647,0.1678,2.7557,34.7,1.0198,1.0359,1.0727,0.8976,1.3457,1.3429,17.58,177944000,1326082807565,-1.000,18.314,nan,nan,nan,steady,2.2215,1.5849,0.1580,14.0639,15.0763
177964000,1783507941.771,96.178,2.2560,1.5669,0.1678,2.7519,34.8,1.0209,1.0369,1.0741,0.9001,1.3498,1.3469,22.35,177964000,1326082835181,-1.000,22.937,nan,nan,nan,steady,2.2215,1.5868,0.1579,14.0681,15.0763
177988000,1783507941.798,96.206,2.2516,1.5696,0.1680,2.7499,34.9,1.0217,1.0377,1.0751,0.8848,1.3269,1.3241,19.98,177988000,1326082865053,-1.000,20.703,nan,nan,nan,steady,2.2251,1.5913,0.1579,14.0820,15.1683
178004000,1783507941.831,96.238,2.2492,1.5731,0.1681,2.7499,35.0,1.0226,1.0386,1.0760,0.8836,1.3251,1.3223,20.38,178004000,1326082897263,-1.000,20.923,nan,nan,nan,steady,2.2310,1.5981,0.1579,14.0847,15.1683
178028000,1783507941.862,96.270,2.2491,1.5778,0.1682,2.7525,35.1,1.0212,1.0371,1.0744,0.8834,1.3249,1.3221,21.86,178028000,1326082927171,-1.000,22.432,nan,nan,nan,steady,2.2415,1.6088,0.1581,14.0888,15.1683
178124000,1783507941.898,96.305,2.2466,1.5837,0.1684,2.7538,35.2,1.0198,1.0357,1.0729,0.8685,1.3026,1.2998,22.35,178124000,1326082962081,-1.000,23.151,nan,nan,nan,steady,2.2270,1.6203,0.1581,14.1029,15.1683
178144000,1783507941.929,96.337,2.2454,1.5900,0.1685,2.7565,35.3,1.0209,1.0368,1.0740,0.9029,1.3543,1.3514,21.42,178144000,1326082994430,-1.000,22.530,nan,nan,nan,steady,2.2324,1.6281,0.1581,14.1432,15.1454
178164000,1783507941.957,96.365,2.2451,1.5960,0.1686,2.7598,35.4,1.0215,1.0374,1.0746,0.9031,1.3545,1.3516,20.05,178164000,1326083023983,-1.000,20.699,nan,nan,nan,steady,2.2353,1.6331,0.1582,14.1475,15.1454
178188000,1783507941.989,96.396,2.2450,1.6014,0.1686,2.7628,35.5,1.0212,1.0370,1.0741,0.9134,1.3699,1.3670,19.85,178188000,1326083056161,-1.000,20.425,nan,nan,nan,steady,2.2359,1.6354,0.1580,14.1506,15.0957
178208000,1783507942.022,96.429,2.2444,1.6056,0.1686,2.7648,35.6,1.0228,1.0387,1.0756,0.9173,1.3757,1.3728,22.12,178208000,1326083086796,-1.000,22.708,nan,nan,nan,steady,2.2325,1.6341,0.1576,14.1651,15.0957
178224000,1783507942.050,96.457,2.2432,1.6085,0.1685,2.7654,35.6,1.0220,1.0378,1.0746,0.9175,1.3761,1.3731,20.05,178224000,1326083116479,-1.000,20.722,nan,nan,nan,steady,2.2285,1.6307,0.1575,14.1698,15.0957
178308000,1783507942.090,96.498,2.2386,1.6102,0.1685,2.7627,35.7,1.0223,1.0381,1.0748,0.9047,1.3569,1.3540,23.36,178308000,1326083154014,-1.000,23.925,nan,nan,nan,steady,2.2080,1.6279,0.1575,14.1730,15.0957
178328000,1783507942.121,96.529,2.2336,1.6107,0.1685,2.7589,35.8,1.0210,1.0368,1.0735,0.9182,1.3773,1.3744,21.51,178328000,1326083186905,-1.000,22.089,nan,nan,nan,steady,2.2021,1.6222,0.1573,14.2105,15.1249
178348000,1783507942.149,96.557,2.2288,1.6102,0.1684,2.7547,35.8,1.0217,1.0375,1.0742,0.9195,1.3794,1.3764,20.32,178348000,1326083215810,-1.000,20.840,nan,nan,nan,steady,2.1985,1.6170,0.1571,14.2170,15.1249
178364000,1783507942.182,96.590,2.2240,1.6088,0.1683,2.7501,35.9,1.0220,1.0377,1.0746,0.9160,1.3743,1.3713,21.31,178364000,1326083247898,-1.000,21.775,nan,nan,nan,steady,2.1939,1.6125,0.1568,14.2187,15.1249
178388000,1783507942.199,96.607,2.2189,1.6063,0.1682,2.7445,35.9,1.0220,1.0377,1.0746,0.9402,1.4109,1.4077,7.23,178388000,1326083278702,-1.000,8.154,nan,nan,nan,steady,2.1873,1.6055,0.1565,14.2354,15.0388
178404000,1783507942.233,96.640,2.2136,1.6026,0.1679,2.7380,35.9,1.0213,1.0369,1.0740,0.9385,1.4086,1.4054,23.28,178404000,1326083296585,-1.000,23.960,nan,nan,nan,steady,2.1808,1.5964,0.1561,14.2404,15.0388
178524000,1783507942.276,96.683,2.2041,1.5976,0.1677,2.7274,35.9,1.0221,1.0377,1.0752,0.9296,1.3955,1.3923,22.21,178524000,1326083340540,-1.000,22.690,nan,nan,nan,steady,2.1500,1.5852,0.1558,14.2884,15.1146
178548000,1783507942.307,96.714,2.1949,1.5917,0.1674,2.7165,35.9,1.0215,1.0370,1.0748,0.9269,1.3920,1.3887,19.77,178548000,1326083374266,-1.000,20.243,nan,nan,nan,steady,2.1446,1.5750,0.1552,14.2921,15.1146
178564000,1783507942.338,96.746,2.1868,1.5854,0.1670,2.7062,35.9,1.0221,1.0376,1.0757,0.9289,1.3954,1.3920,21.88,178564000,1326083403392,-1.000,22.350,nan,nan,nan,steady,2.1418,1.5672,0.1547,14.3076,15.1146
178584000,1783507942.366,96.773,2.1805,1.5794,0.1668,2.6975,35.9,1.0208,1.0361,1.0745,0.9133,1.3723,1.3690,20.17,178584000,1326083432469,-1.000,20.655,nan,nan,nan,steady,2.1438,1.5627,0.1547,14.3132,15.1874
178604000,1783507942.400,96.808,2.1758,1.5740,0.1666,2.6906,35.9,1.0210,1.0363,1.0749,0.9106,1.3686,1.3652,23.10,178604000,1326083464109,-1.000,23.534,nan,nan,nan,steady,2.1462,1.5603,0.1545,14.3170,15.1874
178624000,1783507942.428,96.836,2.1730,1.5698,0.1664,2.6858,35.8,1.0194,1.0347,1.0734,0.9099,1.3678,1.3643,19.28,178624000,1326083496389,-1.000,19.673,nan,nan,nan,steady,2.1518,1.5615,0.1544,14.3228,15.1874
178704000,1783507942.458,96.866,2.1686,1.5658,0.1663,2.6800,35.8,1.0189,1.0341,1.0731,0.8990,1.3517,1.3482,19.41,178704000,1326083526110,-1.000,19.880,nan,nan,nan,steady,2.1390,1.5588,0.1542,14.3402,15.1874
178724000,1783507942.489,96.897,2.1652,1.5628,0.1661,2.6754,35.8,1.0189,1.0340,1.0731,0.9061,1.3626,1.3591,19.31,178724000,1326083557025,-1.000,19.763,nan,nan,nan,steady,2.1402,1.5590,0.1540,14.3602,15.2415
178744000,1783507942.522,96.929,2.1629,1.5609,0.1660,2.6724,35.8,1.0184,1.0334,1.0726,0.9090,1.3670,1.3635,22.26,178744000,1326083586766,-1.000,22.736,nan,nan,nan,steady,2.1427,1.5625,0.1536,14.3761,15.2415
178764000,1783507942.552,96.960,2.1615,1.5603,0.1658,2.6710,35.8,1.0199,1.0349,1.0742,0.9135,1.3740,1.3704,22.86,178764000,1326083616441,-1.000,23.299,nan,nan,nan,steady,2.1454,1.5678,0.1534,14.3843,15.2415
178784000,1783507942.584,96.992,2.1614,1.5612,0.1657,2.6714,35.8,1.0179,1.0328,1.0720,0.9121,1.3718,1.3683,20.50,178784000,1326083650738,-1.000,21.031,nan,nan,nan,steady,2.1509,1.5760,0.1533,14.3862,15.2199
178804000,1783507942.613,97.021,2.1626,1.5635,0.1655,2.6737,35.9,1.0165,1.0314,1.0704,0.9157,1.3773,1.3737,19.81,178804000,1326083680676,-1.000,20.378,nan,nan,nan,steady,2.1575,1.5847,0.1534,14.3946,15.2199
178828000,1783507942.640,97.048,2.1643,1.5665,0.1655,2.6769,35.9,1.0180,1.0328,1.0718,0.9200,1.3836,1.3801,19.76,178828000,1326083707745,-1.000,20.240,nan,nan,nan,steady,2.1613,1.5905,0.1536,14.4107,15.2199
178908000,1783507942.669,97.077,2.1636,1.5700,0.1655,2.6783,36.0,1.0192,1.0340,1.0731,0.9183,1.3812,1.3777,17.90,178908000,1326083738214,-1.000,18.462,nan,nan,nan,steady,2.1478,1.5955,0.1538,14.4321,15.2426
178928000,1783507942.698,97.106,2.1629,1.5735,0.1655,2.6798,36.0,1.0187,1.0335,1.0725,0.9213,1.3856,1.3821,19.50,178928000,1326083765723,-1.000,19.983,nan,nan,nan,steady,2.1486,1.5984,0.1538,14.4387,15.2426
178944000,1783507942.727,97.134,2.1620,1.5764,0.1655,2.6808,36.1,1.0178,1.0326,1.0715,0.9253,1.3917,1.3881,21.45,178944000,1326083792377,-1.000,21.856,nan,nan,nan,steady,2.1466,1.5984,0.1536,14.4476,15.2426
178968000,1783507942.759,97.166,2.1610,1.5790,0.1656,2.6815,36.2,1.0185,1.0332,1.0720,0.9230,1.3882,1.3846,20.45,178968000,1326083825389,-1.000,21.026,nan,nan,nan,steady,2.1452,1.5995,0.1534,14.4498,15.2426
178988000,1783507942.790,97.197,2.1599,1.5811,0.1655,2.6819,36.2,1.0172,1.0318,1.0705,0.9394,1.4129,1.4093,21.47,178988000,1326083855234,-1.000,21.946,nan,nan,nan,steady,2.1442,1.6001,0.1530,14.4587,15.1741
179004000,1783507942.821,97.229,2.1593,1.5830,0.1654,2.6825,36.2,1.0181,1.0327,1.0713,0.9432,1.4186,1.4150,24.54,179004000,1326083883924,-1.000,25.034,nan,nan,nan,steady,2.1458,1.6012,0.1527,14.4752,15.1741
179084000,1783507942.859,97.267,2.1566,1.5847,0.1653,2.6813,36.3,1.0186,1.0332,1.0717,0.9334,1.4038,1.4002,19.88,179084000,1326083926683,-1.000,20.344,nan,nan,nan,steady,2.1322,1.6023,0.1525,14.4983,15.2396
179108000,1783507942.890,97.297,2.1543,1.5865,0.1652,2.6805,36.4,1.0187,1.0333,1.0716,0.9340,1.4048,1.4013,21.04,179108000,1326083955897,-1.000,21.490,nan,nan,nan,steady,2.1330,1.6041,0.1524,14.5052,15.2396
179124000,1783507942.919,97.326,2.1530,1.5885,0.1652,2.6807,36.4,1.0198,1.0343,1.0725,0.9383,1.4112,1.4076,21.71,179124000,1326083984107,-1.000,22.211,nan,nan,nan,steady,2.1366,1.6075,0.1525,14.5148,15.2396
179148000,1783507942.948,97.356,2.1524,1.5904,0.1651,2.6813,36.5,1.0190,1.0335,1.0716,0.9399,1.4137,1.4101,17.94,179148000,1326084017384,-1.000,18.331,nan,nan,nan,steady,2.1389,1.6089,0.1526,14.5316,15.2396
179168000,1783507942.977,97.385,2.1524,1.5919,0.1651,2.6822,36.5,1.0192,1.0336,1.0716,0.9366,1.4087,1.4051,19.90,179168000,1326084044669,-1.000,20.340,nan,nan,nan,steady,2.1417,1.6083,0.1522,14.5267,15.2396
179184000,1783507943.005,97.412,2.1530,1.5931,0.1650,2.6834,36.5,1.0198,1.0342,1.0721,0.9264,1.3934,1.3899,19.97,179184000,1326084071886,-1.000,20.424,nan,nan,nan,steady,2.1443,1.6072,0.1517,14.5436,15.2986
179268000,1783507943.040,97.447,2.1507,1.5935,0.1649,2.6818,36.5,1.0176,1.0319,1.0696,0.9129,1.3730,1.3696,20.24,179268000,1326084106650,-1.000,20.742,nan,nan,nan,steady,2.1289,1.6041,0.1514,14.5485,15.2986
179288000,1783507943.073,97.481,2.1482,1.5934,0.1647,2.6797,36.6,1.0189,1.0332,1.0708,0.9354,1.4068,1.4033,23.53,179288000,1326084136585,-1.000,24.050,nan,nan,nan,steady,2.1251,1.6012,0.1509,14.5783,15.2820
179304000,1783507943.100,97.507,2.1456,1.5925,0.1645,2.6771,36.6,1.0188,1.0331,1.0705,0.9384,1.4113,1.4078,19.38,179304000,1326084167331,-1.000,19.816,nan,nan,nan,steady,2.1225,1.5974,0.1505,14.5859,15.2820
179324000,1783507943.131,97.539,2.1429,1.5915,0.1642,2.6742,36.6,1.0196,1.0339,1.0713,0.9375,1.4100,1.4065,20.12,179324000,1326084198163,-1.000,20.531,nan,nan,nan,steady,2.1193,1.5955,0.1500,14.5909,15.2820
179348000,1783507943.160,97.568,2.1404,1.5908,0.1640,2.6718,36.6,1.0200,1.0342,1.0714,0.9403,1.4141,1.4106,19.64,179348000,1326084227558,-1.000,20.098,nan,nan,nan,steady,2.1180,1.5974,0.1499,14.5987,15.2820
179364000,1783507943.188,97.596,2.1380,1.5901,0.1637,2.6695,36.6,1.0196,1.0338,1.0708,0.9412,1.4155,1.4120,21.26,179364000,1326084254290,-1.000,21.696,nan,nan,nan,steady,2.1161,1.5965,0.1496,14.6064,15.2820
179388000,1783507943.223,97.631,2.1361,1.5900,0.1635,2.6679,36.7,1.0193,1.0335,1.0704,0.9293,1.3975,1.3941,23.42,179388000,1326084287068,-1.000,23.974,nan,nan,nan,steady,2.1159,1.5991,0.1496,14.6116,15.3474
179484000,1783507943.250,97.657,2.1310,1.5881,0.1632,2.6627,36.7,1.0203,1.0345,1.0715,0.9694,1.4579,1.4544,19.32,179484000,1326084317822,-1.000,19.762,nan,nan,nan,steady,2.0953,1.5881,0.1492,14.6514,15.1898
179508000,1783507943.282,97.690,2.1256,1.5842,0.1629,2.6560,36.7,1.0209,1.0350,1.0721,0.9681,1.4561,1.4525,20.66,179508000,1326084348651,-1.000,21.078,nan,nan,nan,steady,2.0892,1.5753,0.1485,14.6568,15.1898
179528000,1783507943.312,97.719,2.1203,1.5789,0.1625,2.6486,36.7,1.0213,1.0354,1.0726,0.9675,1.4555,1.4519,19.99,179528000,1326084378707,-1.000,20.519,nan,nan,nan,steady,2.0854,1.5637,0.1481,14.6650,15.1898
179548000,1783507943.338,97.746,2.1155,1.5721,0.1621,2.6407,36.6,1.0213,1.0353,1.0727,0.9660,1.4535,1.4498,19.45,179548000,1326084405902,-1.000,19.868,nan,nan,nan,steady,2.0826,1.5505,0.1475,14.6732,15.1898
179568000,1783507943.372,97.779,2.1111,1.5640,0.1617,2.6323,36.5,1.0201,1.0340,1.0716,0.9628,1.4490,1.4452,22.39,179568000,1326084436668,-1.000,22.793,nan,nan,nan,steady,2.0804,1.5366,0.1468,14.6787,15.1898
179588000,1783507943.401,97.808,2.1080,1.5565,0.1613,2.6253,36.4,1.0205,1.0344,1.0722,0.9278,1.3965,1.3929,19.46,179588000,1326084468427,-1.000,19.933,nan,nan,nan,steady,2.0828,1.5312,0.1464,14.6774,15.3609
179668000,1783507943.436,97.843,2.1047,1.5497,0.1609,2.6186,36.4,1.0196,1.0334,1.0714,0.9299,1.4000,1.3964,21.34,179668000,1326084501614,-1.000,21.750,nan,nan,nan,steady,2.0781,1.5276,0.1460,14.7085,15.3609
179684000,1783507943.470,97.877,2.1031,1.5438,0.1606,2.6138,36.3,1.0192,1.0330,1.0712,0.9303,1.4008,1.3971,22.37,179684000,1326084534477,-1.000,22.823,nan,nan,nan,steady,2.0845,1.5265,0.1456,14.7142,15.3439
179704000,1783507943.500,97.907,2.1032,1.5395,0.1602,2.6113,36.2,1.0183,1.0320,1.0702,0.9274,1.3967,1.3929,20.26,179704000,1326084566299,-1.000,21.095,nan,nan,nan,steady,2.0924,1.5295,0.1453,14.7133,15.3439
179728000,1783507943.528,97.935,2.1050,1.5368,0.1598,2.6112,36.1,1.0183,1.0319,1.0702,0.9293,1.3996,1.3958,20.95,179728000,1326084594134,-1.000,21.356,nan,nan,nan,steady,2.1015,1.5347,0.1448,14.7249,15.3439
179744000,1783507943.559,97.967,2.1079,1.5357,0.1595,2.6128,36.1,1.0184,1.0319,1.0702,0.9240,1.3918,1.3880,19.79,179744000,1326084626764,-1.000,20.270,nan,nan,nan,steady,2.1088,1.5407,0.1444,14.7278,15.3439
179764000,1783507943.590,97.998,2.1114,1.5359,0.1591,2.6158,36.0,1.0181,1.0315,1.0698,0.9335,1.4060,1.4023,21.57,179764000,1326084656076,-1.000,21.976,nan,nan,nan,steady,2.1151,1.5465,0.1443,14.7396,15.3106
179848000,1783507943.628,98.036,2.1134,1.5361,0.1588,2.6175,36.0,1.0179,1.0313,1.0696,0.9338,1.4065,1.4028,23.66,179848000,1326084691469,-1.000,24.158,nan,nan,nan,steady,2.1087,1.5462,0.1441,14.7535,15.3106
179868000,1783507943.659,98.067,2.1153,1.5361,0.1585,2.6190,36.0,1.0175,1.0309,1.0691,0.9337,1.4064,1.4026,19.73,179868000,1326084726785,-1.000,20.200,nan,nan,nan,steady,2.1104,1.5446,0.1437,14.7595,15.3106
179884000,1783507943.689,98.096,2.1171,1.5365,0.1582,2.6207,36.0,1.0170,1.0303,1.0685,0.9280,1.3979,1.3942,19.63,179884000,1326084755955,-1.000,20.185,nan,nan,nan,steady,2.1126,1.5466,0.1434,14.7687,15.3441
179904000,1783507943.717,98.125,2.1194,1.5377,0.1579,2.6232,36.0,1.0156,1.0289,1.0670,0.9265,1.3956,1.3919,21.67,179904000,1326084782923,-1.000,22.108,nan,nan,nan,steady,2.1166,1.5517,0.1435,14.7684,15.3441
179928000,1783507943.750,98.158,2.1214,1.5390,0.1576,2.6256,36.0,1.0165,1.0297,1.0678,0.9268,1.3960,1.3923,21.38,179928000,1326084815915,-1.000,21.807,nan,nan,nan,steady,2.1177,1.5531,0.1429,14.7746,15.3441
179948000,1783507943.789,98.197,2.1234,1.5408,0.1574,2.6282,36.0,1.0166,1.0298,1.0678,0.9276,1.3971,1.3935,29.57,179948000,1326084846592,-1.000,30.013,nan,nan,nan,steady,2.1193,1.5572,0.1426,14.7839,15.3441
180044000,1783507943.821,98.229,2.1220,1.5423,0.1572,2.6280,36.0,1.0164,1.0296,1.0676,0.9150,1.3782,1.3745,19.70,180044000,1326084888824,-1.000,20.144,nan,nan,nan,steady,2.1025,1.5570,0.1426,14.7869,15.3441
180068000,1783507943.850,98.257,2.1205,1.5438,0.1570,2.6276,36.1,1.0165,1.0296,1.0675,0.9310,1.4022,1.3986,19.37,180068000,1326084917699,-1.000,19.734,nan,nan,nan,steady,2.1010,1.5583,0.1424,14.8094,15.3615
180084000,1783507943.887,98.294,2.1196,1.5456,0.1568,2.6280,36.1,1.0159,1.0290,1.0669,0.9301,1.4009,1.3972,19.73,180084000,1326084953956,-1.000,20.328,nan,nan,nan,steady,2.1037,1.5614,0.1424,14.8096,15.3611
180108000,1783507943.909,98.316,2.1193,1.5475,0.1566,2.6289,36.1,1.0172,1.0302,1.0682,0.9301,1.4009,1.3972,10.19,180108000,1326084985749,-1.000,10.691,nan,nan,nan,steady,2.1056,1.5639,0.1423,14.8161,15.3611
180128000,1783507943.940,98.347,2.1197,1.5495,0.1564,2.6303,36.2,1.0158,1.0287,1.0667,0.9298,1.4004,1.3967,21.58,180128000,1326085005357,-1.000,22.057,nan,nan,nan,steady,2.1092,1.5654,0.1423,14.8165,15.3611
180144000,1783507943.969,98.377,2.1205,1.5508,0.1563,2.6317,36.2,1.0174,1.0304,1.0684,0.9303,1.4012,1.3976,22.31,180144000,1326085034133,-1.000,22.752,nan,nan,nan,steady,2.1114,1.5636,0.1422,14.8264,15.3611
180248000,1783507944.001,98.409,2.1196,1.5512,0.1561,2.6312,36.2,1.0181,1.0310,1.0692,0.9354,1.4089,1.4053,20.68,180248000,1326085067887,-1.000,21.100,nan,nan,nan,steady,2.1023,1.5597,0.1421,14.8415,15.3397
180264000,1783507944.031,98.439,2.1197,1.5507,0.1560,2.6310,36.2,1.0179,1.0308,1.0690,0.9351,1.4087,1.4050,22.44,180264000,1326085095680,-1.000,22.933,nan,nan,nan,steady,2.1076,1.5550,0.1419,14.8457,15.3397
180284000,1783507944.062,98.470,2.1209,1.5495,0.1558,2.6312,36.2,1.0172,1.0300,1.0683,0.9260,1.3949,1.3913,19.99,180284000,1326085129659,-1.000,20.414,nan,nan,nan,steady,2.1137,1.5502,0.1415,14.8492,15.3597
180308000,1783507944.093,98.501,2.1231,1.5478,0.1557,2.6320,36.1,1.0176,1.0304,1.0688,0.9233,1.3911,1.3874,21.63,180308000,1326085158929,-1.000,22.035,nan,nan,nan,steady,2.1207,1.5469,0.1414,14.8501,15.3597
180324000,1783507944.120,98.528,2.1264,1.5458,0.1555,2.6335,36.0,1.0173,1.0300,1.0685,0.9237,1.3917,1.3881,19.79,180324000,1326085187708,-1.000,20.336,nan,nan,nan,steady,2.1288,1.5430,0.1412,14.8545,15.3597
180344000,1783507944.153,98.561,2.1304,1.5434,0.1553,2.6353,35.9,1.0179,1.0306,1.0691,0.9183,1.3837,1.3801,21.35,180344000,1326085219080,-1.000,21.781,nan,nan,nan,steady,2.1357,1.5392,0.1407,14.8579,15.3597
180428000,1783507944.193,98.600,2.1340,1.5404,0.1551,2.6364,35.8,1.0184,1.0310,1.0696,0.9448,1.4238,1.4200,22.07,180428000,1326085257630,-1.000,22.585,nan,nan,nan,steady,2.1365,1.5349,0.1405,14.8720,15.2214
180448000,1783507944.223,98.630,2.1383,1.5363,0.1547,2.6375,35.7,1.0177,1.0303,1.0689,0.9414,1.4186,1.4149,23.02,180448000,1326085286895,-1.000,23.471,nan,nan,nan,steady,2.1447,1.5256,0.1400,14.8733,15.2214
180468000,1783507944.257,98.665,2.1432,1.5314,0.1545,2.6386,35.5,1.0171,1.0296,1.0683,0.9349,1.4090,1.4053,22.85,180468000,1326085321448,-1.000,23.320,nan,nan,nan,steady,2.1524,1.5168,0.1400,14.8768,15.2214
180488000,1783507944.289,98.696,2.1487,1.5257,0.1543,2.6398,35.4,1.0156,1.0280,1.0667,0.9275,1.3979,1.3942,22.28,180488000,1326085353639,-1.000,22.700,nan,nan,nan,steady,2.1603,1.5083,0.1401,14.8819,15.2416
180508000,1783507944.315,98.723,2.1549,1.5195,0.1542,2.6413,35.2,1.0162,1.0285,1.0674,0.9256,1.3952,1.3915,19.50,180508000,1326085382959,-1.000,19.912,nan,nan,nan,steady,2.1698,1.4993,0.1403,14.8833,15.2416
180524000,1783507944.347,98.754,2.1612,1.5127,0.1541,2.6425,35.0,1.0166,1.0288,1.0679,0.9195,1.3861,1.3824,19.82,180524000,1326085413947,-1.000,20.376,nan,nan,nan,steady,2.1758,1.4897,0.1403,14.8870,15.2416
180624000,1783507944.379,98.786,2.1662,1.5056,0.1542,2.6425,34.8,1.0157,1.0278,1.0672,0.9070,1.3674,1.3638,19.47,180624000,1326085446530,-1.000,19.896,nan,nan,nan,steady,2.1743,1.4809,0.1407,14.9049,15.3087
180648000,1783507944.412,98.820,2.1713,1.4989,0.1542,2.6429,34.6,1.0155,1.0275,1.0671,0.9028,1.3611,1.3575,21.57,180648000,1326085477745,-1.000,22.157,nan,nan,nan,steady,2.1808,1.4755,0.1408,14.9030,15.3087
180668000,1783507944.443,98.851,2.1764,1.4928,0.1543,2.6436,34.4,1.0145,1.0265,1.0662,0.9025,1.3607,1.3571,21.38,180668000,1326085508811,-1.000,21.841,nan,nan,nan,steady,2.1860,1.4726,0.1405,14.9142,15.3087
180684000,1783507944.472,98.880,2.1819,1.4879,0.1543,2.6454,34.3,1.0149,1.0267,1.0666,0.8979,1.3538,1.3502,22.27,180684000,1326085537304,-1.000,22.704,nan,nan,nan,steady,2.1936,1.4736,0.1404,14.9163,15.3234
180708000,1783507944.505,98.913,2.1874,1.4844,0.1543,2.6480,34.2,1.0148,1.0266,1.0665,0.8950,1.3492,1.3457,21.11,180708000,1326085571093,-1.000,21.575,nan,nan,nan,steady,2.1993,1.4761,0.1402,14.9146,15.3234
180728000,1783507944.538,98.945,2.1928,1.4821,0.1542,2.6512,34.1,1.0143,1.0260,1.0659,0.8953,1.3495,1.3461,23.45,180728000,1326085601500,-1.000,23.869,nan,nan,nan,steady,2.2035,1.4792,0.1400,14.9167,15.3234
180784000,1783507944.574,98.981,2.1961,1.4804,0.1543,2.6529,34.0,1.0152,1.0268,1.0667,0.8883,1.3387,1.3354,23.43,180784000,1326085637588,-1.000,23.968,nan,nan,nan,steady,2.1978,1.4793,0.1399,14.9281,15.3234
180804000,1783507944.600,99.008,2.1991,1.4790,0.1542,2.6547,33.9,1.0144,1.0259,1.0657,0.9066,1.3660,1.3627,19.34,180804000,1326085668249,-1.000,19.744,nan,nan,nan,steady,2.1997,1.4797,0.1397,14.9312,15.2636
180824000,1783507944.634,99.042,2.2014,1.4775,0.1540,2.6557,33.9,1.0154,1.0269,1.0666,0.9068,1.3661,1.3628,22.35,180824000,1326085698953,-1.000,22.843,nan,nan,nan,steady,2.1985,1.4775,0.1394,14.9390,15.2636
180844000,1783507944.665,99.072,2.2030,1.4760,0.1539,2.6562,33.8,1.0157,1.0271,1.0667,0.9079,1.3675,1.3643,21.02,180844000,1326085730694,-1.000,21.452,nan,nan,nan,steady,2.1971,1.4757,0.1391,14.9414,15.2636
180864000,1783507944.693,99.100,2.2046,1.4748,0.1537,2.6568,33.8,1.0164,1.0278,1.0672,0.9085,1.3682,1.3651,21.06,180864000,1326085758911,-1.000,21.465,nan,nan,nan,steady,2.1993,1.4763,0.1390,14.9439,15.2636
180888000,1783507944.726,99.133,2.2063,1.4739,0.1536,2.6577,33.7,1.0161,1.0275,1.0667,0.9092,1.3691,1.3660,21.10,180888000,1326085791564,-1.000,21.583,nan,nan,nan,steady,2.2017,1.4767,0.1392,14.9426,15.2465
180904000,1783507944.737,99.145,2.2079,1.4728,0.1536,2.6585,33.7,1.0154,1.0267,1.0658,0.9092,1.3688,1.3658,2.62,180904000,1326085821997,-1.000,3.022,nan,nan,nan,steady,2.2027,1.4747,0.1394,14.9452,15.2465
180988000,1783507944.773,99.181,2.2085,1.4713,0.1537,2.6582,33.7,1.0156,1.0269,1.0661,0.9073,1.3658,1.3628,20.27,180988000,1326085840122,-1.000,20.868,nan,nan,nan,steady,2.1987,1.4697,0.1401,14.9614,15.2795
181008000,1783507944.805,99.213,2.2089,1.4691,0.1540,2.6573,33.6,1.0167,1.0279,1.0672,0.9046,1.3616,1.3587,20.04,181008000,1326085872067,-1.000,20.678,nan,nan,nan,steady,2.1980,1.4646,0.1405,14.9603,15.2795
181024000,1783507944.836,99.243,2.2092,1.4668,0.1542,2.6563,33.6,1.0166,1.0278,1.0672,0.9064,1.3641,1.3612,21.27,181024000,1326085901655,-1.000,21.691,nan,nan,nan,steady,2.1983,1.4617,0.1404,14.9632,15.2795
181048000,1783507944.866,99.273,2.2100,1.4650,0.1544,2.6560,33.5,1.0163,1.0274,1.0668,0.9064,1.3640,1.3611,23.00,181048000,1326085929965,-1.000,23.445,nan,nan,nan,steady,2.2021,1.4621,0.1405,14.9663,15.2795
181064000,1783507944.897,99.304,2.2115,1.4637,0.1546,2.6565,33.5,1.0167,1.0278,1.0672,0.9058,1.3628,1.3601,19.34,181064000,1326085964596,-1.000,19.892,nan,nan,nan,steady,2.2063,1.4641,0.1408,14.9744,15.2795
181084000,1783507944.932,99.340,2.2136,1.4633,0.1548,2.6580,33.5,1.0181,1.0291,1.0686,0.9032,1.3587,1.3560,19.55,181084000,1326085999859,-1.000,19.961,nan,nan,nan,steady,2.2111,1.4670,0.1408,14.9776,15.3030
181168000,1783507944.960,99.368,2.2154,1.4640,0.1551,2.6600,33.5,1.0183,1.0293,1.0688,0.9104,1.3694,1.3667,19.77,181168000,1326086027579,-1.000,20.266,nan,nan,nan,steady,2.2114,1.4729,0.1410,14.9950,15.3030
181184000,1783507944.992,99.400,2.2183,1.4647,0.1552,2.6628,33.4,1.0195,1.0304,1.0698,0.9270,1.3942,1.3915,22.75,181184000,1326086056704,-1.000,23.226,nan,nan,nan,steady,2.2192,1.4742,0.1409,14.9985,15.1972
181208000,1783507945.023,99.430,2.2223,1.4652,0.1554,2.6664,33.4,1.0194,1.0303,1.0696,0.9245,1.3901,1.3875,19.99,181208000,1326086089863,-1.000,20.473,nan,nan,nan,steady,2.2280,1.4735,0.1410,14.9930,15.1972
181224000,1783507945.052,99.460,2.2270,1.4652,0.1555,2.6703,33.3,1.0206,1.0315,1.0707,0.9224,1.3868,1.3842,19.77,181224000,1326086119408,-1.000,20.392,nan,nan,nan,steady,2.2358,1.4711,0.1409,15.0014,15.1972
181248000,1783507945.082,99.489,2.2324,1.4646,0.1556,2.6745,33.3,1.0205,1.0312,1.0703,0.9207,1.3840,1.3816,19.90,181248000,1326086148758,-1.000,20.362,nan,nan,nan,steady,2.2437,1.4676,0.1408,15.0051,15.1972
181264000,1783507945.113,99.521,2.2381,1.4634,0.1556,2.6785,33.2,1.0222,1.0330,1.0719,0.9236,1.3881,1.3857,22.12,181264000,1326086178088,-1.000,22.570,nan,nan,nan,steady,2.2508,1.4632,0.1405,15.0088,15.1742
181284000,1783507945.144,99.551,2.2454,1.4621,0.1556,2.6840,33.1,1.0233,1.0340,1.0728,0.9364,1.4072,1.4048,23.63,181284000,1326086207408,-1.000,24.133,nan,nan,nan,steady,2.2652,1.4624,0.1406,15.0248,15.1742
181364000,1783507945.173,99.580,2.2522,1.4609,0.1556,2.6890,33.0,1.0234,1.0340,1.0726,0.9182,1.3797,1.3774,19.63,181364000,1326086240359,-1.000,20.077,nan,nan,nan,steady,2.2692,1.4614,0.1407,15.0288,15.1742
181388000,1783507945.205,99.612,2.2596,1.4597,0.1557,2.6946,32.9,1.0216,1.0321,1.0706,0.9098,1.3670,1.3647,19.90,181388000,1326086271820,-1.000,20.530,nan,nan,nan,steady,2.2802,1.4607,0.1409,15.0329,15.2074
181404000,1783507945.233,99.641,2.2673,1.4587,0.1558,2.7005,32.8,1.0218,1.0322,1.0706,0.9060,1.3611,1.3590,19.13,181404000,1326086301322,-1.000,19.545,nan,nan,nan,steady,2.2888,1.4598,0.1408,15.0327,15.2074
181428000,1783507945.263,99.671,2.2746,1.4573,0.1559,2.7059,32.6,1.0219,1.0323,1.0705,0.9052,1.3597,1.3576,19.28,181428000,1326086331031,-1.000,19.694,nan,nan,nan,steady,2.2944,1.4568,0.1407,15.0368,15.2074
181444000,1783507945.292,99.700,2.2811,1.4557,0.1560,2.7105,32.5,1.0215,1.0318,1.0698,0.9071,1.3622,1.3602,19.68,181444000,1326086359844,-1.000,20.195,nan,nan,nan,steady,2.2973,1.4536,0.1406,15.0410,15.2074
181468000,1783507945.321,99.729,2.2871,1.4542,0.1562,2.7147,32.4,1.0210,1.0312,1.0691,0.9048,1.3585,1.3565,19.36,181468000,1326086389034,-1.000,19.798,nan,nan,nan,steady,2.3008,1.4529,0.1406,15.0409,15.2074
181564000,1783507945.356,99.763,2.2903,1.4531,0.1563,2.7168,32.4,1.0212,1.0314,1.0692,0.8980,1.3479,1.3460,22.07,181564000,1326086420965,-1.000,22.490,nan,nan,nan,steady,2.2911,1.4536,0.1406,15.0543,15.2363
181588000,1783507945.382,99.790,2.2926,1.4520,0.1564,2.7183,32.3,1.0211,1.0313,1.0689,0.9029,1.3549,1.3531,19.03,181588000,1326086450297,-1.000,19.483,nan,nan,nan,steady,2.2907,1.4525,0.1405,15.0589,15.2109
181608000,1783507945.414,99.821,2.2936,1.4506,0.1565,2.7183,32.3,1.0227,1.0327,1.0703,0.9038,1.3559,1.3542,19.89,181608000,1326086480819,-1.000,20.288,nan,nan,nan,steady,2.2858,1.4490,0.1402,15.0679,15.2109
181628000,1783507945.447,99.855,2.2934,1.4488,0.1564,2.7172,32.3,1.0235,1.0336,1.0711,0.9073,1.3608,1.3593,24.23,181628000,1326086509961,-1.000,24.636,nan,nan,nan,steady,2.2805,1.4453,0.1399,15.0727,15.2109
181644000,1783507945.474,99.881,2.2919,1.4464,0.1564,2.7146,32.3,1.0230,1.0329,1.0703,0.9098,1.3642,1.3627,19.59,181644000,1326086541344,-1.000,20.088,nan,nan,nan,steady,2.2732,1.4401,0.1394,15.0774,15.2109
181664000,1783507945.505,99.913,2.2892,1.4439,0.1563,2.7110,32.2,1.0247,1.0346,1.0719,0.9107,1.3651,1.3637,19.74,181664000,1326086572456,-1.000,20.186,nan,nan,nan,steady,2.2656,1.4371,0.1394,15.0730,15.2109
181744000,1783507945.542,99.949,2.2842,1.4407,0.1562,2.7052,32.2,1.0247,1.0346,1.0719,0.9353,1.4016,1.4003,20.45,181744000,1326086608217,-1.000,21.065,nan,nan,nan,steady,2.2498,1.4321,0.1394,15.0929,15.1042
181764000,1783507945.568,99.976,2.2788,1.4368,0.1560,2.6984,32.2,1.0251,1.0349,1.0723,0.9374,1.4046,1.4033,19.68,181764000,1326086635893,-1.000,20.136,nan,nan,nan,steady,2.2428,1.4243,0.1392,15.0980,15.1042
181788000,1783507945.586,99.994,2.2730,1.4325,0.1560,2.6913,32.2,1.0246,1.0344,1.0717,0.9156,1.3716,1.3704,6.38,181788000,1326086666931,-1.000,6.826,nan,nan,nan,steady,2.2360,1.4179,0.1390,15.1027,15.2297
181808000,1783507945.618,100.025,2.2674,1.4287,0.1560,2.6845,32.2,1.0249,1.0346,1.0720,0.9194,1.3770,1.3759,19.75,181808000,1326086685086,-1.000,20.320,nan,nan,nan,steady,2.2318,1.4156,0.1395,15.0990,15.2297
181828000,1783507945.644,100.052,2.2623,1.4253,0.1561,2.6784,32.2,1.0254,1.0351,1.0724,0.9238,1.3833,1.3822,19.29,181828000,1326086712169,-1.000,19.735,nan,nan,nan,steady,2.2293,1.4145,0.1394,15.1090,15.2297
181844000,1783507945.680,100.088,2.2579,1.4230,0.1562,2.6735,32.2,1.0246,1.0343,1.0715,0.9213,1.3791,1.3782,24.24,181844000,1326086743130,-1.000,24.712,nan,nan,nan,steady,2.2283,1.4176,0.1394,15.1137,15.2297
181944000,1783507945.710,100.118,2.2520,1.4212,0.1566,2.6676,32.3,1.0260,1.0356,1.0729,0.9044,1.3536,1.3527,19.63,181944000,1326086777865,-1.000,20.093,nan,nan,nan,steady,2.2155,1.4176,0.1414,15.1191,15.2297
181968000,1783507945.744,100.151,2.2467,1.4199,0.1571,2.6624,32.3,1.0259,1.0355,1.0728,0.9323,1.3951,1.3942,21.70,181968000,1326086809113,-1.000,22.222,nan,nan,nan,steady,2.2124,1.4193,0.1422,15.1373,15.2053
181984000,1783507945.776,100.184,2.2423,1.4193,0.1575,2.6584,32.3,1.0263,1.0359,1.0732,0.9408,1.4075,1.4067,23.00,181984000,1326086840228,-1.000,23.521,nan,nan,nan,steady,2.2122,1.4216,0.1424,15.1430,15.1668
182004000,1783507945.804,100.212,2.2392,1.4192,0.1579,2.6558,32.4,1.0262,1.0358,1.0731,0.9443,1.4126,1.4118,21.22,182004000,1326086870432,-1.000,21.642,nan,nan,nan,steady,2.2150,1.4236,0.1425,15.1537,15.1668
182028000,1783507945.837,100.244,2.2378,1.4197,0.1583,2.6548,32.4,1.0260,1.0355,1.0728,0.9395,1.4052,1.4045,21.10,182028000,1326086902986,-1.000,21.500,nan,nan,nan,steady,2.2206,1.4273,0.1425,15.1498,15.1668
182044000,1783507945.868,100.275,2.2378,1.4207,0.1586,2.6554,32.4,1.0270,1.0365,1.0737,0.9397,1.4053,1.4047,21.43,182044000,1326086933291,-1.000,21.909,nan,nan,nan,steady,2.2273,1.4305,0.1430,15.1557,15.1668
182068000,1783507945.896,100.304,2.2395,1.4223,0.1588,2.6577,32.4,1.0273,1.0367,1.0739,0.9394,1.4047,1.4041,21.28,182068000,1326086962001,-1.000,21.694,nan,nan,nan,steady,2.2363,1.4344,0.1423,15.1617,15.1668
182128000,1783507945.928,100.336,2.2420,1.4240,0.1590,2.6607,32.4,1.0277,1.0371,1.0742,0.9576,1.4316,1.4311,20.54,182128000,1326086994818,-1.000,21.047,nan,nan,nan,steady,2.2410,1.4375,0.1424,15.1849,15.1042
182148000,1783507945.958,100.365,2.2461,1.4258,0.1594,2.6652,32.4,1.0286,1.0380,1.0750,0.9562,1.4295,1.4290,20.04,182148000,1326087024727,-1.000,20.522,nan,nan,nan,steady,2.2526,1.4395,0.1439,15.1911,15.1042
182168000,1783507945.987,100.395,2.2515,1.4279,0.1600,2.6709,32.4,1.0298,1.0391,1.0760,0.9396,1.4044,1.4040,20.26,182168000,1326087054223,-1.000,20.695,nan,nan,nan,steady,2.2641,1.4420,0.1448,15.1975,15.2018
182184000,1783507946.020,100.427,2.2585,1.4306,0.1606,2.6783,32.4,1.0298,1.0391,1.0759,0.9397,1.4045,1.4041,20.97,182184000,1326087085129,-1.000,22.134,nan,nan,nan,steady,2.2779,1.4472,0.1456,15.2002,15.2018
182204000,1783507946.051,100.458,2.2665,1.4337,0.1613,2.6868,32.3,1.0305,1.0397,1.0763,0.9344,1.3964,1.3960,21.44,182204000,1326087116464,-1.000,21.931,nan,nan,nan,steady,2.2904,1.4522,0.1461,15.2052,15.2018
182228000,1783507946.080,100.488,2.2753,1.4372,0.1618,2.6961,32.3,1.0305,1.0397,1.0760,0.9335,1.3947,1.3944,20.08,182228000,1326087147392,-1.000,20.496,nan,nan,nan,steady,2.3023,1.4573,0.1458,15.2117,15.2018
182244000,1783507946.108,100.516,2.2854,1.4423,0.1623,2.7074,32.3,1.0329,1.0421,1.0782,0.9412,1.4060,1.4057,17.32,182244000,1326087177949,-1.000,17.786,nan,nan,nan,steady,2.3177,1.4698,0.1463,15.2280,15.2507
182324000,1783507946.137,100.545,2.2949,1.4487,0.1628,2.7188,32.3,1.0328,1.0420,1.0778,0.9239,1.3799,1.3798,19.68,182324000,1326087204651,-1.000,20.125,nan,nan,nan,steady,2.3245,1.4820,0.1464,15.2349,15.2507
182344000,1783507946.166,100.573,2.3048,1.4557,0.1632,2.7309,32.3,1.0316,1.0407,1.0762,0.9228,1.3780,1.3779,19.29,182344000,1326087233672,-1.000,19.790,nan,nan,nan,steady,2.3366,1.4911,0.1459,15.2417,15.2507
182364000,1783507946.198,100.606,2.3141,1.4618,0.1633,2.7420,32.3,1.0324,1.0414,1.0766,0.9395,1.4026,1.4026,21.65,182364000,1326087263464,-1.000,22.198,nan,nan,nan,steady,2.3430,1.4935,0.1450,15.2520,15.1477
182384000,1783507946.228,100.635,2.3227,1.4669,0.1632,2.7520,32.3,1.0309,1.0399,1.0746,0.9382,1.4004,1.4004,20.19,182384000,1326087294710,-1.000,20.611,nan,nan,nan,steady,2.3478,1.4941,0.1441,15.2504,15.1477
182408000,1783507946.261,100.669,2.3301,1.4709,0.1632,2.7604,32.3,1.0315,1.0404,1.0748,0.9394,1.4019,1.4020,24.01,182408000,1326087324190,-1.000,24.415,nan,nan,nan,steady,2.3502,1.4928,0.1442,15.2574,15.1477
182484000,1783507946.300,100.707,2.3348,1.4738,0.1633,2.7659,32.3,1.0312,1.0401,1.0742,0.9316,1.3901,1.3902,19.40,182484000,1326087367374,-1.000,19.932,nan,nan,nan,steady,2.3423,1.4907,0.1450,15.2788,15.1878
182508000,1783507946.329,100.736,2.3379,1.4752,0.1633,2.7692,32.3,1.0317,1.0405,1.0744,0.9315,1.3896,1.3898,19.85,182508000,1326087396142,-1.000,20.280,nan,nan,nan,steady,2.3387,1.4844,0.1446,15.2776,15.1878
182528000,1783507946.362,100.770,2.3396,1.4753,0.1631,2.7707,32.2,1.0329,1.0417,1.0754,0.9340,1.3931,1.3934,24.21,182528000,1326087425228,-1.000,24.851,nan,nan,nan,steady,2.3351,1.4788,0.1431,15.2903,15.1878
182544000,1783507946.392,100.800,2.3404,1.4747,0.1627,2.7710,32.2,1.0342,1.0429,1.0764,0.9313,1.3889,1.3892,19.93,182544000,1326087459417,-1.000,20.455,nan,nan,nan,steady,2.3319,1.4754,0.1421,15.2956,15.2039
182564000,1783507946.421,100.829,2.3404,1.4739,0.1624,2.7705,32.2,1.0344,1.0431,1.0764,0.9329,1.3910,1.3914,19.65,182564000,1326087488723,-1.000,20.073,nan,nan,nan,steady,2.3287,1.4741,0.1417,15.2945,15.2039
182584000,1783507946.433,100.841,2.3395,1.4730,0.1619,2.7693,32.2,1.0345,1.0432,1.0763,0.9359,1.3952,1.3957,2.49,182584000,1326087517803,-1.000,2.981,nan,nan,nan,steady,2.3240,1.4729,0.1409,15.3020,15.2039
182604000,1783507946.471,100.878,2.3391,1.4728,0.1614,2.7689,32.2,1.0339,1.0426,1.0754,0.9572,1.4267,1.4272,19.63,182604000,1326087537948,-1.000,20.256,nan,nan,nan,steady,2.3259,1.4766,0.1400,15.3296,15.2018
182708000,1783507946.502,100.910,2.3370,1.4732,0.1609,2.7673,32.2,1.0356,1.0442,1.0770,0.9413,1.4029,1.4034,22.06,182708000,1326087567225,-1.000,22.505,nan,nan,nan,steady,2.3154,1.4796,0.1397,15.3374,15.2018
182728000,1783507946.534,100.942,2.3353,1.4740,0.1605,2.7662,32.3,1.0345,1.0431,1.0757,0.9391,1.3993,1.3999,21.33,182728000,1326087599922,-1.000,21.816,nan,nan,nan,steady,2.3168,1.4825,0.1399,15.3399,15.2018
182748000,1783507946.563,100.971,2.3346,1.4752,0.1603,2.7663,32.3,1.0353,1.0438,1.0764,0.9410,1.4020,1.4026,19.87,182748000,1326087630642,-1.000,20.282,nan,nan,nan,steady,2.3217,1.4855,0.1407,15.3478,15.2018
